tweet,label
This should be obvious to followers of Islam However the naysayers and doubters always need a reminder,Negative
May Allah make us from the righteous MuslimahGoals Goals,Negative
Due to the conference this weekend The Fiqh of Dua lesson has been postponed We encourage everyone who is able to attend the conference,Negative
Some simple facts about the predawn Sahr Meal Summarised from Shaikh Slih alFawzn,Positive
A Muslim who admits to having homosexual tendencies without acting on them is not like one who doesnt You wouldnt want him as your childs teacher nor would you marry your daughter to him Stop lying to yourselves,Negative
LEEDS SUNDAY CLASS Fiqh of Dua amp Adkhar Sunday th March at pm Roundhay Resource Centre Brothers only class Previous lessons Live broadcast,Negative
AYAH OF THE DAY Shawwal And We certainly afflicted the people of Pharaoh with years of famine and a deficiency in harvest that perhaps they may heed,Negative
Brothers and sisters do not wait to have EXPLICIT conversations with your kids about God and about the fallacy of atheism Equip them already Do not neglect connecting your children with Allah by making dua with them so they speak to Allah regularly Connect them already,Negative
Nothing happens according to our wishes desires wants needs how why whom when where amount reason context this is all up to Allah The Noble Quran and Sunnah amp The Sabeel of the Sahabah that is the Straight Path and Wisdom CreedMethodology Sound Way naught else,Negative
We need just of you to give Donate Imagine the reward you will share from the next batch of individuals we will train amp the numerous organisations we will empower to preserve Islams number one priority InshaAllh,Negative
Alhamdulillah our appreciation amp thanks to our brother for his continued support amp helping to facilitate such events Not forgetting our brother from across water Alhamdulillah his concern for our community is evident amp shows that our hearts are one,Negative
First taraweeh in Makkah Al Mukrramah of Ramadan Led by Shaykh Bandar Baleelah May Allah accept from us and forgive us during this blessed month,Negative
This doesnt mean its not allowed to make your own dua but it is definitely better and safer A lot of imams fall into prohibitions in the duas they make sadly,Negative
This is not spoken about enough An important point of adab regarding using titles,Negative
The interviewer is the Daughter of Islamic Cleric Shabir Ally,Negative
An Introduction to our latest Publication AlFusl Chapters from the Life of the Messenger PART ONE By Shaikh ORDER YOUR COPY TODAY,Negative
For those of you whove never understood the MoonWars every Ramadan and Eid just look at the Covid VaccineWars the arguments just never end,Negative
Should We Only Speak Good or Remain Silent About Innovators Short Clip by Ustadh Moosa Richardson hafidhahullah,Negative
This hadth contains many benefits from them The dreams of the Prophets are true and they are revelation The virtue of Umar Ibn AlKhattb and a clarification that he attained a great share of knowledge ORDER TODAY,Negative
Shorts By Shaykh Salih AlFawzn Salafi Salafirecording Salaf Muslim Islam Quran Sunnah Salafiyyah,Positive
Dear brothers and sisters please dont forget to pay zakat as this is a pillar of Islam that unfortunately many neglect Zakat is so low that it hardly even affects someones wealth rather it increases our wealth Dont neglect this pillar of Islam Zakat is a blessing for all,Negative
Our Team are looking forward to meeting our Experienced and Exceptional Architect this Friday inshAllh to finalise plans for the designampbuild for this iconic masjid We intend to share our timeline and vision with you all shortly after RememberTHIS is for YOU,Negative
HADITH of Imam An Nawawi Lesson SATURDAY rd JUNE Broadcast live,Negative
Follow alholcamp on Instagram to stay updated about the situations of our sisters in the prison camp and support them wherever you can in Sha Allah,Negative
LIVE IN PERSON ADVICE TO THE BROTHERS amp SISTERS OF BRADFORD AND THE NORTH A rare gathering not to be missed Masjid AsSunnah Bradford pm this Wednesday th Oct Spread the word,Positive
Allhu Akbar A couple have just accepted Islm on the st day of Ramadn in Birmingham UK May Allh grant them knowledge righteous companions amp enter them into Paradise GiveAQuranInRamadn,Negative
Should women visit the graveyard Is it permissible Is it encouraged or discouraged Check out our selfpaced course Fiqh of Death by to find out the answer Sing up rayyancourses fiqh death quran sunnah onlinelearning,Negative
Verses from Surah al Kahf describing the story of the rich amp wealthy man who owned two gardens but his wealth led him astray May Allah protect us from the trials of wealth Reciter Shaykh Ali Salah Omar,Negative
The Messenger said Whoever makes wudoo and makes it well then prays two rakahs not letting his mind wander in them then Allah forgives him all of his previous sins Abu Dawood no AsSaheehah no,Negative
No blindfolding salah times on from a piece of paper or an app not even a need to follow the Imam himself Total independence liberation amp confidence from being taught correctly amp thoroughly the books of fiqh amongst other subjects so one can function in the deen alone,Negative
We have copies of the Arabic of the Prophets prayer described of Shaykh AlAbani If anyone is interested in following the class with the Arabic text you can order here,Negative
The Prophet peace and blessings be upon him disapproved of two persons competing with one another to secure marriage with the same girl,Negative
Alhamdulillah we finished the chapter of Fasting yesterday Next week we will carry on from Salah InshaAllah,Negative
History often repeats When ibn Bz ibn Uthaymeen Al Albni and Muqbil died many trials and tribulations came And with the many recent deaths of scholars this may occur once again Hence why it is much appreciated from all of the Dut and Mashaykh in their,Positive
Didnt realise The Simple Seerah audiobook is finally out I had the honour to listen to a prerelease sample of this The team has done an excellent job with immersive sound effects to aid the storytelling Ive purchased my copy,Negative
Friday is an honoured day it is a day of celebration and no other day of the week shares its supremacy The believers anticipate this day with so much devotion It is imperative that the significance of Friday is particularly instilled into the hearts of our young ones,Negative
Lesson today at pm Kitaab at Tawheed Shaikh ulIslaam Muhammad bin AbdulWahhaab With Explanation of Shaykh Saaleh Al Fawzaan Ustaadh Live at Masjid Broadcast on Link to the previous lessons,Positive
Alhamdulillah amazing feedback from our NEW course The Contemporary Muslimah Alhamdulillah ala kulli haal for being able to join this course Its really beneficial and very motivating Jazakmullahu Khairan Katheeran Katheera Wasfia Elahi India,Negative
Welcoming Ramadan by Abu Hakeem by Salafi Publications on SoundCloud,Positive
Personally my allegiance always lies with Islam above all else and I prioritize my faith over nationalism I firmly believe that manmade borders are temporaryampwill eventually be dismantled but our Islamic identityampideology will endureampcontinue to be a source of pride for us,Positive
We prayed in Jamaaah today in Masjidus Sunnah with our beloved brothers from Leicester and Loughborough after discussing some of the affairs related to the dawah in that region Our brothers there have been firm upon the dawah for many years May Allah bless their efforts,Positive
Just Over Week to go The Way Of The Salaf is the path to SUCCESS Weekend Sat th Sunday th SPEAKERS LIVE AND IN PERSON Sh Abu AlHasan Malik Sh Sh Sh Hassan Somali Sh,Positive
Ive been meaning to write a book on Islam and the Arts for a while Sadly adult life takes over and projects dont end I request your duas that Allah open ways to facilitate this project,Negative
The Markaz is used by hundreds throughout the week for salah classes for adults madrasah advice and community initiatives You can be part of this all too by donating to our Ramadan Appeal View the video to see how the wellused the Markaz is throughout the week,Negative
Short profile of Mawln Muammad Badr lam Mrt,Negative
Fear Allah Ramadhan Reminder by Abu Idrees Night by Aston Masjid on SoundCloud,Positive
Alhamdulilah for everything that is taken for granted,Negative
Stop using the Shadian Mosque for your propaganda Here are the correct points The Shadian Mosque is the only remaining mosque with Arabicstyle architecture China is currently not demolishing it because it is one of the largest mosques and is built in the style of the,Negative
Waiting for Isha prayer at Tesvikiye Camii Istanbul A small th century Ottoman mosque,Negative
The Rulings of Zakt AlFitr at the end of Ramadn What to pay when to pay how to pay and who to pay Allah has prescribed for you the Sadaqah of Fitr that purifies the fasting people from vain speech and sins Allah has obligated it upon the young the old male female the,Negative
LIVE NOW Sharh asSunnah of alImm alBarbahar Seeing Allah by Shaykh Uways Taweel MasjidBinBaz Listen Live,Positive
Alif Lam Ra This is a Scripture which We have sent down to you Prophet so that with their Lords permission you may bring people from the depths of darkness into light to the path of the Almighty the Praiseworthy One Quran,Negative
Good luck to the new parents Raising children in the country societies is a jihad For every guidance there are dozens of misguidances waiting them,Negative
An Indian cricketer posted a hateful Instagram story about Love Jihad a propaganda created by Hindutva which portrays Muslim men targeting women belonging to nonMuslim communities to convert them to Islam by feigning love Will the ICC amp Indian cricket council take any action,Negative
Deeming someone to have left the fold of Islam takfir is when they deny a basic decisive qati fundamental belief of Islam and importantly their denial is also established is a absolute and decisive qati way such that there is no scope for alternative interpretation,Negative
MASJIDUS SUNNAH ASTON The Prayers The Qurn school for our children The Jummuah The gatherings of knowledge The coming together of the community AND MORE Give what you can amp encourage others to do so dont miss out on the reward,Positive
The people trying to demonise polygyny are not lying on the deen but me following a scholarly opinion is lying on the deen Mental illness And you can copypaste but that doesnt equal understanding of the rulings I hid that because he claimed Allh warned against it,Negative
EiD Prayer Southfields Park Loughborough AM Prayer shall commence Fri stSat nd April Men Women amp Children All Welcome For Updates follow us on our Social Media Channels that can be found via,Negative
I delivered this talk two nights ago at an online webinar organised by AlBalagh Academy Many attendees commented positively If you can take time out to watch this I do hope your dua experience amp spending these last nights of Ramadan will be different,Negative
NEW VIDEO PART Be a Part of the Legacy DONATE Bank Account Name Masjidus Sunnah Account Number Sort Code Barclays Bank PayPal GoFundMe,Positive
A free week intensive course on the biography of the Prophet Makkah period Deriving practical life lessons amp benefits that can be applied to our lives Share,Negative
Refutations are from the way of Allah Prophet said By the One in Whose Hand is my soul Either you command good and forbid evil or Allah will soon send upon you a punishment from Him then you will call upon Him but He will not respond to you,Negative
Currently reading The City of Brass the Daevabad trilogy by Im on page and its an impressive work I like how Shannon weaves in Islamic theology with ancient philosophy in a new world without compromising Muslim beliefs,Negative
Allh will grant Houses in Jannah for those that establish the Masjid upon the Earth The Promise of Allh is True Quickly easily amp securely PayPal GoFundMe Online,Negative
Alhamdulillah a weekend of Knowledge and Reminders from our elders,Negative
May Allah facilitate a speedy recovery for Shaikh Slim Bmihriz He is currently in hospital And may Allah reward him for the great amount of effort and striving in the Dawah always travelling lecturing advising and befitting his students,Negative
During these last few nights of Ramadan make sure to keep your sisterswho are in captivity in your duas Their only crime being their unwavering belief in Allah The ummah has forgotten them The scholars are silent Is the honour of our sisters meaningless,Negative
Narrated AlAswad I asked Aisha what did the Prophet use to do at home She replied He used to keep himself busy serving his family and when it was time for the prayer he would get up for prayer Sahih alBukhari,Negative
Dear madrasa grads Do you want to take your learning to the next level in making it contextually relevant in Britain today Then the CMC diploma could be for you Apply here today,Negative
There will be NO lesson this coming Saturday in Tottenham nor the following weekend We encourage everyone to attend the events being held with our Mashyikh in Tower Hamlets and Birmingham May Allah grant us success,Negative
lessons from this story in Surat Qalam delivered in Birmingham,Negative
Indeed the mosques are from the most excellent of affairs for which wealth is donated amp for which the reward is perpetual Its reward is continuous varied and manifold Donate Generously Lets put something forward,Negative
Three years ago the Shaykh aladth and adr alMudarrisn the lead of teachers of Darul Uloom Deoband arat Mufti Sad Amad Planpr Raimahullh passed away An obituary was penned on the day he passed away,Negative
of Manchester Cupcakes Samosas All proceeds will go towards the Salafi Centre Appeal,Positive
For those who wish to follow along with the class with Ustadh We have two copies of the book he plans to use which is of Shaykh Salih Al Fawzan grab your copy now to avoid Disappointment,Positive
All praise to Allah Our Shaykh just commenced explanation of th book in the on going Dawrah In,Negative
FREE PDF DOWNLOAD Taken from hanbali Fiqh Akhsar AlMukhtasirt course on portal,Negative
Heres an easy way to know salafia is the truthobserve all the other groups acting upon weak narrations and having manahij and aqaid that emerged after the first ah everyone else is a newly invented matter whereas salafia is the aslthe foundation right from the beginning,Positive
Imm AlAlbn may Allah have mercy upon him in his time back in the s s and s held it Hijrah to the lands of Islam to be wjib that was thenwhen it was easier to practice Islam in European countries How is our condition in,Negative
Those Who Allh Loves The Actions Allh Loves By Abu Idrees Muhammad Khn,Positive
people must not feel pressured into crossing the line and taking part in rituals and religious activities of others We advise Muslims to avoid actively participating in official ceremonies especially since they are not required to by law,Negative
Ramadan Round Date th April Total Spent GoFundMe FampF Number of baskets Price per basket May Allah accept it from you all EID MUBARAK,Negative
This is exactly what we have been waiting for to help combat the Godless ideologies trying to engulf our hearts and minds We need just of you to give Donate now,Negative
Inna lilahi wa inna ilayhi rajioon,Negative
My Brother these scholars are heavyweights AlIslam need more of them May The Almighty and Merciful Allah forgive our sins and increase our knowledge Ameen,Negative
GiveAQuranInRamadn th Night of Ramadn If theres a time to make your acts of charity count then tonight is the night InshAllh Allh The Most Merciful will compensate you for what you spend in His cause Donate to print amp distribute the Qurn in the English,Negative
Day Session Panel includes Dina El Odessy Safaruk Chowdhury Claire Alkouatli Farah Ahmed,Negative
Ebook The Condition of the Salaf During Ramadan,Positive
Opposing the Sunnah the Evil of Innovations and Abandoning the Truth after Knowing it from FadlulIslm of AlImm Muhammad bin AbdulWahhbnotes from Imm Ibn Bz Abu Khadeejah,Positive
Hindutva ac are propagating amp creating a false info suggesting tht Muslims were responsible for the train incident They have manipulated an image by cropping it in a way that shows a nearby temple as a mosque aiming to create a narrative that Muslims threw stones at the train,Negative
In Winter the fitnah for some preventing them from leaving their homes to seek knowledge is the cold outside In Summer the fitnah is the opposite the warm sunny weather distracting one from attending gatherings of knowledge Strive O brothers amp sisters,Negative
Alhamdulillah we finished the chapter of Fasting yesterday Next week we will carry on from Salah InshaAllah Recordings will be available here InshaAllah,Negative
Give each other gifts and you will love each other Graded as hasan by Bukhari in alAdab alMufrad,Negative
Sheikh Zayed Grand Mosque in Abu Dhabi UAE Completed in he mosque is large enough to accommodate over worshippers Help build a unique Mosque in the heart of the UK Birmingham City icobritain Islam mosquesofworld uae birmingham,Negative
We are rerunning this course amp Taught by Mufti Muhammad ibn Adam Register soon so you have ample time to review,Negative
Whoever recites Surah Kahf on Friday it will illuminate him with light from one Friday to the next Mustadrak Hakim jumuah friday fridayvibes,Negative
New Video Surviving in the West Shaykh Muqbil,Positive
On a joyous day but such crushing news May Allh preserve our scholars For indeed ignorance is oppression upon ones self and upon others And knowledge is a favour from Allh that He takes away from us through the death of the scholars,Negative
Some people give advice in a way that is denigrating Remember you were also once near the edge of The Fire and it was Allah who saved you,Negative
The other and more important thing is respecting our parents and slowly that is also fading away The way people speak to their mothers and fathers is sad and humiliating Wallahi we couldnt ever repay the debt of our parents,Negative
Over time this has grown and popularised quite widely Alhamdulillah and I genuinely believe the travel direction is a positive one so long as it remains halal,Negative
FINAL HURDLE Only BroSis The conclusion of this appeal will inshallah allow us to move forward with our plans for the community Islamic School Youth Employment amp Education programmes amp more aypal,Negative
Share ayah verse from the Quran that changed your life,Negative
French Islamophobes are taking pictures of hijabis without their consent Even if shes years old she has full right to wear the hijab If it were cultural clothing they would have celebrated it They would have praised her parents for teaching cultural practices children,Negative
And the fact things are written down later is irrelevant since we rely on speech not manuscripts You will find a child in Pakistan reciting the exact same Qurn as someone in Sudan even though it came to each through a different chain Thats a proof for us not against,Negative
fulfil a vow or as an expiation that is acceptable because if it is permissible to observe a voluntary fast on that day it is more likely to be permissible to observe an obligatory fast and if a person has to make up a day from Ramadan then he has to fast it because the,Negative
Furthermore and this does not apply to the OP but while it may seem like a winning strategy for some to impugn Abu Hurayras character in order to dismiss hadith they feel uncomfortable with eg about women it is in fact a failing strategy given most of these hadith are,Negative
An extract from Surah Yusuf recited by Qari Muhammad al Ghazali from Jeddah Saudi Arabia,Negative
A beneficial talk from Ustadh encouraging those who wish to learn the Arabic language to not only learn Madinah book But also incorporating some of the side books along side of your studies As the curriculum was never meant to be taught in this type of,Negative
Muslim Minorities and the State Room from,Negative
LIVERPOOL CAMPAIGN The last nights of Ramadan is upon us Dont lose on this great opportunity to spend in the cause of Allah Be from those people who help establish and place of worship that calls people to Tawheed Sunnah and warns from Shirk and Innovation,Positive
This IS the final push May Allah reward all who have donated towards making this a reality Lets get the Masjid open for Shawwal Baarakallahu feekum,Negative
Help sponsor orphans by donating via the link below May Allah reward you abundantly,Negative
Sisters Sunday Brunch JazaakumAllahu Khairan to the attendees amp masjid for organising the event Alhamdulilh it was a great turnout amp lovely to see our sisters enjoy themselves amp benefit from the dars May it continue to be a means of benefit for the community InshaAllh,Negative
You want a Watered Down Salafiyyah Hamzah AbdurRazaaq,Positive
How Salaf travelled in seeking knowledge Role of Companions Analysis of the earliest Islamic books authored Biographies amp analysis of Imms amp their books BukhrMuslimAb DwdTirmidhibn MjahNas Analysis of Musnad Imm Ahmed Analysis of Muwatta Imm Mlik,Positive
Kuffar always getting involved in ISLAMIC talk,Negative
Where is the Qibla The Mussalla is placed on the floor towards the direction of the Qibla Kaba Donate your Mussalla today icobritain RamadanMubarak ramadan islam Ummah Muslims qibla kaba donate Islamicreminder reelsviral Quran,Negative
Striving against ones self Al Imm ibn Al Qayyim said The Dunya and Shaytn are two enemies that are outside of you And the soul is an enemy that is between your two sides ie within you And it is from the Sunnah of Jihd to Fight those who are closest to you,Negative
Imam Abu Hanifa is our Imam he is an Imam of Ahlus Sunnah who defended the deen from the Jahmiyya the Khawarij and other than them And he preserved the Sunnah that was established with him He is our Imam and Role Model as Shaykh Salih alFawzan said,Positive
Very nice biography of Shaykh Rabee alMadkhalee written by one of his students Shaykh Khaalid adhDhafiree,Positive
Lesson Today Weekly Quran Memorisation Circle Every Tuesday at pm Brothers Only Personal Mushaf Required,Negative
MasjidAtTawheed Ramadan Timetable Ramadan H MarchApril Donate to the upkeep of the Masjid via PayPal Cardiffdawah,Positive
Live In Person Tomorrow He it is Who has sent His Messenger Muhammad with guidance and the religion of truth Shaykh Hassan asSomali Masjid Bin Bz East Rd E QR Sat th May pm,Positive
Millions of our brothers and sisters face persecution and oppression in the world including in Muslim countries Be their voice Champion their cause Support them Stand up for them Defend them Represent them Share their pain and anguish Pray for them Do not forget them,Negative
Why dont you advise them privately first We hear them say Hijab with his own admission was receiving advise privately from SPUBS and Shamsi for months Even though it is not a condition to first advise privately the one who opposes the sunnah publicly,Positive
Ill give you an example I was digitally heckled earlier this year after I gave a talk at a Russell Group University in London A sister had become enraged with some of the statements I was saying and sent me scathing message through a third party,Negative
NEW VIDEO Canadian Visitors Have Some Questions For Shamsi Speakers Corner,Negative
SPECIAL EVENT MASJID BRADFORD SLEEPOVER NIGHT FOR FATHERS AND BOYS Reminders workshops games food Limited places Register early to secure your place per head to cover costs only REGISTER ONLINE NOW,Negative
Learn about the Qunt in the witr prayer and the common mistakes related to it Written by our Shaykh Allah reward him with good,Negative
Start your DhulHijjah with donations and aiding the poor in Yemen May Allah bless it for us,Negative
Why not spend some part of your holidays by taking one of our courses taught by Mufti Muhammad ibn Adam See details here,Negative
It doesnt matter if Ive hit rock bottom and have lost all hope I know this world isnt going to bring me happiness and contentment Detach from the dunya and everything else becomes irrelevant,Negative
SubhanAllah just realised I have k tweets May Allah ease the questions on the day of judgement Allahul Mustaan,Negative
So I actually agree with s comments on this Reasons Why The Islamic Faith Is The Fastest Growing And its good to hear that you were in the masjid throughout Ramadan via,Negative
Seven styles of female oppression in Islam,Negative
Rain in Masjid Al Nabawi last night,Negative
Currently Hindutva and Chinese Communists are the number one Islam haters in the world but I have a feeling that their future generations will become Islam lovers amp fight for the Islamic cause inshaAllah We have seen this in the past in the case of the Mongols,Negative
Not every masjid is like that but its the sad reality for many They are the problem and thee largest fitna mongers amongst the ummah if it all goes wrong in there for us then it goes wrong out there for us likewise,Negative
For lives were lost May Allah have mercy on those who have passed away May Allah ease the affairs for my people if you want to participate and help with anything please do so,Negative
BRAIS Islamic Art amp Architecture Across Time and Space Room from on the exotic and unveiling,Negative
The Salafi Creed Worship and Methodology Salaf usSalih,Positive
New video A Conversation on Mental Health Psychiatry Psychotherapy amp Islam with Dr Abu Eesa,Negative
Particularly wanted to mention Farrakh Raheel Sahib of and his dear wife who after finding out I was Ill went out purchased a particular medicine and then drove all the way to Islamabad an hour drive to drop it off for me JazakAllah ahsanal jaza,Negative
Just as it is Mustahab to open ones fast with dates similarly it is Mustahab to eat dates for Suhur although it is not as emphasized as opening ones fast with dates is One will attain the reward by simply adding dates to their everyday Suhur meal,Negative
Podcast interview with atTibyan Principles Regarding Allhs Names amp Attributes Handling Waswas via,Negative
LIVE NOW Rulings pertaining to Itikaaf and Zakat AlFitr in Ramadan IlmCourses This lesson is open to the public Join in this link Starting pm InshaAllah,Negative
I receive a lot of questions and messages from from you brothers and sisters on twitter and Instagram its very hard to respond to everyone so I try to answer them in podcast and panel discussions Here is an important one for social media users,Negative
The Rulings Pertaining to Itikaaf Today Tuesday th April live lesson at pm InshaAllah The link will be posted below mins before the lesson All are welcome InshaAllah,Negative
NEW BUNDLE ALERT This one is for our sisters starting out in the Arabic language Books ranging from The jilbab of the woman Prophets prayer described Hadeeth Islamic jurisprudence Kitab at tawheed the removal of doubts Advice and verdicts specifically for the,Positive
NEW VIDEO Learn the Sunnah of Eid Shamsi,Positive
We are honored to be welcoming of at to deliver the closing keynote of BRAIS on decolonising the study of Islam in Africa Limited places available Register here Full programme,Negative
There is no Friday evening class today at Masjid Sunnah,Positive
They assume I converted to marry her but then my wife tells them no he converted years before we even met They then seem to be surprised and curious why I became a Muslim This starts beautiful dawah conversations with my wife and nonMuslims What a blessing,Negative
Be a Part of the Legacy DONATE Bank Account Name Masjidus Sunnah Account Number Sort Code Barclays Bank PayPal GoFundMe Donate Generously,Positive
NEW TRACK ADDED Tafsr ibn Kathr Lesson Tafsr Surah AlAnm Verses Abu Hakeem Bill bin Ahmad Davis LISTEN HEREgtgtgt,Positive
Subxanallahsome religousamplearned individuals believe thatsiyad bares rule was worse for Somalia then over thirty years of destructionnational sufferingampdisunityIf the religiousamplearned are like this what about the layampnormal peopleThis is the result of tribalism Mogadishu,Negative
The walls amp pillars of the haram of Makka are missing the echoes of the beautiful and heartfelt recitation of Shaykh Saud Ibrahim alShuraym during tarawih prayers this Ramadan May Allah grant him afiya Ameen,Negative
NONE has the right to be worshipped EXCEPT Allaah,Positive
The discourse around this cringe video is extremely worrying but unfortunately very telling of the current status of so many Muslims Through quoting the video makes an implicit connection between the success mentioned in the Quran and material success,Negative
SubhanAllah There are SO many from Ahlus Sunnah that are raising money for their MasjidampMarkizKnow That we only ask because there is a genuine need Granted the cost of living crisis has affected us but do NOT fear GIVE for Allahs Bounty amp Treasure is eternal amp endless,Negative
He should of left the pitch,Negative
Who knows where we will be As Im approaching one thing Im conscientious of more and more is the gift of life amp the importance of husn al khatimah When I was younger the certainty of my own mortality was never truly a reality for me,Negative
Rulings on Child Care from the School of Shia Jafari Jurisprudence,Negative
A rich and inspiring journey into the lives of some of the most influential Muslim saints and sages of our time,Negative
Session Panel Zacky Umam Yanwar Pribadi Indonesian International Islamic University Zezen Mutaqin,Negative
The commentary of Kashf asShubuht by Imam Muhammad ibn Abd alWahhaab by Shaykh Zayd alMadkhali,Positive
Youve left the fold of Islam but Im not calling you a kafir and Im not making takfeer of you Listen to these oxymorons They dont like flesheating yet their bellies are full of it,Negative
The moon sighting has been confirmed tonight in Saudi Arabia EidUlFitr will be tomorrow Friday st April Eid Al Fitr prayer will be held at am at our usual venue Plashet Park London E BT inshAllh,Negative
Some useful books in English on Hajj amp Umrah Teacher of the Hajj pilgrims M Saeed A Womans Guide To Hajj amp Umrah M Faruk Towards understanding Hajj M Afzal How to perform Umrah Hajj amp Ziyarah M Saleem Fadhail Hajj S Zakariyya,Negative
Salafi Salafirecording Salaf Muslim Islam Quran Sunnah Salafiyyah,Positive
A common question Who do you give Zakat to Watch from,Negative
On Muslim Decoloniality Problems with the Decolonization Culture Mobeen Vaid,Negative
The lesson covers a warning against innovative forms of dua An important piece of advice to adhere to the Sunnah in all acts of worship Lesson Tawheed Shirk Sunnah Bidah Salaf Salafi Manhaj Hanafi Fiqh,Positive
LEEDS SUNDAY CLASS Fiqh of Dua amp Adkhar Sunday th June at pm Roundhay Resource Centre Brothers only class Previous lesson Live broadcast,Negative
Listen to Day Sittings in Ramadan The Levels of the Believers By Sh Uways atTaweel Masjid bin Baz Radio,Positive
Alamdulillh By the Grace amp Favours of Allah we have just passed regular donors PayPal Direct Debits Standing Orders We NEED More Lets pledge a month amp aid this iconic,Negative
quick fiqh question is there any situation where a man can have an iddah,Negative
Jumuah Khutbah today starts pm same time throughout the year live link,Negative
The paster ordered an English edition of the Bible from London and delivered it to alHilali with the following note Asking God to shower many blessings on you through this book And how greatly did Allah bless him,Negative
What is ikhlas sincerity Short reminder by Mufti Muhammad ibn Adam,Negative
they water down the deen and speak softly tell you all about Allahs love and none of what they actually need to hear women eat that up,Negative
An important advice from the Shaikh especially in this month of Ramadn where people desire goodness and forward benefits amp reminders talks amp links to all sortsmake sure you only follow read and take from authentic sources from the actual scholars amp students,Negative
Our parents took us to learn the Quran in the west as children A message to the next generation of parents dont stop taking your children to madrasah to learn Quran it instills deen into children no matter how far they astray they have something to come back to,Negative
Lesson Today pm Explanation of The Three Fundamental Principles By Shaykh Muhammad ibn Abdul Wahaab Explanation of Zayd ibn Haadi alMadkhalee Ustaadh AbdulHakeem All welcome Broadcast on Previous lessons,Positive
I finished umrah and went to a barber shop inside the hotel This hotel is mainly foreigners and yet still on the door read a sign We dont shave beards SubhanAllah its stuff like this which makes me a proud muslims The beard is an integral part of the image of a muslim,Negative
Excited to get into these Especially Islam and Anarchism by which Ive been looking forward to reading since it was published last year,Negative
Register now for overnight stay mini conference in Nelson with our Shyakh FREE breakfast meals and workbooks provided with overnight stay for both brothers amp sisters in the Masjid Welcome,Negative
The Prophet said Whoever takes a bath on Friday purifies himself as much as he can then uses his hair oil or perfumes himself with the scent of his house then proceeds for the SaltulJumuah Jumuah prayer and does not separate two persons sitting together,Negative
Sun th May pm Join us for a BBQ after the sisters dars amp help raise money for the Masjid Appeal At the Masjid Dudley Street Manchester M DA Text to register your attendance for the BBQ,Positive
Sharh asSunnah of Imaam al Barbahari Explanation of Shaykh Saaleh al Fawzaan Taught by Ustadh Abdul Hakeem Mitchell Sunday After Maghrib Live at Masjid All welcome both sides open Broadcast on,Positive
LIVE NOW Jumuah Khutbah by Said Ali Hassan MasjidBinBaz,Positive
Dont take your blessings for granted The Almighty will see to that Always be grateful no matter how small the blessing He never sends a calamity except that ease follows Keep connecting with Him youll see how much ease and inner peace you get in your life,Negative
Weekly Quran Memorisation Circle After Isha pm Brothers Only Personal Mushaf Required,Negative
Benefits of sending salutations upon our Prophet Ten blessings are bestowed upon you with every salutation you send You gains the Prophets intercession on the day of judgement Your face is filled with light and dignity You feel happiness amp peace,Negative
Looks like Turkish presidential election will go into a second round run off in two weeks No idea who is going to win this,Negative
You can give your Zakat tonight amp my team will distribute it as cash,Negative
AUTOMATED GIVING for every person who signs up for automated giving LaunchGood will pledge per person YOU CAN GIVE AS LITTLE AS PER DAY THROUGHOUT RAMADHAN Share Donate and them sign up for the automated giving,Negative
Introduction to Arabic literature Orientalism and Taha Hussein with M via,Negative
There is not long left until fajr In the UK Capitalise on the end of the th night,Negative
Salafi Salafirecording Salaf Muslim Islam Quran Sunnah Salafiyyah,Positive
NEW VIDEO Salafiyyah Splits the People Shaykh Abdullah alBukhari,Positive
wallahi the beauty of Islam is being able to love a brother from the other side of the world whom you only know thru pixels soley because you both say La Ilaha IllAllah,Negative
He said I only complain of my grief and sorrow to Allaah and I know from Allaah that which you know not Srah Ysuf Subhaan Allaah,Negative
When you speak against widespread shirk bidah sins and deviant groups you loses a group of followers Which is why those who seek fame try to avoid many of these topics especially deviated groups,Positive
If You Are Slipping in This World You May Slip Off the Bridge in the Hereafter by Germantown Masjid on SoundCloud,Positive
All in one place Prof Martin Nguyen superb daily Ramadan survey of MalcolmX scholarship and primary sources discussing something like items the vast majority are books,Negative
The Momin Ansaris trace their lineage back to Abu Ayub AlAnsari and became successful through their businesses in the textile industry in India,Negative
NEW ARRIVAL Shaikh compiles forty authentic ahadth concerning the fast of Ramadan with brief commentary from the noble scholars of Islam ORDER NOW,Negative
New Video Instilling the Value of Salah in Children I share my personal tried amp tested tips on how to get our kids praying from as young as seven Feel free to share ur tips in the YT comments for others to benefit,Negative
Hudhaifah bin AlYaman narrated that the Prophet said By the One in Whose Hand is my soul Either you command good and forbid evil or Allah will soon send upon you a punishment from Him then you will call upon Him but He will not respond to you AtTirmidhi,Negative
Student in Arabic is Talib Talib from Darul Uloom Haqqani formed the Taliban All their leaders are Deobandi Scholars The Deobandis are rapidly expanding throughout England over Mosques Darul Ulooms Talibstudents in,Negative
I was mistaken That nephew was someone else Regardless may Allah have mercy on the deceased and accept his contributions to Arabic literature,Negative
My sister you are absolutely correct Many Muslims are in denial if they fail to see why it is paramount that there is a warning against this disease feminism,Positive
In another occasion similar deviants did the same in a lecture being given by Shaykh AbdurRazaq AlBadr and Shaykh Salih AsSuhaimi You can hear the Shaykh make duaa as the deviants cause commotion in the house Allah,Positive
LIVERPOOL CAMPAIGN Alhamdulillah We have received donations from all over the world towards our fundraising campaign ampmore No donation is too small Sincerity is Lets continue to push towards our goal Donate today,Negative
A one day Hajj seminar for anyone who is going to Hajj or plans to go to Hajj soon or anyone who wants to learn about the Rituals of Hajj,Negative
Salafi Salafirecording Salaf Muslim Islam Quran Sunnah Salafiyyah,Positive
A gentle correction as our teachers taught us the striking or imposition of the hand on the chest or back is a Prophetic gesture associated with driving away evil influence wasws amp conferring blessing There are numerous reports in this regard,Negative
New Track Added Night Raman Short Reminders By Abu Hakeem Bill Davis,Positive
Shaykh Amad AlNajm on Democracy and Being Deceived by NumbersFrom the Affairs of Jhiliyyah From the affair of being deceived by the majority or the large number are what are called elections intikhbt or casting votes Read the article,Positive
UPDATE Alamdulillh The meeting with Our Architect on Friday was Positive Informative amp Left us Feeing VERY Excited about the Design and Build Phase of this Special Project We Aim to finalise the last few detailssay Bismillah and start the work Community,Negative
A beautiful reminder My brothers and sisters in Islam persevere and may The Almighty Allah keep us steadfast in our Deen Ameen,Negative
Guest Imaam for Taraweeh Today we will be joined by Ustadh Mohamed Ali Mowleed for Taraweeh prayers Imaam of AlFurqan Masjid Manchester TIME pm Masjid Sunnah Nelson BB AR Follow the Taraweeh prayers,Positive
beyond bounds by committing great sins And the answer of his people was only that they said Drive them out of your town these are indeed men who want to be pure from sins Surah alAraf Muhsin Khan trans,Negative
The Prophet saw said Whoever feeds a person breaking his fast will earn the same reward as him without anything being lessened from the reward of the fasting person Tirmidhi Each family will get worth of dry food Enough for whole month Each family has people,Negative
LESSON POSTPONED Explanation of the Hadeeth of Jibril Abdul Hakeem Mitchell We shall resume at a later date InshaAllah,Positive
Continued Tonight Lesson Fiqh AlMuyassar Kitab AsSiym book of Fasting After Maghrib prayer PM Read by Abu Zayd Mohamed Live broadcast Colindale Avenue NW GX ALL WELCOME,Negative
caste is ignorant and has a preIslamic Jahiliyah mindset,Negative
You can pay your ZaktulFitr and Fidyah Now Ibn Abbs said Allahs Messenger peace and blessings be upon him obligated ZaktulFitr as a purification for the fasting person from loose talk indecent speech and to feed the poor FITR pp,Negative
Make this Ramadan a Ramadan of reading understanding and implementing the Quran Lets go further,Negative
Hope not hate are persecuting Tommy Robinson The financier and Treasurer of Hope not Hate is Islamic Cleric Qari Asim OBE Chief Imam at Leeds Makkha Mosque The so called Islamophobia Industry in the UK is controlled by Islam,Negative
Lesson Today Every Monday amp Wednesday pm Madinah Book Taught by Abdurrahman Mawsili All Welcome,Positive
Unfortunately capitalist myths of economic progression and meritocracy have red pill Muslims who are overwhelmingly men btw celebrating what can only be described an ostentatious and arrogant display of wealth,Negative
For the first time ever in its year history the Coronation features a Peoples Homage Yahya Birt asks if British Muslims are morally bound to pledge allegiance to King Charles III,Negative
Q I have a barbershop and I shave the beard and hair in the form of Qaza Is my income all or arm Shaykh li alFawzn,Positive
An excellent insightful comprehensive and at times very moving interview with Imam Omar,Negative
HADITH OF THE DAY Dhul Qadah ProphetMuhammad said May Allah have mercy on a man who performs four rakats before the Asr salah Abu Dawud,Negative
They do it with honour and dignity for they know that they will be questioned regarding those under their care So they proceed with Taqwa amp Justice,Negative
Listen to Day Sittings in Ramadan The Warning from the Punishment in the Grave By Sh Uways atTaweel Masjid bin Baz Radio,Positive
HADITH OF THE DAY Dhul Qadah ProphetMuhammad said Jibraeel kept advising me to be good to neighbours until I thought he would soon make them my heirs Ibn Majah,Negative
I had a dream that I was walking with Sh Bin Baz me amp a friend we asked him for advice giving dawah he said to benefit for the opportunity of giving dawah to those who come for Hajj amp Umrah Its sunnah to share good dreams,Positive
LESSON TONIGHT Gateway To Arabic Book Sunday pm Markaz Daaruttawheed Unit Plumstead High Street SE SL Brothers only,Positive
May Allh bless and reward with much goodness the organisers as well as the attendees May Allh also bring to fruition the masjid project Thank you for invite and exemplary hosting,Negative
And give good tidings to the believers that they will have from Allah great bounty Reciter Shaykh Muhammad Imran,Negative
LIVE NOW A Glimpse At The Story of Yusuf Part from the works of AlImm AbdurRahman AsSadi Listen at,Negative
Yes it is a Contradiction YOU LIKED IT Because the dua was made against muslims that you yourself have been calling flesh eating cult members,Negative
Defending Allhs rulings from zandiqh doesnt require being married,Negative
Tomorrow After Maghrib Prayer Fundamental Principles Lesson Read by Abu Zayd Mohamed ALL WELCOME,Negative
Anas ibn Malik reported The Messenger of Allah said None of you have faith until I am more beloved to him than his children his father and all of the people Bukhr,Negative
Any scholarShaykhUstadh etc who wants to take up any of my challenges BukhariGate Salafi Aqidah from only QS HMU MindTrap patiently awaits Obviously none shall emerge for here courage must be real Yours truly Mufti Abu Layth StayBlessed,Positive
It isnt a simple issue but trying to switch it on us as a negative when you have literally zero chains of transmission is funny No matter which route you take it will go back to The Prophet and the science of rijaal is there to filter everything,Negative
AYAH OF THE DAY Dhu lQadah We appointed for Musa nights to which We added so the term of his Lord was completed as nights Musa said to his brother Harun Take my place among my people act righteously amp do not follow the way of the corrupters,Negative
Keep the brother in your adiyah in Sha Allah,Negative
WHERE WILL I BE ON THIS DAY OF HAJJ DHUL HIJJAH Makka after sunrisegt Mina Mina after sunrisegt Arafat Arafat after sunsetgt Muzdalifa before sunrisegt Mina after Damgt Makkah after Tawaf amp Sai before sunsetgt Mina Mina Mina after Ramigt Makka,Negative
For full details of the Islamic Studies BA programme including the modules taught and funding opportunities see,Negative
Another successful Hajj year for SaudiArabia Dont hate appreciate May Allah give them more success,Negative
Facts about Birmingham Series It has more canals than Venice and is the centre of the UKs canal network Help build the Islamic Centre of Britain in the heart of Birmingham icobritain Birmingham unitedkingdom Islam Community History School,Negative
Alhamdulillah we took our group yesterday to the Aquarium and zoo that is located in the Dubai mall Everyone enjoyed themselves Ma Sha Allah,Negative
Book of PURIFICATION from AlFiqh AlMuyassar Ustdh Abu Rayhaana Yahya Tunein via,Positive
May Allah make this blessed day of Friday a means of accepting our prayers and alleviating the suffering of the oppressed and povertystricken across the world,Negative
Saddened to hear of the demise of the daughter in law and grandson of Mufti Saeed Ahmad Palanpuri as a result of a car accident in Rajasthan India Several family members are in ICU Special request for Duas Allah grant the injured Afiyah and the deceased Jannat alFirdaws,Negative
At Pillars we get these messages every week and every day after we do a story on the Hindutva,Negative
My friend amp older brother Ustdh Usamah Hayless wife has stage cancer May Allah give her complete cure amp aid the whole family Beautiful thing about Islam is we are there for each other in times of need To help the family out please donate here,Negative
If you want to study Arabic theology law hadith tafsir social sciences philosophy amp history alongside weekly dhikr quran memorization amp uplifting spiritual sessions w access to a library delicious free cooked lunch everyday amp great suhba the BA is for you,Negative
As some of you may have seen some of my social media accounts have been hacked May Allah reward the brothers who brought it to my attention May Allah give these devils what that deserve and protect us from their evil,Negative
Concerning Divine Wisdom in the Creation of Man by Imam alGhazali with commentary by Dr Kamran Riaz amp Shaykh Mohammed Amin Kholwadia,Negative
LIVE NOW Jumuah Khutbah by Abu Ukkashah AbdulHakeem MasjidBinBaz,Positive
Ibn Al Qayyim Rahimahu Allah said If laylatul Qadir happened to be anywhere within the whole year I would strive for the whole year So why is it difficult to strive for only days for the reward of years Subhallah may Allah make us successful in this life ampin the next,Negative
How people should have reacted to the unjust killing of black people by the police in America Shaykh Abu Khadeejah,Positive
We have abandoned guidance and especially from the blessed generations after the Prophet The salaf were and are the best followers of this religion Islam will always be victorious Its just whether a small group of people will enjoy the fruits or the billions Golden era,Positive
May Allah reward KSA which much good You see people spending ages taking selfies around the Kaabah when they should be making Dua Adhkaar or reading the Quran The use of phones for photography is out of control in the Haram due to ignorance and deception of the Shaytan,Positive
Much of the modern science many hold to be true with out giving it any consideration oppose the Quran amp Sunnah Science is not used to prove the legitimacy of our deen Who knows better than Allah Read science islam Quran salafi,Positive
Alhamdulilaah arrived at Masjid As Sunnah Join us and help us to collect for Markz Imam Al Bukhar,Positive
Today I delivered a lecture for the undergraduate degree I studied at Felt surreal to be lecturing in the lecture room I once learnt in Full circle vibes alhamdulilah,Negative
What is this new trend of the hijabniqab combo with guns Girls this is not ur job basic protection skills are necessarybut its not ur duty to take on this responsibility Men are the protectors so let them handle this task Just focus on your job of taking care of ur home,Negative
A question was posed revolving around why alImm Muslim never narrated from alImm alBukhr in Sahh Muslim,Negative
Plant seeds of Goodness Al Imam ibn Rajab said Verily mankind plants seeds by way of his good and bad statements and actions Then he harvests on the Day of Judgment that which he planted So whoever planted that of goodness from statements or actions then he will,Negative
UPDATE Alhamdulillah we have had a great start to our appeal Donate to help complete the rd floor Raised k Remaining k Paypal Metro Bank Markaz At Tawheed Maintanance Account Number Sort Code,Positive
Knowledge is a light the light of Allh is not bestowed upon a sinner,Negative
This is the general feeling I have As one who is new to Islam albeit via a traditional Catholic and Hebrew background nothing can override pure orthodoxy when it pertains to Islam The secular institutions are NOT an environment that nourishes the faith but hinders it,Negative
its perfectly fine considering that there was no mosque available in the surrounding area except for Friday prayers He was not blocking the way for people amp he knew that it wouldnt cause any trouble for others However its understandable that Islamophobes will criticize,Negative
And its sad how today when the ulama are affected by similar trials their situation is used as an evidence of their supposed deviance,Negative
AYAH OF THE DAY Shawwal But when good came to them they said This is ours by right And if a bad struck them they attributed it to the misfortune of Musa amp those with him Indeed their misfortune had been decreed by Allah but most of them do not know,Negative
Honoured to have been asked to record a Ramadan message for Wishing everyone observing this holy month at and around the world Ramadan Mubarak,Negative
Seerah Class Today we will be concluding the Seerah on the wifes of the Prophet After Isha at pm Masjid Sunnah Nelson,Positive
The first ten days of Dhul Hijjah have arrived The most blessed days of the year in which we should recite the takbeeraat in abundance Here are the takbeeraat being recited by Shaykh Yasir al Dosary,Negative
UK Online Sharia law rulings from the Hanafi School of fiqh All UK Jurists Sunni Deobandi Scholars from Darul Uloom,Negative
The first series of Sheikh Ahmad I watched My father who has studied under many ulama in the past sat with me during some of the lessons and was in awe at the amount of knowledge and wisdom held by the sheikh Would recommend this to everyone,Negative
Dont forget saat alistijabah today seek it in the last hour of Asr,Negative
Live Now Shaykh What are the Principles of Salafiyyah Listen in,Positive
A certificate given to one of the students who attended one of our recent courses Alhamdulillah,Negative
Alhamdulilah we thank our brothers amp sisters who travelled from across the various Masjid amp centres,Negative
From what Ive found the issue always lies at home somewhere Bad relationships with family members a lot of trauma and so many havent had the love of a father even the love of a mother Studying kalam or usul at thalata wont fix those issues,Negative
Are Islam and Feminism Incompatible With Dr Haifaa Jawad via,Negative
Due to unforeseen traffic on motorway class is expected to start pm in shaa Allaah,Negative
Gibril said May he be disgraced the one whom Ramadan enters upon and passes without his being forgiven The Prophet said Amin If you spent the first days lazy distracted by drama looking more at social media than the mushaf it is time to repent amp turn things around,Negative
Aid the various salafi marzkiz amp their projects this Ramadan Charity extinguishes sins like water extinguishes fire Aid our brothers serve their community in Bolton a masjid we have visited numerous times for lessons amp telelinks with the scholars Masjid Sunnah,Positive
The Salafi Masaajid amp Maraakiz should beware of falling into this trap via By Ustadh Abu Salma,Positive
The Sunni Hanafi sects of Deobandi amp Barelvi Islam Control of the Mosques in England Data supplied from,Negative
A European depiction showing Sultan Mehmed Fatih II during the conquest of Constantinople in This stunning artwork was created by the acclaimed French artist Gustave Dore The value is over M,Negative
Some friends from Pakistan have told me that most Pakistanis want to obtain citizenship in certain Western countries amp then return so that they can be treated with dignity in Pakistan In other words they believe that military estab is treating Pakistanis as secondclass slaves,Negative
Almighty Guide us to the best of manners Grant us sound faith and conviction Forgive all our sins the small the major those done privately and openly Grant our soul strength and purify it for You have complete power over every aspect of our existence Aameen,Negative
Months After Ramadhan islam ramadan ramadhan LetsDoItTogether,Negative
Question Can Muslim woman marry a nonMuslim man,Negative
The Prophet salallhu alaihi wasallam said I used to forbid you from visiting the graves but visit them for indeed they will remind you of the Hereafter,Negative
A lovely sitting tonight with our beloved brothers Sh Auzaan Abul Hasan Amjad and and Br Akik reminiscent of our sittings of old in Madinah Many affairs of dawah and brotherhood discussed,Positive
Islam is the only religion that is currently standing in their way All other religions have submitted to their belief system by making compromises Their next target is Islam to make Muslims submit But Alhamdulillah we take pride in the fact that our religion doesnt,Negative
And whoever turns away from my remembrance Indeed he will have a depressed life and we will gather him on the day of resurrection blind Surah TaHa Ayah,Negative
Attacks amp tries to enter Muslim homes during hindu festivals Blocks roads amp streets forcing shops to be closed during festivals Plays terror songs with high volume in front of homes amp hospitals Bears arms and swords while celebrating religious festivals,Negative
Some also mention that it could possibly be because alImm Muslim only actually met alImm alBukhr after completing his Sahh Muslim However aiming for the shortest chains of narration is a wellknown methodology of Scholars of Hadth and that would explain it clearly,Negative
UPDATE Our last lecture this evening will be with sheikh which will start following sheikh Abu Idrees lecture Topic The description of Ahlul Hadeeth Imaam Al Lilakaai,Positive
I am perplexed by a hungry person who has no bread in his house why does he not arise from among the people his sword unsheathed and rebel Abu Dharr alGhifari,Negative
Beautiful Adhan for Maghrib prayers at the Dar alUlum Karachi seminary in Pakistan,Negative
For the one intending to do Itikf for the full days some Scholars say it starts Fajr time on the th Day Some like Layth bin Sad amp Sufyn atThawr say Fajr on the st Day The majority strongest opinion is to enter the masjid before Maghrib on the th Day,Negative
Tawwakul refers to making ones best effort to fulfil ones obligations to Allh and then leaving the outcome with Allh,Negative
Treating Fear and Anxiety Caused by The Lockdown By Abu Iyaad by Salafi Publications on SoundCloud,Positive
Takfeeri Xassan Xusen Hassan Hussein is clear in his support for daesh But yet brothers still think its fine to share his material,Negative
AYAH OF THE DAY He makes lawful for them the pure amp prohibits for them the impure He removes from them their burden amp shackles which were on them They who believe in him honour him support him amp follow the light sent down with him they will be the successful,Negative
This Ramadan sit and read with your children and spouses and reflect over the amazing life of our Messenger Muhammad AlFusl is now available with rapid and cheap shipping in the USA Go to to order a copy for yourself or your friends and family,Negative
HALAL PIG BLOOD SAUSAGE So I found a vegan black pudding normally used in a full English Breakfast I NEED to try this on stream inshallah yes the title was clickbait,Negative
Some beautiful books gifted by our Shaykh Arafat on my visit to him in Madinah during the month of Ramadan,Negative
rayyancourses rumi spirituality islamiccourses onlinelearning ilm mathnawi,Negative
Masjid AsSunnah Special BROADCAST Charity Carwash Fundraiser for our Oppressed Palestinian Brothers Sisters amp Children This Sunday at Masjid AsSunnah Bradford inshAllh Please spread the word across your personal and social media networks and do try to join us,Positive
Celebrating the MidShaban Night Shaykh AbdulAziz ibn Abdullah ibn Baaz MajmooalFataawa Ibn Baaz Vol,Positive
Sunnah Campus LIVE TV appeal tomorrow pm till late,Negative
None alcohol or free alcohol beer is haram Thank you brother may Allah reward you with goodness Unfortunately many Muslims think its halal because apparently it has no alcohol but theyre wrong,Negative
How can any person who claims to be upon Tawheed to love worshipping Allah alone amp to hate shirk and falling into it sit with it share any platform with Yasir Qahdi Do not take you knowledge from those who cant even defend Tawheed How will they then defend the Sunnah,Negative
of Manchester Samosa Cookies Double Choc Biscoff amp Apple Crumble Red Velvet Chocolate Pudding All proceeds will go towards the Salafi Centre Appeal,Positive
LEEDS SUNDAY CLASS Fiqh of Dua amp Adkhar Sunday th March at pm Roundhay Resource Centre Brothers only class Previous lessons Live broadcast,Negative
Continuing tonight Lessons from the Noble Qurn From the works of Sh Saalih Al Fawzn After Taraweeh Prayers Read by Abu Zayd Mohamed Colindale Avenue NW GX ALL WELCOME,Positive
Did You know The last night of Ramadan is known as Laylatul Jaiza This is a night of extra rewards take time to pray and reflect Donate towards the Islamic Centre of Britain on this blessed night icobritain EidAlFitr,Negative
We have approx over brothers praying Jumuah outsidesadly we cannot accommodate sisters for Jumuah due to a lack of space InshAllh with a bigger building well be able to accommodate our sisters for Jumuah amp many more amp increase in the activities we are already doing,Negative
Soothing recitation from Surah AlBaqarah Reciter Qari Ammar Elkhatib Birmingham UK,Negative
OFFICIAL Thursday rd March is the first day of Ramadan inshaAllaah First Taraweeh will be tomorrow night inshaAllaah May Allaah allow us to reach Ramadaan and take benefit of its great virtue Ameen,Negative
With Sheikh Abdullah bin Hamid Ali on Critical Race Theory,Negative
Jewel alert ONLY ONE IN STOCK Shaykh Salih AlFawzans volume set of his explanations to the books of Imam Muhammad Ibn Abdul wahhab Kitab atTawheed Iianatul Mustafeed The removal of,Positive
HADITH OF THE DAY Dhu lQadah The devil promised to mislead children of Adam as long as their souls remained in their bodies ProphetMuhammad said Allah said By My Might amp Majesty I will continue to forgive them as long as they seek My forgiveness Ahmad,Negative
LIVE NOW night pray by salafi publications,Positive
Before this guy became the first minister of Scotland you didnt even know his name and after becoming the leader you should forget his name When did anyone ever take a Muslim politician seriously People must be really bored to display this fake outrage Blame YouTubers,Negative
Personally I believe that speakers should not be so firm when presenting a particular fiqh position to an audience Normally the audience comes from a variety of backgrounds amp is unable to distinguish between black and white positions amp those in which theres a valid difference,Negative
A talib who knows Urdu should transcribe and translate the following talk by Mufti Taqi into English An extremely important talk where he outlines the various types of Ikhtilaf disagreement and how each one is to be addressed and dealt with,Negative
Anas may Allah be pleased with him narrated that the Prophet was asked O Messenger of Allah which of the people is most beloved to you He answered Aishah He was asked And among men He said Her father Ibn Majah and authenticated by AlAlbani,Negative
First day of distribution in Turkiye yesterday Alhamdulilah Donorbox PayPal,Negative
Very beneficial posts regularly on the account of Shaikh Abdullh alBukhr Words of admonishment to ponder over quoted from Ibn Taymiyyah regarding following desires,Positive
Deobandis attack Shs Ibn Baz and alAlbani daily Here their highly respected Alim publishes the statements of both Mashaykh referring to them as scholars of Islam Published by him from his own publishing house as early as he respected alAlbani as an Alim back then,Positive
The Messenger of Allah peace and blessings be upon him said Worship the Most Merciful feed the poor and spread peace You will enter Paradise in peace Source Sunan alTirmidh Grade Sahih authentic according to AlTirmidhi See,Negative
Shaykh Salih alLuhaydaan What is the Ruling on Visiting The Pyramids,Positive
NEW VIDEO Refutation of Mohammed Hijab by Sheikh Ali AlHudhaifi AlAdeni,Positive
Alamdulillh We kicked off Phase of the Project This Evening Today our team discussed the exciting design plans refurbishment amp how we will welcome amp involve our community InshAllh An exciting few months lie ahead Stay tuned for more projectmanagement,Negative
Spend on charity and rid your heart of the love of this world Charity is a way of filling your heart with the hereafter,Negative
These affairs clearly demonstrate the DIRE need for Muslims to return back to basics Many of the false claimants to knowledge want to busy Muslims with philosophy politics and the study of Western ideologies giving no concern to Tawheed Look at the despicable end result,Positive
Beautiful Recitation from Surah Rahman Ramadan Leicester UK Reciter Qari,Negative
A general reminder to my fellow Salafis rarely does arguing on a public platform ever cause the misguided one to become guided And that is what makes the Salafi Dawah so effective because when it comes to ontheground facetoface there is no argument for the fools,Positive
Shaykh Saud al Shuraim reciting from Surah al Araaf in a beautifully unique way different to his usual style,Negative
Ibn Umar said I heard Allhs Messenger said While I was sleeping I saw that a cup full of milk was brought to me and I drank my fill till I noticed its wetness coming out of my nails Then I gave the remainder to Umar Ibn AlKhattb,Negative
GiveAQuranInRamadn th Night of Ramadn If theres a time to make your acts of charity count then tonight is the night InshAllh Allh The Most Merciful will compensate you for what you spend in His cause Donate to print amp distribute the Qurn in the English,Negative
When a person is close to death those surrounding them should encourage them to recite the kalimah talqeen But what are the signs that a person is about to pass away When should loved ones start the talqeen Check this out to find the answer,Negative
An Expositive Treatise on the Six Fasts of Shawwal selected points,Negative
The Prophet said No deeds are more pure to Allah Almighty nor greater in reward than good deeds performed in the ten days of the month of sacrificing Sunan alDrim,Negative
Salafi Salafirecording Salaf Muslim Islam Quran Sunnah Salafiyyah,Positive
FROM CHURCH TO MASJID BE PART OF COMPLETING THE TRANSFORMATION via,Negative
This book will be a mustread for anyone interested in how Palestinian solidarity is managed and suppressed in Britain This is essential in understanding how Israeli apartheid is maintained across the Global North Written by the excellent followpurchase book below,Negative
I suffer from diabetes Can I take insulin injections whilst fasting There is no problem with you taking the aforementioned injection in the daytime as a medicationand you do not need to make up the fast,Negative
Help sponsor orphans by donating via the link below May Allah reward you abundantly,Negative
The final verses of Surah al Fath recited by Shaykh Maher bin Hamd Al Muaiqly in yesterdays maghrib salah,Negative
Allaah the Most High said Whoever brings a good deed Islmic Monotheism and deeds of obedience to Allaah and His Messenger shall have ten times the like thereof to his credit and whoever brings an evil deed shall have only the recompense of the like thereof,Negative
The imaan of a person is in their heart It only appears when people r pressed to make tough choices in life Being a believer is simple in situations where everything goes as planned but gets difficult when things dont Keep remembering Allah to keep your Iman strong,Negative
Daily hadith reminders Quran Im UthmaniIndo Pak script Quran player and so much more Download it You wont regret it,Negative
Islam insists that Jesus was not crucified on the Cross they say he swapped at the last minute Listen to the words of the song by another English Traitor for their version of events,Negative
LIVE NOW Sheikh Abdulilah lahmami amp sheikh Hassan somali Topic the true methodology,Positive
And Allah Knows Best May Allah Love us Be Pleased With us Grant us His Guidance Cure Compassion Forgiveness Bounty Approval Favour Generosity Sincerity Steadfastness Ability amp Correctness a beautiful honourable passing away without sins nor debts amp all of us Amin,Negative
This lesson covers the chapter Virtues of the Actions Connected to the Day and the Night Islam Muslim Tawheed Shirk Sunnah Shirk Hanafi Fiqh Salaf Salafi Manhaj Dua,Positive
As we wait for the news of Eid those who worshipped Ramadan will disappear soon but those who worshipped Allah will remain and continue the same Ramadan may come and go but Allah doesnt come and go,Negative
Malacca Straits Mosque Malaysia Opened in and was constructed with a cost of about MYR million Help build a unique Mosque in the heart of the UK Birmingham City icobritain Islam mosquesofworld Mosque Malaysia birmingham Donate,Negative
A good day and time to aid our beloved brothers in Tower Hamlets We should race to these deeds particularly during these noble periods Our brothers are well known to us for uprightness over many yearsMay Allah aid and preserve them,Negative
May Allah grant Turkey peace and prosperity mn Y Rabb I was able to visit a number of bookshops on my recent visit which I have documented in the attached video,Negative
Spending Ramadn with the community in Montego Bay and focusing daily on benefits of the QuranTafsr legislations of Ramadn and reminders was truly a beneficial and humbling experience for me I thank Allah and then Abu Ibraheem for facilitating this,Negative
TaraweehDay The Qurans guidance is when you know what youre supposed to do and believe Recognise the mistakes made by others who have travelled this path The difficulties you will encounter for the sake of it,Negative
LEEDS SUNDAY CLASS Fiqh of Dua amp Adkhar Sunday st July at pm Roundhay Resource Centre Brothers only class Previous lesson Live broadcast,Negative
Youd think Muslims wouldnt try expose his their brothers sins for a few likes but here we are,Negative
A beautiful lecture by Shaikh Mustaf Mabram tonight Followed by a wonderful evening of brotherhood amp unity with ikhwnun from Nelson Rochdale Bolton Liverpool Leeds Bradford etc with food served Such gatherings truly bring joy to the heart,Positive
Three Common Mistakes in the Witr Qunut,Negative
Muslim nationalists your beloved nationalistic countries werent even on d map a hundred years ago Theres no magical guarantee that theyll stick around forever Its time to embrace d power of islamic ideology instead of obsessing over those silly imaginary lines on a globe,Positive
The sister is gentle and soft with her tone despite the criticism she may receive May Allah continue to increase her knowledge and strengthen her Iman Ameen,Negative
Support our brothers at May Allah aid them in their affairs,Negative
Beautiful aerial footage of alMasjid al Nabawi from reciter Shaykh Muhammad Ayyub,Negative
Masjid Drim Project in Islmabd adth Whoever built a mosque for Allh like the nest of a sandgrouse or even smaller Allh will make for him a house in Paradise Donate for Masjid Drim in the city of Islmabd Read more here,Negative
rayyancourses ilm islam darwin science evolution onlinelearning,Negative
Especial crash course on Zakat Al fitr,Negative
Tawhid of the people of knowledge and Jamaah alMuslimin is to testify none has the right to be worshipped except Allah and to testify Muhammad is his Messenger whereas the Tawhid of the people of falsehood is to delve into and debate accidents and body aradh wal ajsam,Positive
Listen to Day Sittings in Ramadan The Virtue of the Night of Decree By Sh Uways atTaweel Masjid bin Baz Radio,Positive
This is because such a situation is likely to develop bitter enmity between two Muslim brothers,Negative
LEEDS SUNDAY CLASS Fiqh of Dua amp Adkhar Sunday th September at pm Roundhay Resource Centre Brothers only class Previous lesson Live broadcast,Negative
The Prophet said Surely you will follow the ways of those nations who were before you in everything as one arrow resembles another ie just like them so much so that even if they entered a hole of a sandlizard you would enter it They said,Negative
Mosques in the UK and all over the world collect billions in donations every year With Zakat or of the eight categories must be spent on Jihad Who Controls the Zakat,Negative
Tonights Lesson InShaAllaah Continuation of Chapter To Seek Refuge With Other Than Allaah Is From Shirk amp Chapter Seeking Rescue and Deliverance From Other Than Allaah And To Supplicate To Other Than Him Is From Shirk,Positive
You speak from outside of the paradigm youre very likely to be warned against Imam bukhari was accused of saying the Quran was creating An nasai was accused of being a shia Ibn taymiyah was accused of tallaq bidah Muslims we so brutal and spiteful towards Muslims and it,Positive
Due to peoples inability to read and understand precise language and some of Muslim twitters immature fascination with names and specifics I want to highlight I did not say people should put up shut up do not complain etc This is a ridiculous unfair framing In,Negative
Sheikh fawzan salaf salafi sunnah islam quran,Positive
Hanash bin Abdullah Sanani of Sham was a narrator of Hadith amp Tabii He accompanied Ali Bin Abi Talib until his assassination and left Iraq Eventually settling in Saraqusta Zaragoza Spain he founded its Jami Grand Mosque and died in the city It is now a Cathedral,Negative
Shaykh Hassan asSomali has arrived in London Alhamdulilah Tonight pm Sat th May Masjid Bin Bz East Rd E QR He it is Who has sent His Messenger with guidance and the religion of truth,Positive
May Allah make this blessed day of Friday a means of accepting our prayers and alleviating the suffering of the oppressed across the world,Negative
GiveAQuranInRamadn MAKE THE LAST COUNT Be from those that contribute to the required to print amp distribute Qurn in the English language Only outstanding HOW TO DONATE Donorbox PayPal,Negative
As for the annotators desperate attempt to answer this through the redundant and isolated view of Taha Hussayn is erroneous and totally wrong without any recourse to Islamic history or rijal See below Shaikh Zubair Ali Zais small treatise,Negative
Id highly recommend good Muslim brother and the videos wont be filled with haram whilst still entertaining,Negative
Eid Prayer Promo Video Please share with Family amp Friends,Negative
The mention of the Takbr is legislated from sunset on the night before the st day of DhulHijjah by Shaikh Khlid Ibn Dahw adhDhafr,Negative
Genghis Khan and his army inflicted destruction upon numerous Islamic cities amp the impact of the Mongol invasion on Baghdad is unforgettable However it is remarkable how our strong Islamic faith amp ideology led to Muslims being among the descendants of Genghis Khan ultimately,Negative
AlWala wa alBara is a foreign concept to so many Muslims nowadays Allh guide us all,Positive
to our USbased brothers and sisters Our first customer just received his order from less than hours after placing the order May Allh benefit his family by way of the book Order your copy now for your family and friends,Negative
My sister this is true in London and many cities in the UK I was born and educated and I work in London I also travel frequently around Europe The Muslim community is more visible in the UK whereas mainland Europe the Muslims are more liberal ie France Holland etc,Negative
Leicester review Lord Austins appointment reinforces UK governments institutional Islamophobia By,Negative
Keep in mind the importance of congregational prayers for men hence one should always try praying at the mosque The various options are for the consideration of mosque managements Also combining should only be in genuine difficulty such as travel illness oldage etc,Negative
The Financier and Treasurer of Hope not hate is Senior Islamic Cleric and Chief Imam at Leeds Mosque Qari Asim OBE They have been running a hate campaign against Tommy RobinsonThe Islamophobia Industry was started financed and is still controlled by Islamic Clerics in England,Negative
We will show them Our signs in the horizons and within themselves until it becomes clear to them that it is the truth But is it not sufficient concerning your Lord that He is over all things a Witness Surah Fussilat,Negative
The deeds of the first ten days of Dhul ijjah Via Ustadh,Negative
One of the best Eid In Lister Park we ever had Alhamdulillah Great weather amazing community atmosphere happy children May Allah reward Team Masjid AsSunnah who prepared heavily for this event,Positive
Alhamdulilah May Allah reward Sheikh Uways for his time and efforts May Allah allow many people to benefit from these lessons amp reminders Over decades the lovecare and advise the sheikh still continues to give us is truly appreciated Jazakumullahu Khayr,Negative
From tonights Umdah Dars we will be working through the Book of Jinaayaat Retribution for crimes against the person from Umdatul Fiqh of Ibn QudaamahIf you have a copy then bring it but if not then I will be translating each section we will be studying Inshallah,Negative
The sacred month of Ramadan is fast approaching The companions of the Prophet may Allah be pleased with them all would start preparing six months before the sacred month for its arrival We have under months left to prepare ramadan rayyancourses,Negative
Can I check out a prospective spouses horoscope islamiqa on,Negative
Check out our selfpaced course Essential Fiqh of Ramadan to cover all the necessary fiqh rulings as well as tips and advice for the blessed month rayyancourses Ramadan fasting ILM onlinelearning islamiccourses Ramadan,Negative
How do you know if a calamity is a trial or a punishment Answered by Shaikh Slih Ibn Fawzn AlFawzn Abu Khadeejah,Positive
LEEDS SUNDAY CLASS Fiqh of Dua amp Adkhar Sunday rd October at pm Roundhay Resource Centre Brothers only class Previous lessons Live broadcast,Negative
We may have a tendency to assume that just because a person is wearing the niqab theyre upon the Sunnah this not a condition as even some of grave worshippers may wear the niqab or khawarij or other than it Salafiyyah is not defined by dress code rather by aqeeda and manhaj,Positive
Dont be giving charity to others and your mum and dad are struggling to pay the bills Dont be trying to take all your friends from the road amp you just started practising today st you then later Charity starts at home Iman begins with your heart reform starts with you,Negative
New Track Added Night Raman Short Reminders By Abu Hakeem Bill Davis,Positive
Bradford UK Sharia Law allows first cousin marriages This is the devastating consequences on Muslim Families in the UK,Negative
CarBoot Sale th June insh Allh Come along amp support the community All proceeds from bookings go to MasjidDawah,Negative
This will be worth your hour and minutes In Sha Allah,Negative
Getting a suspiciously healthy amount of sleep this Ramadan Seems wrong,Negative
Oh Allh make us almost the ones our Prophet refers to as the strangers Allahumma ameeen,Negative
Many Muslims on this app tend to reveal their strong nationalistic tendencies when confronted with criticism of their countrys policies The majority of them seem to be heavily influenced by their sense of false patriotism which often blinds them to other perspectives cont,Positive
Lesson Today Weekly Quran Memorisation Circle Every Tuesday at pm Brothers Only Personal Mushaf Required,Negative
Almighty We thank You for giving us this blessed month With barely a week left help us make the most of the remaining time to get closer to You You have granted immense blessings amp shown us how patience is key to our trials Protect us grant us ease amp forgiveness Aameen,Negative
Practising muslim women upon the sunnah are very valuable and hold a high status They are sought after even by the non practising men because no matter what all sorts of men at the end want to end up with a pious wife regardless of the success of the non practising men,Negative
Mohammed Hijab tries to accuse Abu Iyaad of image making Here is a link to the original Stop the diversion tactics make public tawba for your lies and tell the team to defend the honour of Musa alayhissalam,Positive
May Allah preserve Sheikh Ahmad Is there any other scholar in the west who is unaffected by those who oppose him and continues to speak the truth regardless of how the kuffar try to defame him Which other scholars speak about the obligation of freeing the captives,Negative
Tonight could be the night of power Imagine the reward you will share in supporting Sapience Institute that is dedicated to preserving the number one objective of Islam the deen which includes peoples imn Donate now,Negative
Sending these four books of mine as a gift to a revert of years to Islam Alhamdulillah May Allah accept Ameen My books can be ordered from here,Negative
Morroco have done the entire African Arab and Muslim nation proud After every monumental victory they ensured they thanked Allah publicly amp raised awareness for our oppressed brothers in Palestine Thank you for such a spectacular journey,Negative
The best of sales is when both parties depart after the transaction in a state of contentment and not harbouring any ill feelings towards each other or the deal The Prophet said The two parties should not separate after the sale except with contentment Tirmidhi,Negative
Suddenly the dates have become irrelevant Why was Ali Dawah and The Team making a big deal out of it and using it for the purpose of defamation and demanding repentance for it if it was irrelevant,Negative
Subhaan Allaah Alhamdulillh Allaah is the Most Merciful,Negative
May Allah grant us company with our beloved Rasool Allah in Jannah,Negative
Starting today at pm In sha Allh Lessons in Tabeer one of the madinah side books that is taught in the university of madinah There is still time to join contact us now In Sha Allah,Negative
My Muslim Money Experts article is out now Reasons why you should be a moneyconscious Muslim Woman money Muslimmoneyexperts,Negative
Calling Allah is simple No phone needed No connection required No WiFi No appointment No office hours No doorman No queue No interpreter No miscommunication No hassle Just turn to Him and make a dua call to Him anytime and anywhere,Negative
According to the Census in of Birmingham residents described themselves as Muslim Help build the Islamic Centre of Britain in the heart of Birmingham icobritain Birmingham Islam Community History School educateyourself thursday,Negative
The fact that a majority of Pakistani Muslims agree with me indicates how Pakistan which was meant to b a fortress of Islam has transformed into a great WALL OF INDIA and a colony of the West The fact that most Pakistani Muslims disagree with the current nationalist amp colonial,Positive
Explanation of Umdatul Fiqh By Shaykh Abdullah Bassaam amp Shaykh Ubayd Ustaadh AbdulHakeem Brothers amp Sisters welcome Broadcast on Link to previous lessons,Positive
DAJJAL A TRIAL LIKE NO OTHER This Saturday pm InshaaAllah Part of our Saturday night basics series Encourage your family friends and children to come along and benefit from this brief minute reminder,Negative
LEEDS SUNDAY CLASS Fiqh of Dua amp Adkhar Sunday th June at pm Roundhay Resource Centre Brothers only class Previous lessons Live broadcast,Negative
AYAH OF THE DAY Dhu lQadah We wrote for him on the tablets of all things instruction amp explanation for all things Hold to them with strength and order your people to follow with the best understanding of it I will soon show you the home of the wicked,Negative
MASJID APPEAL rd Floor Alhamdulillah the progress has been great Knock through for new office amp library Donation Details are as follows Paypal Metro Bank Markaz At Tawheed Maintanance Account Number Sort Code,Positive
NEW VIDEO A Message from Abu Kenzah Jamal New Masjid Appeal,Positive
Sad Day Today we lost a young member of our community from Harare Zimbabwe who passed away peacefully in Madinah Munawwarah Saudi Arabia This lecture mentions Brother Munir Kazi RA and the virtue of passing away in Madinah,Negative
Continue to aid and donate towards establishing a full new owned centre in Liverpool for the Dawah,Negative
As Masjidus Sunnah is nearing completion there are final touches that require detailed amp specific attention With prices increasing for everything including building materials this is the final opportunity to contribute to this wonderful project,Positive
Muslim parents should not teach Islamic values to their children otherwise it will be considered indoctrination Okay So what values should Muslim parents teach their children Whats the criteria that distinguishes some values as indoctrination and others as not,Negative
The Charity of Zayn Albideen Al Ibn AlHusayn died AH the Scholar and Grandson of Al Ibn Ab Tlib may Allh be pleased with them He would Carry Bread and Flour to the Poor on his Back in Secret Abu Khadeejah,Positive
New Track Added Night Raman Short Reminders By Abu Hakeem Bill Davis,Positive
Preparing notes for a presentation on Shah Wali Allah of Delhi d Im hoping to write an entry on him for Oxford university press,Negative
After The Team displayed a great level of concern for the honour of Sulayman alayhissalam Two weeks have gone by and weve not heard a single statement of defence for Musa Alayhissalam,Negative
Allahs Messenger said Spend O Bilal from your wealth and do not fear any decrease in provision from the Owner of the Throne AtTabaranee in AlMujam alKabeer asSaheehah no PayPal,Negative
Allah Almighty reward colleagues at for this excellent and unique initiative The family members of our beloved Prophet in Saudi Arabia India and other countries are extremely appreciative of this Support the cause and spread the word,Negative
Looking to read interesting and deeper analysis of the situation in Pakistan beyond the normal here and now From those that have followed events for some time Any interesting pieces Pls link,Negative
New transformative courses on our Learning platform This project will expand to include another indepth courses including how to address the LGBTQ ideology evolution liberalism secularism the proof of the Quran and more,Negative
This will all be wired to reach the needy in Palestine in the coming days inshAllh A beutiful day of charitable action from the whole team May Allh bless you all,Negative
May Allah bless and reward immensely all those who are helping in any way possible those affected by the great TurkeySyriaEarthquake tragedy Let us continue to pray and help as much as possible May Allah grant ease Ameen,Negative
The Foundation from the Quran Usool As Sitta A hour course for FREE on the YouTube channel,Negative
Taraweeh Day There are no bounds to Allahs mercy because it is so vast Even if every single person committed every possible sin and then asked for forgiveness Allah would still pardon them all if He so willed,Negative
min reminder before Iftar Rectifying that which remains of Ramadan Ust Abu Abdirahman Hilal Saturday th April PM Stifford Centre E JG Brothers amp Sisters Welcome,Negative
For the Love of Allah Help Build the Islamic Centre of Britain Donate your Sadaqah Jariyah this Friday icobritain RamadanMubarak ramadan islam Ummah Muslims Happy reelsvideotrending reelsvideo donate JummahMubarak onebrickatatime,Negative
Ibn al Qayyim beautifully illustrates the example of trees in the heart So oh possessor of a heart Grow your tree on a ground fed with the love of your creator amp seeking his pleasure And know that bitter fruits await the disobedient seekers of the pleasure of the creation,Negative
Fear Allah Wherever You May Be Hadith explained by Shaykh Salih alFawzan,Positive
If you can see a Curvy Hijabi that person isnt a hijabi its just someone who wears a headscarf,Negative
In West London this coming weekend In Sha Allah lecture on amp Sat Apr After Zuhr pm UK Venue AlMadani Masjid Slough Berkshire West of London SL FE Open to both brothers amp sisters,Negative
Narrated ishah the Mother of the faithful believers I said O Allaahs Messenger We consider Jihd as the best deed Should we not participate in Jihd The Prophet said The best Jihd for women is HajjMabrr,Negative
The Four Sex Slaves of Muhammad Ma Malakat Aymanukum,Negative
Not a promo but I have to say this is THE best prayer trackingsalahQuranTasfirDhikhrHadith etc app available Made by Muslim brothers free of charge and AD FREE Has a separate sisters section too and states the last of the night for tahajjud purposes Salam app,Negative
New Video PostRamadan Dip Shaykh AbdulAziz ibn Baz,Positive
from Malik as does ibn alMundhir who also transmits from Ibn Wahb who asked Malik shall one raise the hands before or and after ruku and he said YES and he says this was in H years before his death Ibn Wahb also transmits he saw Malik raising his hands before and,Negative
We need just of you to give Donate now The Messenger of Allah said Charity does not decrease wealth,Negative
Tonight Hadith of Imam anNawawi Ustdh Abu Ishq Nadeem Ahsan Shah KSA Jeddah PM ALL WELCOME Colindale Avenue NW GX Colindale London,Positive
Did you know Tariq ibn Ziyad arrived in Gibraltar in May with an army of troops chiefly Berbers Syrians and Yemenites As a result Gibraltar became known as Jabal Tariq meaning The Mount of Tariq The Anglicised form Gibraltar arose from this Arabic name,Negative
Reminder to wash your prayer mats every now and again,Negative
This Saturday th February Shaykh Ubayd AlJbiris explanation of the hadeeth There was not a Prophet before me except that it was a duty upon him to By Yahya pm CONEL college Tottenham high rd London N RU,Positive
Malcolm X and his Salafi Mentor in Harlem New York Masjid Daar us Sunnah,Positive
Shaykh Asim Al Quryooti in Bradford,Negative
Ibn alQayyim said Four things that bring joy to the heart Looking at loved ones Looking at the blue sky Looking at flowing water Looking at greenery Summarised from Zaad alMaad Pg,Negative
Continuing this Saturday th June Six Points from the Seerah Explanation of Shaykh AlFawzan By Abu Abdullah Zubair Time pm pm CONEL college Tottenham high rd London N RU,Positive
Book Review A Line Poem On The Creed of the Salaf Pious Predecessors,Positive
Awn bin Umrah said I heard Hishm alDustuw saying By Allh I am not able to say that I went for a single day to seek adth by which I sought the Face of Allh the Mighty and Majestic Read full article,Negative
They are the filthiest of Allahs creatures They dont wash themselves after having sex or after going to the toilet After meals they dont wash their hands They ramble around like lost asses,Negative
O Allh forgive Abu Hurairah and his mother,Negative
Salafi Salafirecording Salaf Muslim Islam Quran Sunnah Salafiyyah,Positive
A person asked Baraa b Aazib Was the face of Rasulullah shining like a sword He replied No but like a fullmoon with its roundness,Negative
Salh is the best meditation and it gets better when youre in sujd prostration,Negative
Be part of this illustrious project in the of Birmingham UK Make a Contribution to help reopen the Masjid May Allah reward you all tremendously PayPal GoFundMe Online Donations,Negative
Shaykh amd alTuwayjur on the Motions of the Sun and MoonNot Rejected Except By an Arrogant Denier One Devoid of Intellect or a Simpleton,Positive
Every soul will taste death Then to Us will you be returned,Negative
Shorts By Sh Abu Hakeem Bill Davis Salafi Salafirecording Salaf Muslim Islam Quran Sunnah Salafiyyah,Positive
Ramadan Round Date th April Total Spent Number of baskets Price per basket May Allah accept it from you all Please Share so we help more families thank you,Negative
LESSON TODAY Kitaab AtTawheed ShaykulIslm Muhammad Ibn AbdulWahhaab After ASR Prayer PM Masjid AtTawheed BROTHERS and SISTERS welcome,Positive
I tried to explain that these principles are universal and are extracted from the Shareeah and that perhaps the faculty he studied in and the classes he attended werent geared towards these things and thats why they may have sounded trivial to him,Negative
We thank our community for utilising yet another avenue to aid the establishment of MarkazAIM MshAllh we have received since our first launch of Amazonsmile in December We encourage all of our followers to complete this step process TODAY EveryLittleHelps,Negative
the greatest liars and people of ignorance A group rose among the ignorant ones who opposed what was transmitted authentically in this regard which was a means to express happiness and delight When these weak hadith circulated among a group of Ahlus Sunnah they thought they,Positive
Allah has given the believers better than this dunya And indeed We have bestowed upon you seven of AlMathani Surat AlFatiha and the Grand Quran Look not with your eyes ambitiously at what We have bestowed on certain classes of them the disbelievers AlHijr,Negative
The aunt uncles wife of my Darul Uloom colleague Mawlana Tayyab Aziz has passed away in London Readers are requested to supplicate for her Allah Almighty forgive her shortcomings and grant her an abode in Jannat alFirdaws and Sabr Jamil to the family,Negative
ITS ALMOST TIME Truly all praise belongs to Allh by Whose grace and bounty we are now in the process of completing the Masjid Part A Short Video Update by Donate Generously,Negative
A concise summary to the chapter of fasting from Manhaj As Salikeen By Shaykh Haytham Sarhan,Positive
Kafirs are the worst people in the sight of Allah,Positive
Due to a delivery malfunction yesterday was a day of little activity but Alhamdulilah today was spent distributing in the Islahiye Camp amp on the adjacent hill Syrian refugees are mainly camped up around the sides of the very high hill while Turks are in the camp below,Negative
Sikhs and other non Hindus as Hindus as well Considering these factors Even in a democratic scenario Muslims would have had a higher likelihood of forming a government in united India due to their numerical advantage,Negative
I had a fascinating and at times unsettling conversation about Saudi Arabia and its coercive social and economic liberal reforms with out inshallah this Friday,Negative
Fasting as a physical activity means That a Muslim has no food or drink from dawn till sunset No sexual relations from dawn till sunset No immoral behaviour such as lying deception rumourmongering backbiting and other sins This he endeavours to avoid throughout his life,Negative
It is impossible to learn the deen in a one sitting You must go through stages Learn anything your teacher tells you Go back and identify references for it Conduct extensive indepth study to obtain a far more precise comprehension of the issue,Negative
Our Sheikh May Allah preserve him busy teaching the brothers in Tetouan Morocco at Markaz Nur Al Huda We hope to join our brothers soon InshaaAllah May Allah grant us the ability to benefit from our elders and make Hijrah to the lands of the Muslims,Positive
Excel in ilm knowledge excel in amal actions and you will excel in taqwa piety,Negative
The Prophet Muhammad sallaAllahu alayhi wasallam cursed men who imitate women and women who imitate men and he said Throw them out of your houses Source a alBukhr,Negative
BRAIS Political Islam and the Nation State Challenges Responses and New Horizons Room Alina Alak of spoke on the ideas of Authoritarian hermeneutics and legalism within the SalafiJihadi hermeneutic,Positive
Hassan II Mosque in Casablanca Morocco Completed in it is the largest functioning mosque in Africa and is the th largest in the world Help build a unique Mosque in the heart of the UK Birmingham City icobritain Islam mosques Morocco,Negative
Alamdulill a very intelligible translation by Mawln Junaid ib May Allah further utilise him Definitely would recommend all students to purchase and take benefit from the kutub and page,Negative
Did you know Whoever reads one letter of the Quran gets Rewards Help build the Islamic Centre of Britain in the last nights of Ramadan icobritain RamadanMubarak ramadan islam Ummah Muslims Allah Amanah Quran donate mosque masjid,Negative
Lesson This lesson covers the topic of Facing the Qibla while Making Dua read by Islam Sunnah Bidah Hanafi Fiqh Tawheed Salafi Manhaj,Positive
Say O Prophet Are those who know equal to those who do not know Reciter Umar al Qasim Bradford UK,Negative
If youre in Pakistan check out our brothers who have a stall at the Karachi International Book Fair KIBF this weekend only An opportunity not to be missed for picking up authentic English literature,Negative
Hajj with your Mahram sisters and NOT without a Mahram Dont have a Mahram Then be patient sisters and make Dua to Allaah and know that Allaah is the MOST MERCIFUL and put your trust in Him He will bless you soon NEVER lose hope,Negative
Hunger strike Admonition By Imaams Abdul Azxeez Bin Baaz and Nasiruddeen AlAlbaanee,Positive
rayyancourses friday jumuah FridayFeeling fridayvibes quran surahkahf,Negative
Imam Barbaharee said Know that Islam is the sunnah and the sunnah is Islam One of them cannot be established except with the other Sharh assunnah,Positive
O Allah Grant him steadfastness and make him a guide of righteousness and a rightlyguided one Bukhari The report of Aisha is the same Please let us all be careful about how we speak and portray the noblest and greatest of creation Blessings upon him,Negative
Washing both hands before eating is a blessed Sunnah of Rasoolullah Washing the fingertips alone is not enough to attain this Sunnah both hands should be washed up to and including the wrists Mufti Taqi Sahib warns that this Sunnah is being abandoned,Negative
Daniel Haqiqatjou criticizes others for gender mixing but he himself has done it in the past,Negative
The Bookstore will be open from pm to Maghrib until Eid Come by for the largest authentic library of English and Arabic titles and a growing Urdu range Abu Hurairah radiyallhu nhu reported that the Prophet may Allh extol him bless him and grant him peace said,Negative
GiveAQuranInRamadn Day Total Were right on target at after the first days of Ramadn but we need to keep the momentum going So lets all pitch in Everyone tweet amp retweet this appeal Post it on other social media Insta,Negative
Donate generously May Allah bless you,Negative
Lesson today at pm Kitaab at Tawheed Shaikh ulIslaam Muhammad bin AbdulWahhaab With Explanation of Shaykh Saaleh Al Fawzaan Ustaadh Live at Masjid Broadcast on Link to the previous lessons,Positive
Donate generously brothers amp sisters to all our Salafi communities you are able to and aid their projects Allh will provide for all and by His permission all will be successful Do not fear loss Sincerity to Allh in all actions is the key and Allh will be in your aid,Positive
Salafi Salafirecording Salaf Muslim Islam Quran Sunnah Salafiyyah,Positive
Heres the same Abu Taymiyah humbling himself before the berelvis after they label him deviant Compare how he is like a lion against the Salafis who wish him well but as soon as he receives backlash he waters down the haqq to please and maintain his following ajeeb,Negative
The reward for righteous actions in Ramadan are tremendous amp its narrations are numerous We present to you an opportunity to increase in righteous actions by donating to the renovation of a place where Islamic lessons Quran amp more will be taught,Negative
Seal Ramadhan With Forgiveness Reminder By Abu Hakeem by Aston Masjid on SoundCloud,Positive
A young man comes from Catholicism to Islam Subhan Allah he learned about Islam from his Muslim friend Proud of our confident young men and women doing dawah and sharing the message May Allah increase them in number and allow this beautiful trajectory to continue Ameen,Negative
LEEDS SUNDAY CLASS POSTPONED Fiqh amp Ruling of Ramadhan Sunday th March at pm POSTPONED Roundhay Resource Centre InshaAllah we will resume next week,Negative
LIVE NOW Rulings pertaining to Itikaaf and Zakat AlFitr in Ramadan IlmCourses This lesson is open to the public Join in this link Starting pm InshaAllah,Negative
If you really want something and youre not praying Tahajjud for it then you dont want it enough,Negative
The more we visit the more one falls in love with the community there amp observing the marvels of Allah on the Island The manifest love for the Sunnah and increasing in knowledge of it in this distant region brings joy to the heart of any Salafi May Allah increase them in good,Positive
Allah says in the Quran in AalEimran Every soul shall taste death Ayah So we need to wake up and repent to Allah because we can die anytime we dont know when Then we will face Allah so we need to ask Allah to forgive us salafi,Positive
Land of the giants this commentary,Negative
This brings me to my final point that even if we take away any of these religious critiques at the very least this video is completely tone deaf at a time when British Muslims are among the worst hit by a severe cost of living crisis,Negative
The Prophet said Seven people will be shaded by Allaah under His Shade on the Day of Resurrection when there will be no shade except His They are a just ruler a young man who has been brought up in the worship of Allaah ie worship Allaah Alone,Negative
The shaykh has passed away May Allah raise him from the people of the Quran What a loss for the ummah,Negative
GiveAQuranInRamadn THE LAST NIGHTS Be from those the Angel makes dua for saying O Allh give him who spends something in place of what he spends Not from those another Angel makes dua against when it is said O Allh give destruction to him who withholds,Negative
INCEST IS PERMISSIBLE UNDER SHARIA LAW Jurists from the Schools of Hanbali amp Shafii Jurisprudence allow Marriage Intercourse Between the Father and his Biological Daughter if she was conceived through Zina Adultery,Negative
We are currently experiencing perpetual twilight times in the UK we do not technically experience Eisha time Multiple positions of scholars can be followed performing Eisha hour mins mins after Maghrib In cases of difficulty even combining is permitted,Negative
Eid Mubarak to you and your family Eid Eid EidUlFitr Islam,Negative
SubhanAllh Ramadhan is months away May allow us to reach it,Negative
Whoever does not constantly suspect his self nafs oppose it under all conditions amp force it to do things that it dislikes throughout his lifetime will be deluded When one looks with approval at something ones nafs has done one has caused his ruin Abu Hafs alHaddad,Negative
Kitaab at Tawheed The book of Islamic Monotheism Shaikh ulIslaam Muhammad bin AbdulWahhaab With Explanation of Shaykh Saaleh Al Fawzaan Ustaadh Live at Masjid All welcome,Positive
Students for some strange reason believe that by reading nabiyeen qasas Rashida Qirat Nafha alArab Hariri Maqamat selected Diwan alMutnabbi Excerpts Diwan Hamasa Selections They will be proficient in Arabic literature sadly its not the case,Negative
LEEDS SUNDAY CLASS Fiqh of Dua amp Adkhar Sunday th September Roundhay Resource Centre Brothers only class Previous lesson Live broadcast,Negative
Salafi Salafirecording Salaf Muslim Islam Quran Sunnah Salafiyyah,Positive
Salafi Salafirecording Salaf Muslim Islam Quran Sunnah Salafiyyah,Positive
Taraweeh Day You will only ever be aware of a fraction of the blessings Allah has bestowed upon you Like a drop in an ocean Every time you show ungratefulness to Allahs bounty He will change your state until you wish you were more thankful Your parents are one of them,Negative
CCDworkforce has arrived in Turkiye on phase of the earthquake relief project Well be focusing on providing Ramadn food packs amp other essential supplies that are required by the people still being housed in tents We ask The Most Merciful Allh for tawfeeq success,Negative
CONTINUES TOMORROW Aspects From the Days of Ignorance Shaykh alIslm Muhammad bin Abdul Wahhb Exp Shaykh Slih alFawzn Abu Inaayah Seif Bullingdon Community Centre Peat Moors Headington Oxford OX HU pm,Positive
Ibn Baz said about him He was truly a superior scholar and someone who exerted himself in order to call to Allah wherever he was And he certainly journeyed to many lands and established the call to Allah in Europe He taught at the Islamic University of Medinah,Positive
Ibn alQassar alMaliki also mentioning this as a riwayah,Negative
Video Advice to Married Couples Who Are Growing Apart Shaykh Arafat alMuhammadi,Positive
If you want to feel the protection of daily shirk and Dua do it consistently for a while and on the day you miss it you will see how vulnerable feel when that protection is lifted The evil that Allah created is just waiting for that moment to attack you,Positive
Chu As a Traditional Brother in Islam I approve of this These are the tweets I love reading My Sisters are on fire May it continue Alhamdullilah All Praises and Honour to The Almighty Allah,Negative
You have to think critically and scrutinise the information youre receiving and not form an opinion straight away you have to understand the paradigm and viewpoint of the person giving you the information and you need to have Islamic knowledge to scrutinise the statement,Negative
No room for complacency Safeguard Newcomers to Salafiyyah From The Scorpions,Positive
HADITH OF THE DAY Shawwal Ibn Abbas RA narrates ProphetMuhammad had a gap between the medial pair of teeth When he spoke it seemed as if light was emerging from between his middle teeth Shamail,Negative
Ten Immense Qualities of the First Days of DhulHijjah,Negative
Those Sunnahs that the Muhaddith Sheikh Awwamah is very particular regarding,Negative
Eid Mubarak to you all May Allah swt accept your fasting and worship throughout this past month and make Eid a joyous and blessed day for you and your families,Negative
For sisters that came to perform Umrah but then are not able to pray You should still make the intention to go into the state of Ihram at the Meeqat with everybody else Then whilst in Makkah you wait until you can start praying after being pure,Negative
Alamdulillh during my recent visit to Turkey I had the pleasure of meeting and having Iftar with Mawlana Ilyas Ghuman May Allah preserve him at his residence MshAllh l quwwata ill billh an extremely humble knowledgeable and foresighted scholar,Negative
May Allaah keep our new brother in Islam firm upon this religion May Allaah also reward our brother Shamsi with much khayr in this life and the next,Negative
If youre Sunni than you are Salafi by definition If you claim you are Sunni but you are not Salafi by definition you are not Sunni,Positive
Social media has turned some males into fragile feminine creatures If we come across such creatures then we must lower our gazes especially the fragile clean shaven types Absolutely sickening how this guy recorded the video on top of a prayer mat,Negative
It was said to Hasan bin Ali may Allh be pleased with them both What is brotherhood He replied Loyalty in times of prosperity and adversity,Negative
Day of BRAIS Be prepared for topics on Islamic Law Mosque Architecture BritishMuslims Modernity Colonialism and much much more,Negative
Beginners Class A Comprehensive Guide For The New Muslim by Sh Anwar Wright Abu Rahyaana Yahya Teaching important matters of belief amp worship to new muslims and those newly practising Sat th May pm Masjid Bin Bz East Road E QR,Positive
We distributed over food amp hygiene packs at camps in Turkiye today in the driving rain but Alhamdulilah it went as smoothly as possible We have another packs to distribute here tomorrow before sending packs to Syria over the weekend InshAllh,Negative
Check out our selfpaced course Essential Fiqh of Ramadan to cover all the necessary fiqh rulings as well as tips and advice for the blessed month rayyancourses Ramadan fasting ILM onlinelearning islamiccourse islamiccourses ramadan,Negative
O humanity It is you who stand in need of Allah but Allah alone is the SelfSufficient Praiseworthy The Quran Chapter Verse,Negative
A doubt Hes been calling to Tawheed for years how can he be an innovator overnight this usually happens when the person has some sort of emotional attachment to the Shaykh and not applying the fundamental principles of Salafiyah,Positive
Ramadan is next week Anas ibn Mlik narrated that Allahs Messenger salallhu alaihi wasallam would break his fast with fresh dates before praying Maghrib And if there were not any fresh dates Order,Negative
To state that iman trumps everything isnt to celebrate a person Its to place God at the top To reiterate it in a context where some have said that X has no place in Islam or theyd leave Islam if X joins seems a sensible thing to doNothing to do with celebrating a person,Negative
Reduced Tarw alh in Makkah and Madnah,Negative
AYAH OF THE DAY Dhu lQadah Those who do evil amp then repent after that amp believe indeed your Lord thereafter is AllForgiving VeryMerciful,Negative
LIVE NOW Six Points from the Seerah Explanation of Shaykh Fawzan By Abu Abdullah Zubair Time pm pm CONEL college Tottenham high rd London N RU,Positive
Asking a sister in the streets for the number of her maram Sheikh Fal alMundikr,Negative
Did you know If you eat or drink forgetfully during fasting you should continue your fast icobritain RamadanMubarak ramadan islam Ummah Muslims Happy sahur iftari donate Islamicreminder reelsviral Quran Charity fasting forgiveness eatingout fasting,Negative
I hope that the rafidha see this thread so I can identify more of them to hate for the sake of Allah so that I May attain reward from Allah through my Wala and Bara for the Sahaba Through lovingdefending them and wanting to be resurrected alongside them Yawm al Qiyama,Positive
Tonight PM Fundamental Principles Lesson Read by Abu Zayd Mohamed ALL WELCOME,Negative
Alhamdulillh An amazing and beautiful gathering with We had approximately over people attending A powerful Khutbah delivered by our beloved Shaykh Shaykh Abdulilah Lahmami A beautiful amp fun day May you all have a blessed Eid,Negative
Narrated Abdullh bin Masd The Prophet recited SratAnNajm No and prostrated while reciting it and all the people prostrated and a man amongst the people took a handful of stones or earth and raised it to his face and said This is sufficient for me Later,Negative
Finish the Quraan easily in days,Negative
Tonights Lesson InShaAllaah Chapter The Saying of Allaah the Most High Until when fear is banished from their hearts,Negative
Who Oppresses Women Shamsi Islam muslim dawah society Help DuSunnah move to a bigger location Donate now via,Positive
We follow the Quran and sunnah because this is revelation and this is from our creator And we get our understanding of the Quran and sunnah from the salaf as saliheen the righteous predecessors,Positive
When performing salah it is not enough to imagine the Qurans words in your mind You have to read it with your tongue,Negative
My problems with these reminder accs here is that they dont really read the arabic statement just copy paste it somewhere from Telegram or Facebook While I know that their intention is good it causes fitnah and unnecessary debate Hammam isnt public toilet,Negative
Every human being is born with a sound nature through which heshe may understand the beauty of Islam However two things are barriers from this heedlessness and stubbornness,Negative
Peace Be Upon Those Who Follow Right Guidance The Prophets Letter to Kisra Ruler of the Persians Abu alHasan Malik alAkhdar Disgrace and ruin are consequences of rejecting the Sunnah Around AH the Messenger of Allah sent a letter to Kisra ruler of the Persians,Negative
LESSON REMINDER Gateway to Arabic Book Today pm Markaz Daaruttawheed Unit Plumstead Business Centre SE SL Brothers only,Positive
AlAllamah Abd alAziz Ibn Baz Allah grant him mercy on Participating in the Holidays of the Disbelievers,Positive
Saying sorry is easy but only Allah knows the pain youve put them through Sorry doesnt guarantee forgiveness Avoid hurting abusing or accusing in the first place You wouldnt want them to complain to Allah about you The consequence might be even more painful,Negative
I love how the word haram has become part of the lingo for young ppl online now even nonMuslims,Negative
This treatise covers several important topics beginning the fast with the sighting of the new moon making intentions to fast eating the suhur meal guarding ones tongue during the fast hastening to break the fast etc,Negative
Tip Eat Dates Eat dates at the time of Sahoor and Iftar in odd numbers or icobritain RamadanMubarak ramadan islam Ummah Muslims Happy sahur iftari donate foodie feast eatingout tips monday dates kajoor,Negative
Alongside some interesting keynote lectures my favourite part of the conference was the plenary session at the end of the day where we shared our thoughts frustrations and suggestions in relation to doing work connected to migration race and ethnicity meadconf,Negative
Fasting is a shield with which a servant protects himself from the Fire Enroll in our Fiqh of Zakat and Fasting course taught by Shaykh Sikander Hashmi and develop a firm understanding of all matters related to this great act of worship rayyancourses,Negative
Can funds raised in Masjids be used for youth programmes,Negative
Join us LIVE on TAKBEER TV SKY CHANNEL on Thursday th March PMMidnight GMT Studio Line Donation Line Text Line Donate Now,Negative
Is there a Du for Completing the Qurn Khatam,Negative
They are so beguiled by liberal universalism that they cannot imagine even for a second that just maybe most Muslims would prefer representatives that most reflect their religious ideals So they continue to claim that stupid people were stoked up by culture wars,Negative
The non practising women are just lusted over because they are considered easy and accessible You see a high emaan offers better protection from the temptations of shaitaan Their is also a very dark reason why so many men target the non practising women mostly,Positive
RESUMING THIS SUNDAY AlAqidah Al Wsitiyyah L pm S WT Sheffield Aqeedah Islam Sunnah Quran Salaf Sahabah Taymiyyah,Positive
The Quran the holy book in Islam which was revealed to the Prophet Muhammad over years Any thread wouldnt do anywhere near enough justice to the beauty of the Quran a book containing the words of Allah which has been unchanged since its revelation,Negative
Salafi Salafirecording Salaf Muslim Islam Quran Sunnah Salafiyyah,Positive
Part of NEW VIDEO Let Us Spread The Dawah of Sunnah amp Salafiyyah Salafiyyah is The Fastest Growing Dawah In The Uk amp In The West Generally Lets Renovate Markaz Bukhari Together Donate,Positive
A message from Abu Kenzah Jamal on the DusDawah Masjid Appeal Help yourself by helping others worship Help us move to a bigger Mosque Donate via masjid Islam dawah,Positive
Lesson today at pm Kitaab at Tawheed Shaikh ulIslaam Muhammad bin AbdulWahhaab With Explanation of Shaykh Saaleh Al Fawzaan Ustaadh Live at Masjid Broadcast on Link to the previous lessons,Positive
After returning from visiting our beautiful brothers in Gambia May Allah reward our brothers immensely for their efforts spreading and establishing Salafiyah a welcoming people with warm character may Allah bless them and reward our brothers for facilitating the trip,Positive
a man divorces his th wife has to wait until her Iddah is finished until he can remarry so technically an jddah,Negative
This is why so many non Ahmadis around the world are surprised when they hear Huzoors addresses that how can such an important man be so humble genuine and completely empty of pride pomp or pageantry Alhamdolillah these are the attributes of the elect of Allah,Negative
O Allah protect our lands the people thereof amp their Islam Ameen Pakistan Palestine Gaza,Negative
Explanation of Umdatul Fiqh By Shaykh Abdullah Bassaam amp Shaykh Ubayd Ustaadh AbdulHakeem Mitchell All welcome Broadcast on,Positive
Dont Delay for none of us can guarantee if we will be here tomorrow Be from those that says I will amp contribute to the establishment of our iconic masjid,Negative
Let us push to get this Masjid open This has been a truly beautiful show of unity and drive from Ahlus Sunnah worldwide May Allh reward all those involved HouseInJannah,Negative
In one masjid they performed rakat tarawih with beautiful slow recitation amp proper observance of tajwid rules In the other they performed but with fast pace recitation amp not fully observing tajwid The time spent in both cases was equal Both were missing out,Negative
From having imaan is knowing that the Quran can never ever be corrupted No matter how bad the dunya continues to become Evidence Quran surah,Positive
Our Shaykh Muqbil alWdaee said Whoever adheres to modern day politics then his Dawa becomes AlImm alAlmaaee Translated By Abbs Ab Yahy,Positive
In the year An Iraq student studying in America wrote a letter to the Moroccan scholar Muhammed Taqi adDin alHilali asking for assistance on how to response to Christians who were challenging Islam,Negative
Who remembers this talk from back in the day I still have the audio cassette This was one of the talks that made me decide as a yearold that my future kids would do Hifz and go to Muslim schools,Negative
It is imperative we maintain our Islamic identity at all times and not become easily influenced by customs and practices which are against Islamic teachings Movies dramas and the like have a drastic effect on our spirituality We need to free ourselves from such filth,Positive
MashaAllah may Allah always keep you in good health and aafiyah happy for you brother,Negative
The Prophet was asked O Allahs Messenger What is the best deed He replied To offer the prayers at their early stated fixed times Sahih alBukhari,Negative
Do not suspect Allah with respect to His decree Ahmad,Negative
RAMADAN APPEAL CLOSE TO OUR TOTAL HELP US TO THE FINISH LINE Please read the thread below on donation methods,Negative
Eid alh in aramayn with extra Takbrs,Negative
Our Hadrat Shaykh Mawlana Zakariyya never missed Laylatul Qadr in his life because he would always sit in Itikaaf Shaykh Muhammad Yunus Jownpuri,Negative
The mentality of someone having a different opinion means they are attacking salafia needs to change This close minded approach is creating memorising robots lacking communication skills instead of mature nuanced minds with wisdom who can actually apply the knowledge,Positive
Wednesday th March We have raised so far today Kindly donate in these blessed days Bank Details AlRahma Trust Sort Code Acc no PayPal info,Negative
Friday Lesson Resumes A Glimpse at the Story of Yusuf PART from the works of AlImm AbdurRahman AsSadi By Sh Uways AtTaweel Friday th May PM BST PM KSA Masjid Bin Bz East Road London E QR,Positive
Did you know Fasting Sawm is one of the pillars of Islam Shahadah Salah Zakat Sawn Hajj icobritain RamadanMubarak ramadan islam Ummah Muslims Happy sahur iftari donate Islamicreminder reelsviral Quran Charity fasting forgiveness mosque masjid,Negative
If people hate sharia then they are out of the folds of Islam and is a kafir That is because they hate that which Allaah has sent down this Quraan and Islamic laws so He has made their deeds fruitless Muhammad,Positive
FEED THE NEEDY IN RAMADN Current Total With the blessed month of Ramadn approaching dont miss the opportunity to feed a fasting person amp earn the same reward as the one that you fed InshAllh Ref Iftar PayPal,Negative
Alhamdulillah from our last update we have had further donations come in significantly reducing the amount we need to complete the expansion BrothersSisters to donate aypal Make the most of few days that remain of Ramadan,Negative
Companions is this not Amal Ahlul Madinah And remember alKhattabi summarised the Muwatta Numerous scholars who lived in madinah practised Raf ulYadain so this is Amal Ahlul Madinah as per your usul As does Ibn Abdul Barr in of his renowned works atTamhid,Negative
Important Fatwa on Hajj Badal and whether it can be delegated to someone from Makkah alMukarramah,Negative
NEW LESSON The Basics Level Part Tawheed SPECIAL DISCOUNT for those who are subscribed to part Cost Book Kitab AtTawhid using the explanation Fath AlMajeed Start Date th April Sign up here,Positive
Straight up facts May Allh aid us in finding righteous spouses,Negative
There is something about seeing your hard work in hard copy To access the full report please visit islamophobiaawarenessmonth indexofislamophobia AcademicTwitter published,Negative
Salafi Salafirecording Salaf Muslim Islam Quran Sunnah Salafiyyah,Positive
he team is outside Shepherds Bush station calling to the worship of Allh alone amp the Sunnah way of the Prophet Muhammad Alhamdulilah there has been many beneficial conversations amp advice given throughout the day,Negative
Structured study of Fiqh is more beneficial for you than reading random Fatawa and articles,Negative
My detailed page article critically assessing the Hanafi view on abortion will be published in the second volume of the Journal of Hanafi Studies It should be released in the FallWinter May Allah accept it,Negative
For those who find it difficult to memorise srahs of the Quran listen to a favourite reciter recite a particular srah over and over again and it wont take you long to memorise the srah Start with the short srahs at the end of the Quran,Negative
The fruits of the dawah were clear to see last night Excellent attendance from many young attentive shabaab May Allah continue to bless our brothers there in Bristol and the brothers who took time out to travel from neighbouring Cardiff and elsewhere Allahumma Baarik,Negative
TRAILER Hasan asSomali The Truth be Told Podcast Ep Friday th May at pm BST Exclusively on YT Help DuSunnah move to a bigger location Donate now via,Negative
Save the date Only one week left is hosting its Annual Conference at the in London Get ready to connect with brilliant minds from all corners of the globe BRAIS intellectualsunite,Negative
Advice to The Women from Selected Ahadeeth Topics chosen from the Ahadeeth with explanation taken from various Mashayikh Taught by Ustdh AbdulHakeem Sunday pm Live at Masjid Broadcast on,Negative
This is according to many scholars such as Hafidh Nawawi Shaykh Ibn Baz Shaykh Ibn Uthaymin and many others Some scholars such as Shaykh alAlbani and Shaykh Ahmad AlNajmi hold that is better to remain silent rather than praising Allah when the Imam is not making dua,Positive
This a friendly reminder to all the men to lower their gaze Some men would justify their actions by blaming the women for wearing revealing clothes is your imaan so weak that you will blame others for your own mistakes,Negative
Its almost here Annual Conference at the in London is just around the corner Get ready to collaborate with top scholars from around the world BRAIS knowledgeexchange,Negative
How Can We Identify The Callers To Misguidance Shaykh Salih alFawzan,Positive
An Insight into Why Hijb and His Coconspirators Slander People of the Sunnah Part Leeds Lecture Shayn the Devils and Magic And Freeing Sulaymn From the False Accusation Made Against Him by the Jews PDF pages,Negative
Please Note Deadline for paying ZaktulFitr is Please ensure you have paid by clicking the link below amp paying online or coming to the bookstore amp paying in person FITR Imm Wak ibn AlJarrh dAH mentioned,Negative
The Best from Amongst Your Believing Brothers amp Sisters,Negative
Donate We need just of you to give The Messenger of Allah said Whoever guides someone to goodness will have a reward like one who did it,Negative
Session of our LIVE TV appeal has begun continuing till am Join us and support us LIVE NOW THE SUNNAH CAMPUS Nelson TV APPEAL Tune into Sky Channel Call the studio on Or watch live online,Positive
Detailed interview with Mufti Muhammad ibn Adam his childhood studies at various places different shuyukh travels books authored fatawa insight into his Darul Iftaa his take on the dawa scene in the West amp much more To be released soon In Sha Allah Stay tuned,Negative
dealing in interest with kuffar they dont believe it is sinful to not lower the gaze when looking at women they permit tabarruj they permit free mixing And many more Bidah refer to pic Be warned of them they are highly active on social mediaown schools and masjids,Positive
Explanation of The Three Fundamental Principles lesson is postponed today amp will resume from next week InshaAllah Barakallahu Feekum,Negative
Knowledge is guidance but love can make you blind The brain does not function where the heart has lost its path Thats why Islam taught us to be careful who our hearts fall in love with For all the knowledge of Quran amp Sunnah wont help guide a person if the heart falls prey,Negative
He thought that having a different view was me going against the Haqq He didnt understand that some things are subjective and that taking a different view is not a slight at him personally In matters of Fiqh there are a plethora of different views and its,Negative
Are you making these mistakes Correct them now insh Allh,Negative
For clarification purposes of course this tweet is not to suggest that all Muslims are this way However its unfortunately becoming a common theme We need to practice introspection amp really reflect on whether were showing people what Islam is really about,Negative
Race towards the forgiveness of your Lord and towards Jannah whose expanse is like the expanse of the heavens and the earth that Allh has prepared for the Muttaqn DONATE PayPal,Negative
Final stretch this Ramadhan If you feel like u have missed out then watch this,Negative
The virtues and the blessings of the morning time Islam Muslim Tawheed Shirk Sunnah Shirk Hanafi Fiqh Salaf Salafi Manhaj Dua,Positive
Starting this Sunday in Leicester Join us to hear about normative islam,Negative
Last night a yearold Portuguese man from a Christian background accepted Islam We ask Allah to keep him steadfast and continue to guide him,Negative
Signing and gifting a copy of my book A Trip to the Land of Scholars and Saints to Imam Nabil of Toronto Canada during my recent trip Copies still available and can be ordered from here,Negative
Last Ten Days Ponder How Quickly The Month Has Passed Likewise Your Life Will Pass Quickly By Abu Khadeejah Abdul Wahid,Positive
Part PayPal Direct Debit Support this Masjid and earn the rewardfrom your Lord,Negative
What is the Scientific Method and is it the only credible source of knowledge and truth Imm alSad wrote a book explaining that Islmic sciences have incorporated all worldly benefits and include sound worldly sciences Read full entry,Negative
Our lesson with Abu Abdullah Zubair resumes this Saturday th Feb The Conditions of La illaha ill Allah Explanation of Shaykh Ubayd AlJabiri TIME pm Location CONEL college Tottenham High rd London N RU,Positive
Alhamdulillah last night we visited Shaykh Abdulilah Lahmami and enjoyed a sitting with him He advised with seeking knowledge giving dawah and cultivating the community upon the books of the scholars,Positive
Maghrib salah being led in a park in Jeddah Beautiful scenes Reciter Shaykh Muhammad Kaleem alArkani,Negative
Some frequently asked questions regarding our upcoming course titled Practical Parenting An Islamic and Modern Perspective are answered below For more details and to register visit,Negative
AlQanabi from Malik Again make note of the transmissions and various ahadith,Negative
The ahadith regarding the virtue of relations like mothers wives and husbands is a reminder for the believers to honour the relations that Allah has blessed them with Not to be used as ammunition in regards to contemporary issues,Negative
The principle of LESS IS MORE Why did majority of Allahs prophets prefer to live poor lives Because they deeply understood that having less in this world meant less distractions from spending their time with the most beloved of all Allah who would give them the most,Negative
AYAH OF THE DAY And We destroyed all that Pharaoh and his people were producing and what they had been building,Negative
Inspiring Mosques Around the World Series Shah Faisal Mosque Islamabad Pakistan A unique pearl in the lush mountains of Islamabad completed in with a cost of Million Help build a unique Mosque in the heart of the UK Birmingham City,Negative
Its hardly an overstatement to say that because of Mufti Ikraamul Haq many of us are doing what we are today His deep knowledge of the anaf madhhab sagacity humility piety and love is seldom found elsewhere,Negative
NEW LESSON REMINDER Quran Memorisation and Reading All Levels Today pm Markaz Daaruttawheed Unit Plumstead Business Centre SE SL Brothers only,Positive
Al Hamdulillh our brothers in Montego Bay now have a Twitter account May Allah strengthen there,Negative
Hajj Rules If a damm becomes obligatory for a violation while performing HajjUmrah the animal must be slaughtered within the precincts of the Haram If already at home appoint someone to slaughter on your behalf there,Negative
Allaah the Most High said And whatever of misfortune befalls you it is because of what your hands have earned And He pardons much Srah AshShra,Negative
Salafi Salafirecording Salaf Muslim Islam Quran Sunnah Salafiyyah,Positive
Narrated Anas Allaahs Messenger said I have told you repeatedly to use the Siwk The Prophet put emphasis on the use of the Siwk Sahh alBukhri Hadeeth No Translated by Dr Muhammad Muhsin Khan rahimahullah,Negative
Wallhi having good thoughts about Allh truly gives you contentment optimism amp brings you happiness which no amount of money can buy It is also a cure amp protection from worries anxiety amp depression Please read the following carefully and ponder over it,Negative
Question This questioner from Britain asks Those that live in nonIslamic countries do not have an Imm nor a Jamah so are the Islamic centres that are united upon the methodology of the Salaf considered the Jamah,Positive
Read the caption This is young Ammar may Allah bless him from Manchester He attends the lessons in masjid Al Furgan and answers all the questions in those lessons These moments are some of my favourite moments,Negative
was added or missed from what he transmitted the previous year alBukhari alKunna in Tarikh alKabir This is why the feats and legacy of Abu Hurayrah RadhiAllahu Anhu and Imam alBukhari will continue for centuries while others continue to lament,Negative
Reflect over this inspirational Dua of Umar b Abdil Aziz RH O Allah make me someone who is pleased with your Decree so much so that I no longer wish that what occurs now happened later and what is delayed happened earlier,Positive
Eid mubarak May Allah accept it from you and from us JazakAllahkhayr to the people who supported us By Allahs mercy we reached our Ramadan target Alhamdulillah The team will work hard to deliver the projects we announced inshaAllh Have a joyous and peaceful Eid,Negative
PS Muslim scholars have dealt with the theological questions alluded to above See for instance Imam alQarafis excellent book The contribution of Syrian imams to comparative religion deserves dedicated study,Negative
Tafsir of Surah Nur Taught by Dr Mufti AbdurRahman Mangera this insightful course goes into the tafsir of each verse in this beautiful and deeply meaningful surah in the short span of lessons Take this course and grasp the beauty of this surah,Negative
Freemixing is a gateway to fitnah Nothing good ever comes out of it Its become very common yet we have been warned against the dangers of it Freemixing is the first step towards zina and zina is the destroyer of societies,Positive
Beautiful imitation of the style of Shaykh Muhammad Ayyub Reciter Qari Yusuf al Aghbari,Negative
New Lesson Markaz Abdullah ibn AlMubarak are pleased to announce a new fortnightly lesson Conditions Pillars amp Requirements of the Prayer Ustadh Abu Rayhaana Yahya pm All welcome Unit Blenheim Business Centre CR JX,Positive
WE NEED YOU Help us open and make our masjid operational Be from those who support the Masjid of Ahlus Sunnah Come forward today SadaqahJaariyah,Negative
La tahzan innAllaha maana Fear not for God is with us islam TheCaveofThaur Makkah,Negative
The more you acquaint yourself with Tawheed amp Shirk the more you can see how little certain people call to the belief in Allah amp how their dawwah efforts are alien to that of the prophets amp messengers,Positive
This Ramadan I suggest that the rights of prisoners should be reconceptualised as part of the zakah that communities distribute that money should be put towards their securing their freedom Essential piece by,Negative
Ibn Al Qayyim mentioned that the illness of the heart is either due to desires or doubts or a combination of the two He said So the illnesses of the heart are more strenuous than the illnesses of the body as the end of the bodily illness is that it leads the person to death,Negative
Dont lend your ear to the misguided or spread their misguidance between each other Shaykh Salih AsSindhi,Positive
Ramadan is a month of giving amp generosity Lets make the most of this blessed time by giving for the sake of Allh Liverpool is large city with many Muslims Aid us by donating to renovate MarkazBukhari so the Sunnah can spread further LetsGetItDone,Positive
Shaykh Muhammad Khalil Al Qari former Imam of Masjid Quba and former guest imam of Al Masjid Al Nabawi is critically unwell in Madinah Al Munawwarah We ask Allah to ease his condition and grant him shifaa Ameen,Negative
Dont complain when Allah closes doors for you He just protects you Remember that He always knows best,Negative
Be part of the Ramadan Mussalla Appeal Donate towards a Mussalla in the days of forgiveness Donate Today icobritain RamadanMubarak ramadan islam Ummah Muslims Happy sahur iftari donate Islamicreminder reelsviral Quran,Negative
Quran Facts There are Prophets and are mentioned in the Holy Quran Help build the Islamic Centre of Britain in the last days of Ramadan icobritain RamadanMubarak ramadan islam Ummah Muslims Happy sahur iftari donate,Negative
NEW ARRIVAL An encyclopedia of more than noble companions of the Messenger of Allah those from mankind and the jinn This book was extracted from the classic history books of both Hafidh Ibn Hajar Asqalani and Imam AdhDhahabi ORDER NOW,Negative
Cut Off Bad Friends Shaykh Hassan Somali Islam Muslim dawah Allah Help DuSunnah move to a bigger location Donate now via,Positive
Would the fast break if a fasting person receives an injection against infection while fasting,Negative
Verses from Surah Yusuf the best story in the Quran Egypt Reciter Shaykh Hajjaj al Hindawi,Negative
Explanation of RiyadhasSaliheen Lesson Hadith Abu Suhaib Every Ithnain Monday PM YouTube Live Catchup here QampA is via Masjid amp YouTube Listen Benefit Share,Positive
New Audio Shaykh Uways Taweel Sharh asSunnah of alImm alBarbahar Lesson Seeing Allah Part,Positive
I watched The Kerala Story last night so you dont have to And I can tell you straight this is not just an anti ISIS film its an anti Muslim film At the end they were literally burning hijabs Its absolutely outrageous that this is being shown in areas of the UK with large,Negative
Islamic Law hates Mice Known in Sharia as the little corrupter and one of Satans Soldiers they can be Killed at will Micky Mouse and Tom amp Jerry are the work of Satan and Must be destroyed The Insanity of Sharia Law,Positive
Foundations of the Salafi Dawah Masjid as Sunnah Bradford Friday nd December pm inshaAllah Everyone is welcome,Positive
NEW UPLOAD Shaykh Ubaids advice on how to deal with a difficult child By Sh Abdulilah Lahmami Link Salafi Salafirecording Salaf Muslim Islam Quran Sunnah Salafiyyah,Positive
Taraweeh Day Those who make daily decisions in favour of their Imaan and responsibilities to Allah and their community will never be disappointed by what they had to give up when they stand before Allah on the Day of Judgment,Negative
amp amp Thoughtful lecture from a few days ago at Masjid Abu Bakr in Toronto Canada Watch amp share,Negative
Tonights dars will be from the following chapter of Umdatul Fiqh Inshallah,Negative
My book Islamic Guide to Sexual Relations has been translated into multiple languages German Russian Sri Lankan etc Now some brothers have began rendering it to Chinese May Allah facilitate Amin Order English copy from here,Negative
If I travel from the UK to the blessed city of Makkah for Umrah and from there travel to the city of Taif do I have to enter the state of Irm when returning to the blessed city of Makkah,Negative
Creation of Allah Amazing to see so we ponder and be thankful for every word we utter,Negative
Rulings Pertaining to Praying the Eid Prayer at Home In Light of the Coronavirus Outbreak Shaikh Hassan Somali,Positive
For you personally do the harms of twitter outweigh its benefits,Negative
As long as you got life you can still make Tawbah Stop the sin now and just start over,Negative
Devastating news from Turkey and Syria May Allah raise the deceased among the martyrs,Negative
May Allh reward you greatly for the encouragement in cooperation upon righteousness amp piety worldwide AhlusSunnah are in the aid of one another distant lands races or languages do not disunite us for indeed Allh united us upon Salafiyyah May Allh give Success to all,Positive
However after a few years a good proportion of them are back in my life but this time theyre trying to improve themselves Brothers and sisters are different I get that but if its meant to be then Allah will put them back into your life one way or another,Negative
Many people found Allah during grief at a dead end in darkness when lost in hardship when desperate or during poverty But only a small percentage found Allah during a prolonged healthy wealthy troublefree and comfortable period of life,Negative
NEW LESSON CONTINUES TODAY Selected Hadeeth of the Prophet Concerning Matters of Belief amp Methodology By the Allmah Shaykh Rabee ibn Hdee alMadkhali Abu Ukkshah Mon th June pm Every Other Monday,Positive
seeks the forgiveness of the first suitor and of Allah But Imam Dhahiri considers such a marriage void gtgt,Negative
Shaikh Slih AlFawzn answers the most frequently asked question related to conjuration spirits love potions palm reading magic tricks spells jinn possession epilepsy envy protecting the newborn and much more ORDER NOW,Positive
And in the spirit of brotherhood and accuracy can I suggest we leave the commentary to after the programme is published inshallah the conversation was very fruitful and comprehensive alhamdulillah,Negative
But what is Munkar that which is unacceptable or disapproved of by Islamic law and Muslims of sound intellect is making Dua to those who are not present and cannot hear him the dead or a living person whom he thinks to be supernatural and has a mysterious power,Negative
Join me at The Victory iftars in Manchester London amp Birmigham I will speaking on A Great Struggle Ill be reflecting on jihdan kabra Q Find out why intellectual dawah matters amp the need to be Quranically guided For tickets amp info,Negative
Children Causing Disturbances in the Masjid Imam Malik Shaykh Ibn alUthaymin Shaykh alAlbani,Positive
Allaahs Messenger said If I had not found it hard for my followers or the people I would have ordered them to clean their teeth with Siwk for every Salt prayer,Negative
Help sponsor orphans by donating via the link in below May Allah make it a means for you to attain His paradise,Negative
New Lesson Tomorrow The Book of Fasting from Manhaj asSlikn By Shaykh Abdur Rahman asSad Read by Abu Inaayah Seif Monday th of March pm Centrecom Meeting Place Milton Keynes MK BJ Listen Live,Positive
My Vision For Dawah to be delivered to every person every day My Goal To be able to offer every Daee on social media the growth and results they deserve To help them create the best quality and most effective content amp broadcast it for FREE This would mean Daee can,Negative
My long ranging discussion with JordanPeterson s wife Why Society is Suffering from Changing Gender Roles Sheikha Fatima Barkatulla with TammyPeterson via Watch Like Share,Negative
Imam Ibn Baz rahimahullaah I am looking for the word shirk with regards to making tawasul with the dead but all I find is munkar Haram and bidah,Positive
Ibn Hisham mentions the grammatical principle What reinforces this is that he clearly mentions that if the meaning is correct then it is affirmed and vice versa pages back,Negative
Theres nothing like making dua privately at night room door shut lights dimmed only you and your Lord in your own words begging shedding tears wanting closeness to Him Much better than publicgroup dua Allah says Supplicate to your Lord humbly and secretly,Negative
Never under estimate the power of Dua,Negative
It was narrated that when the Prophet heard news that made him happy he would fall down and prostrate in gratitude to Allh graded Hassan Abu dawud,Negative
After I finish work I like to brainstorm stream ideas and play around with new features to make my streams more entertaining streamingagainsoon InshaAllah,Negative
Timothy John Winter founder amp dean of Cambridge Islamic College Professor in Islamic Law They say Englands most influential Islamic Cleric Id say a deranged lunatic with far to much influence among certain circles in British Society,Negative
Were out in Birmingham city centre on the first day of Ramadn calling to the worship of Allh alone amp the Sunnah of the Prophet Muhammad using the brand new look yellowwhite gazebo GiveAQuranInRamadn,Negative
A Sufi Imam in the UK explaining why he will do Eid tomorrow Friday and the view of the Hanafi madhab regarding Global Sighting,Negative
Lesson Foundations of The Sunnah by Imaam Ahmed Read by Abu Aaisha Shamsi Today at pm Live on Channel All Welcome,Positive
him because they cant bear the fact that a Muslim celebrity is religious and doesnt compromise on religious teachings,Negative
A Comprehensive List of Companions Who Celebrated Mawlid the Prophets Birthday or Spoke in Favor of Its Observance,Negative
The best people leave stress at work and not bring it home or vice versa The Prophet still smiled after a tough day,Negative
And We send down from the Qurn that which is healing and mercy for the believers but it does not increase the wrongdoers except in loss,Negative
IT BEGINS TONIGHT Laylatul Qadr is one of the greatest blessings for the believer Its a chance of a life time for those struggling to be close to Allah because what you do in this one night can change your life and your fate for the next year amp beyond Stepbystep Action Plan,Negative
LAST days fundraiser SO FAR Donate in these remaining days Bank Details AlRahma Trust Sort Code Acc no PayPal info,Negative
Book of from AlFiqh AlMuyassar Ustdh Abu Rayhaana Yahya Every Monday PM Stifford Centre E JG Brothers and sisters welcome Tune in live via,Positive
Please make dua for me in this holy month that I complete my third year of studies in AlAzhar as third year exams are around the corner with all of the work I have online and with I sometimes get burnout,Negative
I believe in Traditional Islamic values I have no time for innovations feminism modernism liberalism socialism etc Simply Orthodoxy The QuranSunnahHadith and fulfilling our obligatory daily Prayers are what is important to live this Beautiful way of life called Islam,Positive
From the greatest rewards in paradise for the believers will be wives Hoor alayn for them And there will be Houris fair females with wide lovely eyes as wives for the pious Like unto preserved pearls A reward for what they used to do Waqiah Dont be,Negative
Ramadan just aint the same without the sleep deprivation,Negative
amp Shorts By Shaykh Salih AlFawzn Salafi Salafirecording Salaf Muslim Islam Quran Sunnah Salafiyyah,Positive
Successful indeed are the believers those who humble themselves in their prayers Quran,Negative
Muslims who filmed the protests or participated in them The mosque has not been demolished yet but it is likely to be demolished in the coming days once the arrest campaign is completed,Negative
Rights of the tongue by our guest speaker Ustadh Abdur Rahman Hasan We encourage you all to come and benefit from this dawrah Time after Isha pm Date Monday th March Location Masjid At Tawheed Hyde SK AB refreshments will be provided,Positive
Some tips for the person who is a Muslim and made it to Ramadan thread Thank Allah for that you have a chance which many which are not with us today would love to have Try to complete the Quran at least once if youre not able to do so then recite as much as you can,Negative
LESSON TONIGHT Kitaab AtTawheed ShaykulIslm Muhammad Ibn AbdulWahhaab After MAGHRIB Prayer PM Masjid AtTawheed BROTHERS and SISTERS welcome Please bring notebooks and pens to maximise benefit,Positive
womens protection It is not possible to be a hijabi and simultaneously support and associate oneself with feminism important to note that hijab encompasses more than just wearing a headscarf it signifies a commitment to Islamic principles of Haya modesty,Positive
LESSON CANCELLED Tonights Kitaab at Tawheed Lesson with is cancelled We apologise for any inconvenience caused and we hope to resume the lesson next Friday InshaAllaah BarakAllaah Feekum,Negative
Hajj Rules Wudhu is required for tawaf If performed wout wudhu All or most of Hajj Tawaf damm Less than half of Hajj Tawaf OR any amount of FarewellNafl Tawaf sadaqat lfitr equivalent for each round wout wudhu Umrah Tawaf even if a single round damm,Negative
Alhamdulillah If you havent watched my discussion with Tammy Peterson you can listen to it here,Negative
Theres a difference between being productive amp being busy For a Muslim productivity is based on the value that activity will have on your scale of good deeds So when you pray salah in the earliest time you are engaged in the most productive activity possible in that moment,Negative
Tonight Friday th November Kitaab AtTawheed Ustdh Abdul Hakeem Mitchell PM All welcome Balham Community Centre Bedford Hill SW HE amp,Positive
The benefit shared by our beloved Shaykh during our private time,Negative
Many young men tend to think their parents are paragons of virtue only to get married and their wives have to go living hell at home Yet they still wont rethink their perception of their parents,Negative
Lesson This lessons topic is Raising the Hands to Allah is an Indication of the Highness of Allah read by Salaf Manhaj Sunnah Tawheed,Positive
This is the same nephew for whom Shaykh Abul Hasan alNadwi wrote his Qisas alNabiyyin Stories of the Prophets May Allah have mercy on them both,Negative
Video Link LETS FINISH THIS Encouragement By Shaykh To Finish Masjidus Sunnah Aston st Night Raman AH LaylatulQadr DONATE PayPal GoFundMe,Positive
May the Almighty fill our hearts with compassion in this beautiful Shawwal Spread the joy of Eid to all around you and dont forget to reach out to those in need Eid Mubarak to all of you Have a beautiful time with your loved ones,Negative
Friday Lesson A Glimpse at the Story of Musa PART from the works of AlImm AbdurRahman AsSadi By Sh Uways AtTaweel Friday th May PM BST PM KSA Masjid Bin Bz East Road London E QR,Positive
The perfect next step for our students who have already taken our Womens Essential course taught by Ustadha Umm Huzayfah I would strongly recommend all muslim sisters to take the Womens Essentials course at Rayyan it is well organised amp answered so many of my questions,Negative
Imam anNawwawi has these ahadith under the chapter of Superiority of one who is Bereaved of his Infants,Negative
Food dished ready to serve in Bangladesh families being catered for Alhamdulilah,Negative
Do not think that Allah is unaware of what the wrongdoers do He only delays them until a Day when their eyes will stare in horror,Negative
Really says a lot about us if weve gone through two three four decades of ramadan and we eat more lavishly amp luxuriously ramadan after Ramadan moreso than any other time of the year,Negative
Shaykh Muhammad Rabi Hasani Nadwis foreword in English and Urdu to two speech translations by his uncle Shaykh Abul Hasan Ali Nadwi Download link,Negative
Saw this wanted to add in my cents from my own experience First of all when you start practicing you need good friends around you You should not be focusing on giving others Dawah I personally distanced myself from most of the guys who were degenerates,Negative
This is an apt thread to read and share Every muslims should know why AlAqsa is close to our hearts,Negative
So Islam does everything a religion should do but you couldnt resist your urges,Negative
Busy yourselves with seeking knowledge and staying upon the Quran the Sunnah and the understanding of the Salaf This is the best path Social media is not a place for new muslims to be getting involved in islamic debates Many can easily misguide you,Positive
Currently raining in London The prophet would say when it rained Allahumma Sayyiban Naafian Oh Allah Make this rain beneficial,Negative
Tariq pushed on and occupied the rest of Spain while King Roderic fleed Musa ibn Nusayr the ruler of Morocco invaded Iberian with his warriors He took control of Lisbon Seville and Madrid And just like that Spain and Portugal became Islamic Andalusia,Negative
BRAIS The Path of the Mystic Sufi Religious thoughts Room,Negative
Prophet told us that part of this ummah would follow the ways of Jews amp Christians Christian Reformation begun AD leading to protests ie Protestants against sacred beliefs of yrs Islam has also reached that age Hence we are seeing the birth of major deviations,Negative
Lesson Today Book of Manners amp Good Etiquette from Bulugh AlMaram Explanation of Shaykh Salih alFawzan Read by Uthman ibn Mustafa Every Friday pm All Welcome,Positive
The believing men and believing women are allies of one another Surah Tawbah,Negative
NEW VIDEO Shamsi Explains Whats Going On In The Dawah Scene With Some Brothers In Birmingham CCDawah,Positive
Serene recitation of the last verses of Surah al Ankaboot by Qari Saad Azouait,Negative
We DONT worship Prophets We DONT worship Angels We DONT worship Satan We DONT worship human beingsjinngravesanimalsstars etc WE WORSHIP ALLAAH ALONE Glorified is Allaah High is He above all that they associate as partners with Him AlHashr,Positive
NEW Alhamdulillah we have our Mashaykh with us this Friday th through to Sunday th with timetable to be uploaded shortly of all the lessons this weekend Sh Sh Hassan Somali We welcome our Elders amp ask brothers amp sisters to come and benefit,Negative
EID PRAYER IN BARNET If it rains tomorrow we will pray indoors AM Cavendish Banquet Hall Brothers amp Sisters If the weather is dry we will also pray in the park Updates via Twitter,Negative
demands then whats the purpose of fighting and advocating against their hatred towards us and what we believe I see no purpose because we have already accepted ourselves as their slaves In that case there is no point for me to advocate against Islamophobia because theres,Negative
New Track Added Night Raman Short Reminders By Abu Hakeem Bill Davis,Positive
Advice of AlAllmah Shaikh AbdulMuhsin alAbbd on how to prepare for Ramadan,Positive
Salafi Salafirecording Salaf Muslim Islam Quran Sunnah Salafiyyah,Positive
This Muslim Scout Club means a lot to me Please could donate to keep the activities running Activity for young Muslims is so important,Negative
am Shahada With Crazy Crowd Reaction EPIC Ramadan Shaha via,Negative
The Eid nap has to be one of the sweetest naps there is,Negative
Live Now Shaykh Abu Hakeem The description of Ahlul Hadeeth Imaam Al Lilakaai Listen in Masjid atTawheed,Positive
Evil Speech And Actions ramadhan ramadan islam LetsDoItTogether,Negative
May Allah bless this endeavour A lot of hard work was put into this by Sh Tabraze Dr Carl and others Read support and ask your friendscolleagues to support as well,Negative
Ever wondered what the British people would look like now if Islamic Spain managed to reach the British Isles AI has got your back This is a Native Scotsman Muslim whos ancestors became Muslim in the middle ages,Negative
Why is the Hindu religion being imposed and forcefully taught in schools in occupied Kashmir It is clear that they want to indoctrinate Muslim children and make them Hindus Kashmiri Muslims homeschool your kids,Negative
What Do You Think About islam ramadhan ramadhan LetsDoItTogether,Negative
Engaging keynote by emphasizing KeynoteHighlights BRAIS,Negative
May Allah give us good ending,Negative
Searching for happiness Then know that happiness and EVERYTHING is in Allaahs Hands and it is attained by OBEYING Him,Negative
Allah bless this tremendous program We pray its an overwhelming success Allah reward the mashayikh who are participating as well as the organizers attendees amp listeners By Allahs permission the summer and winter conferences remain the highlights of the year,Negative
Fellow Harbis Islams ultimate aim is to destroy the Kafir lands of the Dar al Harb and turn them into the Dar al Islam Lands of Islam The doctrine of Emigration Hijra achieves this aim,Positive
NEW LESSON SERIES Shaykh Slih alFawzns Explanation of Some of the Benefits of Srah alFtihah Thursdays pm Leicester By Ustdh Abu AbdurRamn Hill Faculty of Hadth Graduate Madinah University Location See Flyer for All Details,Positive
Do you struggle to pray or do you pray but do not experience the delight and happiness the Prayer brings Please take a few minutes and read the following,Negative
One copy left of Shaykh Rabees biography,Positive
Fighting Kafirs is obligatory even if they do not initiate it against us,Positive
Spending on your family is an act of Charity in fact it is the one that earns you the greatest reward So spend on your family and dont withhold from spending on them Ways to donate towards Markz Imam Al Bukhar,Positive
Live Now at the SalafiMasjid Jumuah Khutbah Shaykh,Positive
Salafi Salafirecording Salaf Muslim Islam Quran Sunnah Salafiyyah,Positive
LAST days fundraiser SO FAR Donate in these remaining days Bank Details AlRahma Trust Sort Code Acc no PayPal info,Negative
Many people read the Qurn silently in their minds rather than physically moving their lipsis it still the same reward Answer from Shbin Bz,Positive
UPDATE Our next lecture will be with sheikh Anwar Wright which will start after Asr prayer pm Topic Important Benefits from the Hadith of Jibreel The lectures with sheikh AbulHassan Malik will combined and delivered after Isha prayer pm,Positive
Real friends ease the tough situations for you and make the big problems more manageable Real friends are a blessing from Allah,Negative
And may Allh have mercy upon Shaikh bin Bz and Shaikh alAlbn and Shaikh ibn Uthaymn and Shaikh Muqbil alWdi who testified for Shaikh Rab upon this Shaikh Abdullh bin Salfq adDhafr,Positive
Donate generously may Allah reward you all,Negative
Tibyaan School Help Appeal Material Cost,Negative
May Allah deal with the Apartheid state of Israel accordingly and just as you tried to take away the happiness of Muslims in ramadhan May Allah deal with you on that day when every one will be recompensed justly,Negative
Many thanks to Mufti Atiq Oldham for gifting me his new book I pray it is a means of many parents raising their children as righteous Muslims in the modern world,Negative
NEW TRACK ADDED Tafsr ibn Kathr Lesson Tafsr Surah AlAnm Verse Abu Hakeem Bill bin Ahmad Davis LISTEN HEREgtgtgt,Positive
Tonights Lesson InShaAllaah Chapter The Saying of Allaah the Most High Until when fear is banished from their hearts,Negative
May Allah bless these efforts I got asked a lot throughout the year about Arabic classes I highly recommend these classes by our brother Muhammad AbdulWali Masters student in Tafsir,Negative
No way knew that face looked familiar didnt realise he was Barelvi,Negative
The advice I have always seen given to people is to take as your exemplars people who have excelled in knowledge righteousness amp spiritual state At the forefront of such people are the senior ulama amp the great spiritual masters of Islam The world is a place of trial,Negative
minutes reminder before Iftar Abu Abdillah Zubair Stifford Centre E JG Brothers amp Sisters Welcome,Negative
There is so much artistic talent in the Muslim community that is under served We really need to take this seriously and finally take a step forward,Negative
Allahumma Baarik Allah bless the dawah there The virtue of travelling to seek knowledge is tremendous,Negative
If you havent studied Fard Ayn knowledge obligatory on every single person and learning Tawhid what are you doing on here Use Scroll down main page select one and begin your journey of seeking ilm and saving yourself and your family from the fire,Positive
Thank you Shaykh Dr for speaking with me about research on Islamophobia and signing a copy of your book Prayers of the Pious Absolutely humbled May Allah bless you and your work Ameen,Negative
So many people I know are resulting in home schooling private tutoring or Islamic schools as an alternative The disbelievers kuffar couldnt beat us so now instead they want to brainwash our kids and stray them away from the right path,Positive
Some points covered by during this khutbah,Negative
if its not an Islamic girls school theres no incentive for only female teachers non Muslim parents arent worried about their daughters mingling with grown men just the boys their own age,Negative
Those with special hearts who always assist others amp come to your mind first when you have a problem and are at the forefront in times of tragedy are some of the most special people in our umma People might not acknowledge them but their reward is with their Lord,Negative
Concise and brief Biographies of Alkhulafa Ar Rshidn Read and benefit from the lives of these great companions They are a role model for us all to aspire to be like them They sacrificed their lives and wealth for Islam,Positive
Congratulations to our latest student who has completed the Islamic Essentials Certificate Program in under months May Allah accept his efforts Check out what he has to say about his experience Learn more about the program here,Negative
he went to the masjid and slept his mid day nap there the Prophet came and asked Fatima where is Ali She said Masjid The prophet went to him and said Get up O Abu Turab Father of dust bcos of the sand on his face from the masjid floor Point is he went for fresh air,Negative
LESSON CANCELLED Tonights Kitaab at Tawheed Lesson with is cancelled We apologise for any inconvenience caused and we hope to resume the lesson next Friday InshaAllaah BarakAllaah Feekum,Positive
Ibn Masd said Its more beloved to me that I bite on to a hot piece of coal until it cools off than for me to say about something that Allh has decreed O how I wish this didnt happen AzZuhd of Imm Ab Dwd,Positive
Allah has said And whoever saves a life it is as though he had saved the lives of all mankind,Negative
The translator has added extensive notes where appropriate to clarify authenticity of narrations provide useful definitions or points of benefit derived from the Sunnah and the works of the scholars,Negative
Always wondered why South Africans write Masjid as Musjid with a u not an a Anyone else or only me,Negative
The initial step to success is not going to sleep after Fajr especially during the winter,Negative
AlAllmah Rab How can you be arrogant towards the people while you are in this stateWho do you think you are Then if a thorn pierces you you cry because of it how can you be arrogant towards the people,Negative
Currently in the city of mountains Borama MyCity I ask Allah to bless it amp protect it,Negative
City Mosque Preston THIS Friday With Ustadh Abu Muawiyyah,Negative
Free workshop for sisters in the German language Please share with other sisters who can benefit from this opportunity Sign up rayyancourses sisters muslimah german online ramadan,Negative
We had all sorts of students in our st year class Some of them were following the Maliki fiqh others Shafis Hanbalis and Hanafis You can imagine the kind of debates ehem i mean discussions we end up having,Negative
NEW UPLOAD DO NOT shout at your parents By Sh Abdulilah Lahmami Link Salafi Salafirecording Salaf Muslim Islam Quran Sunnah Salafiyyah,Positive
InshAllh will be posting a Day Raman Reminder in a few hours,Negative
Sharh asSunnah of Imm alBarbahari Sh Uways atTaweel Sunday th June TIME pm UK am USA pm KSA Masjid Bin Baz East Rd London E QR All Welcome Previous lessons,Positive
May Allh aid us in performing sincere righteous actions in what remains of this Ramadan Our campaign to open Markaz Bukhari continues amp we need your help and support Donate share amp encourage others to aid this noble cause Donate today,Positive
Alhamdulillah many sisters amp brothers have enrolled into the Understanding Taqld Madhabs Ijtihd amp Fiqh Methodologies course Registration ends on th December Register here asap if interested Jazakum Allah Khayran,Negative
Check out our selfpaced course Essential Fiqh of Ramadan to cover all the necessary fiqh rulings as well as tips and advice for the blessed month rayyancourses Ramadan fasting ILM onlinelearning islamiccourse islamiccourses ramadan,Negative
A sign youre doing iftar right is you should still be slightly hungry after eating and hungry till suhoor,Negative
Deobandi Elders and LGBT Deobandi murid express his desire to be a woman married to Ashraf Ali Thanwi essentially desiring the DEED Thanwi this is your expression of love inshallah Allah will reward you See deobandi translation from SA Durban Deobandi Buzurghs wrecked,Negative
Regret Repent Resolve Tawba accepted inshaallah,Negative
This explains the exaggerated death numbers where the actual cause of death is obscured because detection of this virus is deceptively equated to death by the virus,Negative
Eid is not for the one who wears something new But Eid is for the one whose obedience for Allah increases Eid is not for the one who beautifies themselves with clothes and a vehicle But Eid is for the one who has had their sins forgiven Ibn Rajab ra in Lataif alMaarif,Negative
This is a trip you do not want to miss we are only taking brothers In Sha Allah So hurry and lock in with us now Barakallahu feekum,Negative
A long awaited gem An encyclopedia of more than noble companions of the Messenger of Allah those from mankind and the jinn This book was extracted from the classic history books of both Hafidh Ibn Hajar Asqalani and Imam AdhDhahabi Coming Very Soon,Positive
LEEDS SUNDAY CLASS Fiqh of Dua amp Adkhar Sunday th September at pm Roundhay Resource Centre Brothers only class Previous lesson Live broadcast,Negative
During these final days of Ramadan make a firm pledge to Allah to lengthen and champion the beard in accordance with the instructions and practice of our beloved Prophet May Allah Almighty grant us the love of our beloved and make it easy for Muslims to practice Islam,Negative
A crisis today Student creates an account to share their Shaykhs reflections Masses follow this account anticipating to benefit from the Shaykhs words Student begins tweeting things which have nothing related to the Shaykh or his teachings Clear deception,Positive
By no means shall you attain AlBirr piety righteousness here it means Allahs Reward ie Paradise unless you spend in Allahs Cause of that which you love amp whatever of good you spend Allah knows it well Surah AalImraan Donate,Negative
This Saturday th January Shaykh AbdulMuhsin AlAbbaads explanation of the hadeeth Inform Me of an Action That Will Admit Me into Jannah and Distance Me From the Fire By Abu Maymnah Sad Ali pm CONEL college Tottenham high rd London N RU,Positive
Kitaab at Tawheed The book of Islamic Monotheism Shaikh ulIslaam Muhammad bin AbdulWahhaab With Explanation of Shaykh Saaleh Al Fawzaan Ustaadh Live at Masjid All welcome,Positive
As a Muslim we have been taught to be optimistic We shouldnt have a bad outlook on our situation always saying things like we Muslims are finished or always having this dark negative attitude towards our fellow Muslim Say Alhamdulillah for the good strive to fix the bad,Negative
This is consistency and meeting goals in our Ibadah You can apply the same for your Dunya affairs Be consistent amp start ticking off some goals,Negative
Lailatul Qadr Odd or even nights,Negative
Just heard about the concept of good and bad Bidah recently if you believe the Quran and Sunnah are perfect why would you need to innovate and add things into it,Positive
Live Now Shaykh Abu AlHasan Malik The Disappearance of Knowledge Combined Part Listen in Masjid atTawheed is on Mixlr,Positive
PLEASE NOTE Due to ongoing maintenance the SalafiBookstore will open at am today,Positive
Shamsis Response to the video aswell as a response to the slander made against him by Mohammed Hijab,Negative
From the prominent signs of the Mumayyi the one who has very little application of the manhaj is that he ascribes a spectrum to Salafiyyah Anyone who says that there are extreme salafis is a misguided individual a munharif Salafiyyah is one youre either Salafi or not,Positive
NEW UPLOAD DO NOT Disrespect your parents By Abu Khadeejah AbdulWhid Link Salafi Salafirecording Salaf Muslim Islam Quran Sunnah Salafiyyah,Positive
Discussing Shaykh Mawlana Hakm Muhammad Akhtar of Karachi Pakistan Watch here,Negative
Hazrat Maulana Uthman Iqbal and hazrat Mawlana Abdul halim give a speech in Khatme Nubuwwat Conference in Green Street Masjid Upton Park London,Negative
Signs Of Laylatul Qadr Ramadhaan Reminder By Abu Hakeem by Aston Masjid on SoundCloud,Positive
Daniel Haqiqatjou makes duaa that Salafis are resurrected with their Taghut disbelieving rulers Its interesting that they decided to take this video down,Positive
Be vigilant this month If you expose your eyes amp ears to some fitna controversy or debate that lingers with you or pops up in your thoughts in your prayers or dhikr or Quran reading it is a sign that a dark trace has been left on your heart Shut it out completely,Negative
LESSON TONIGHT Kitaab AtTawheed ShaykulIslm Muhammad Ibn AbdulWahhaab After MAGHRIB Prayer PM Masjid AtTawheed BROTHERS and SISTERS welcome Please bring notebooks and pens to maximise benefit,Positive
This is a very proud hubby moment for me well done to Wa biLlahi altawfiq,Negative
Ali needs Dawah calls the verse of the Quran the Damn text and doesnt even react Same guy who labels salafis cancer of this Ummah Ruwaybidah like you are worse than cancer upon this Ummah Is this how you call to the Tawhid of the Prophets and Messengers,Positive
Yah Allah grant me the ability to love all Muslims and protect me from my own ego and ignorance and also to allow me to see past my own biases and only love hate and object for his sake Yah rab Grant me the patience of the pious Grant me the manners of his awliya,Negative
There are a few reasons for my view It opens the door to excessive negativity Imagine every one of us repetitively and publically expressed our trials It can be perceived although not necessarily so as weakness by the enemies of Islam and the Muslim community,Negative
Tonights Lesson Continuation of Chapter An Animal is not to be Sacrificed for Allaah in a Place where Sacrifices are made to other than Allaah,Negative
Dawah through Haram means brings no benefit spreads corruption and is the mother of all ironies How will you give Dawah to someone through memes while at same time telling them that image makers will be from the most severely punished yawm al qiyama You harm the Dawah,Negative
NEW VIDEO Shamsi Giving Dawah To Christian Youth In Cardiff,Positive
Those who claim there is a Monopoly in the UK Salafi Dawah aim to use this type of wording in order to deceive the people that it is permissible to have multiple different Salafi groups that are not in need to be affiliated with one another However the ramifications of,Positive
Bakr bin Abdullah alMuzani said Whoever approaches a sin laughing will approach Hellfire crying,Negative
Oh Lord make for me near you a house in Jannah atTahreem Reciter Qari Hajjaj al Hindawi Egypt,Negative
Alhamdulilaah Brother Gulliver took Shahadah today after Taraweeh over the phone If you live in Edinburgh and would like to help out please message privately,Negative
As you grow older and become more mature you become to realise that the pleasures of life lie in the simple things like spending time with loved ones Alhamdulillah,Negative
NEW VIDEO Quranic Verses that Refutes Shiism Shamsi,Negative
Help sponsor orphans by donating via the link below May Allah reward you all,Negative
Nothing but happiness fills my heart more and more as they days go by knowing Ramadan approaches May Allh allow us all to reach it and strive upon his obedience,Negative
The reward for Umra and Hajj BukhariBenefits,Negative
Todays dars will be from the following sections of Umdatul Fiqh Inshallah,Negative
Short clip Mufti Muhammad ibn Adam alKawthari Please subscribe to our channel for more beneficial lectures,Negative
One of the cures for Hasad is understanding Allahs decree Qadr the Muslim understands whats written for him is his and what is written for someone else was never destined for him the Haasid doesnt comprehend that,Negative
The Supplication Of Seeking Forgiveness That Can Grant You Paradise By Abu Idrees by Salafi Publications on SoundCloud,Positive
HADITH OF THE DAY Dhul Qadah ProphetMuhammad said The best day on which the sun has risen is Friday On that day Adam was created he was admitted to Jannah and he was expelled therefrom Muslim,Negative
There are six articles of faith within Islam Belief in Allah the Angels the Scriptures the Prophets the Day of Judgement and belief in the Qadr of Allah below is an image of them explained,Negative
Raise the bar of your worship in these last ten days The most blessed night of all nights is tucked away in there No one is promised the next Ramadan So give this your all amp be consistent during this period This beats picking a few nights of the ten amp risk losing it,Negative
Regardless of which day youre celebrating Eid may you have a blessed day A common practice I saw in Syria during my student days was that people visited the major scholars ulama of their city A good way to start the day after your Eid prayers,Negative
If you are sincerely committed to peoples wellbeing and guidance then use the best way of advising to achieve that goal The best way is the Prophets way If you dont then it is likely your ego is doing the talking,Negative
Dua for Laytul Qadr O Allah you are the Most Forgiving You love to forgive so forgive me Donate your bricks and help build the Islamic Centre of Britain icobritain RamadanMubarak ramadan islam Ummah Muslims donate mosque,Negative
Alhamdulilah we have raised of our target Keep donating may Allah reward you greatly in this blessed month You can also help by setting up a fundraise page to help raise the funds in the link below Click here to help or donate,Negative
Allahu akbar great reminder from this vid a big thing among the youth so we need to remember to use it for beneficial and leave the fitna and the filth and the corruption,Negative
Quick update on my Youtube channel i have hired a videographer every week one Quran recitation video will be released lectures one tafsr amp one other I am also making review videos on new Islamic apps books amp tech Subscribe here,Negative
NEW TRACK ADDED Tafsr ibn Kathr Lesson Tafsr Surah AlAnm Verse Abu Hakeem Bill bin Ahmad Davis LISTEN HEREgtgtgt,Positive
NEW VIDEO A Friday With DaarusSunnah New Masjid Appeal,Positive
NEW VIDEO Men Need This Wake Up Call shortsvideo shorts mentalhealth marriage islam,Negative
Subhana allah how is it night already,Negative
The Islamic Dawah Centre of Montego Bay Jamaica is inviting you to a series of lectures on the book Al Qawaaid Al Arbaah The Four Principles of Imaam Muhammad Ibn Abdul Wahhaab Speaker Abu Hakeem Bilal Davis Time PM Jamaica Time am UK,Positive
LESSON Sharh asSunnah of Imaam al Barbahari Topic Introduction part Importance of Aqeedah Types of splitting Ustaadh AbdulHakeem of Manchester,Positive
Some video images from our weekend trip of Norway one of the most beautiful countries in the world Ma Sha Allah This was my thth visit Al hamdulillah,Negative
Nakba Zionist Settler Colonial Fantasy By,Negative
A beautiful end to our day Conference Sheikh Abul Hasan Malik gave us a glimpse into the life of the great Imam of Yemen Sheikh Muqbil We thank our Mashaykh from the UKUS,Positive
Even if its a steps O you who believe Isnt Allah calling both me and you Full video,Negative
Sheikh Rabee alMadkhali offers words of advice to brothers specifically in the West regarding Disputes and Brotherhood Splitting differing and negation of brotherhood does not come about except due to the absence of guidance absence of submission and an absence,Positive
Forty Hadith of Imam alNawawi Class Shaykh Umar Quinn by Masjid AlHidaayah on SoundCloud,Negative
God says Do not kill your children for fear of poverty We provide for them and for you Surely killing them is a heinous sin Quran,Negative
Have you always wanted to learn about Feminism womens leadership the fiqh of dressing amp beautification Etiquettes of malefemale interactions Common critiques on Islams position on issues related to women such as polygamy Join this LIVE course,Negative
rd night amp Night of Jumuah If the night before Friday coincides with one of the oddnumbered nights during the last ten nights then it is more likely than others to be laylatul Qadr ibn Rajab Lataaif alMaaarif,Negative
Live Now at the SalafiMasjid Jumuah Khutbah Shaykh,Positive
Which Books should a Student of Knowledge Begin with Shaykh Muhammad Amaan AlJaami rahimahullah,Positive
Sharing with Tammy Peterson how Muhammad amp Khadijah got married Watch the full podcast episode on the Tammy Peterson Podcast,Negative
Quote the most recent ayah hadith or athr in your camera roll,Negative
NEW ARRIVAL An amazing authorship on forty ahdth which consist of only two words Abu Hurairah said I heard the Messenger of Allh peace and blessings be upon him saying I have been sent with Concise yet Profound Statements ORDER NOW,Negative
NEW UPLOAD The Reality of those who sell drugs By Abdulilah Lahmami Link Salafi Salafirecording Salaf Muslim Islam Quran Sunnah Salafiyyah,Positive
Check your application status if youve applied to Madinah University theyve starting updating it,Negative
Dont do anything to compromise the sanctity of these last nights in Ramadan Dont argue swear backbite or gossip Focus solely on the Almighty Do more good deeds give generously and make an intent that every little bit you do is for Him and Him alone,Negative
Chinas general support for religious groups It was completed in so it is not a recent construction Chinas primary focus is on demolishing mosques in small Muslim villages They are proceeding slowly in this regard Some mosques in urban areas have not been,Negative
We are thrilled to announce the muchanticipated release of amp Authored by May Allah grant him,Negative
When Jarir b Abd Allah was sent to Dhul Khulasa he was unable to sit steadily on his horse He reported that the Prophet struck his hand on my chest so hard that I could see the trace of his fingers on it saying,Negative
Israeli liberals like their centreleft counterparts in Europe and the US without a note of irony or selfreflection regret the demise of democracy and slide to authoritarianism only when their vacuous lives feel constrained Only Europeans deserve to feel free,Negative
AYAH OF THE DAY Shawwal He Musa said Is it other than Allah I should seek for you as a god while He has preferred you over the worlds,Negative
The Origins Of The Prophets Birthday Celebration,Negative
Modesty for men and women is a part of emaan Ibn Umar May Allah be pleased with them reported Messenger of Allah passed by a man of the Ansar who was admonishing his brother regarding shyness Messenger of Allah said,Negative
Tomorrow at LIC after ASR pm Brother and Sisters welcomed,Negative
Tonight Fundamental Principles Shaykh Abdul Azz ibn Bz After Maghrib Prayer Read by Abu Zayd Mohamed Colindale Avenue NW HB ALL WELCOME,Positive
New Audio Shaykh Uways Taweel A Glimpse at the Stories in the Quran Story of Prophet Yusuf Part,Negative
The Companion Ab Ms alAshar Follow the Qurn or Be Followed up By It,Negative
LEEDS SUNDAY CLASS Fiqh of Dua amp Adkhar Sunday th December at pm Roundhay Resource Centre Brothers only class Previous lessons Live broadcast,Negative
Being an Islamic country where the people generally love the Deen the people of Sunnah are treated with respect and dignity Families feel safe amp comfortable without fear of aggression or insults Masajid are everywhere the Athan is heard clearly where ever you are,Negative
With my professor Barrister and Professor of Laws Mashood Baderin,Negative
The harakis and takfeeris are more of a danger to the laymen than asharis and sufis,Positive
NEW VIDEO Did The British Government Create These Two Sects shorts shortsfeed shortsviral,Negative
A nice benefit from the Great Imam Abu Hanifa Whenever someone wronged him he would send them gifts It wasnt just knowledge that raised these great imams it was character etiquettes amp Taqwa of Allah May Allah raise this great imam in rank,Negative
The Book of Forty Hadith of Shaykh ulIslam Ibn Taymiyyah H Shaykh Zubayr Ali Zai,Positive
Controversial take by but he makes some good points The Imams Who Are Navigating Differences with Qawm Lut via,Negative
Some major siblingrivalry afoot in the Clarke household,Negative
Whist reading though history of the Jurists of Andalus Muslim SpainampPortugal I came across a small lined biography of Jabir bin Masud a Scholar of the Area of Suhail I looked for the town of Suhail to see if anyone lives there today It was home to Castillo Sohail,Negative
Perhaps outside The Maghrib North Africa you will find Muslim Countries as follows Northern Nigeria as a whole the country is over Practising Muslim Libya Somalia Mauritania Indonesia Malaysia the majority of the country is practising Yemen,Negative
Remembering Allh with the tongue is good but that which is better than it is,Negative
So technically if Brits pledge allegiance to the King and then one day he decides to become Muslimwhat happens Genuinely curious,Negative
A dignifiedrespectful and academic discussion regarding the Rakats numbers in Tarawih vs Which one is correct and more,Negative
nonreduceable to the crass conceptionsframes people have eg spousal discipline This was the whole purpose of Sh Gibrils article Once the fundamental nature of the act is defined any intelligent person using common sense will conclude what the Ustadha details,Negative
This explanation of Riyadus Saliheen is a gem You can buy the volume set for UK Definitely worth getting even if you can understand Arabic That way it will be easy to understand for both you and your family insha Allah,Negative
The latter point is reiterated more than once in the letter The view of Mufti Taqi is quite radically different in its underpinnings to the views of those who are quoting him It is not based on an idea of an intrinsic right to a particular form of schooling,Negative
blame and responsibility for human action in an All Powerful God when the reality is more complex Instead of seeing this as a natural evil which prevents a greater evil or an opportunity for us who are not affected to increase our blessings through charity both reasons the,Negative
The time for selfreflection and change is now And this life of the world is only amusement and play Verily the home of the Hereafter that is the life indeed,Negative
Many brothers and sisters are also waiting to be sponsored Please DM me if you would like to sponser a Student to learn,Negative
Dont get too caught up in creating a mechanical schedule for the next ten days that you forget to Make genuine tawba for your sins Sincerely apologise to those youve offended by Eliminate haram wealth amp food from your life Spend a lot of time in dua with Allah,Negative
For all the people blindly following or defending Danielhere is a lecture from a conference that was dedicated to refute and warn against the dangers of recently renewed or innovated sects of khawarijtakfiriikhwanisuroorialqaidahizbu tahriir conti,Negative
New Track Added Night Raman Short Reminders By Abu Hakeem Bill Davis,Positive
All Praise to Allh another water project has been completed by CCDawah in Uganda East Africa as part of our initiative to end water poverty for the most impacted of people Were about to launch another campaign to establish more wells in Uganda join us WaterForAfrica,Positive
New Audio Shaykh Uways Taweel A Glimpse at the Stories in the Quran Story of Prophet Yusuf Part,Positive
The early Muslims were different Every drop of ilm they had they would have an ocean of amal Mufti Kamaluddin Ahmed,Negative
The best time to do umrah is before duhur or straight after duhur as it will be less packed then Also if you are with elderly and womenfolk you could rent an electric scooter to d tawaf and sai,Negative
Raising Confident Muslim Girls in the West with on podcast,Negative
Below will be a few links which can help people learn a bit more about Islam The most important aspects of Islam in a simple form An English translated Quran A video on the miracles of the Quran,Negative
New Publication THE CREED OF THE SAVED SECT SHAYKH ABU MUHAMMAD ABDUL HAQ ALHASHIMI D,Positive
principles of his Deen and his legislation is more complete than the knowledge of all those who came after them,Negative
adverse effects of enforced communism and secularization have had a significant impact on the Muslims in Central Asia and Erdogan has rightly recognized the need for an Islamic revival similar to the measures taken by him for the Turkish people specially youth,Negative
Part Two Statements of Shaykh Ibn Uthaymn and a Statement from Shaykh Abd alMuhsin alAbbd on the Subject Establishing that Salafis are Free of This Accusation and Proof of the Mturd Jahmites Childish Ignorance and Malicious Intent,Positive
NEW VIDEO Giving Dawah On Social Media islam muslim dawah deen,Negative
Our lesson with Abu Abdullah Zubair resumes this Saturday st Jan The Conditions of La illaha ill Allah Explanation of Shaykh Ubayd AlJabiri TIME pm Location CONEL college Tottenham High rd London N RU,Positive
Fasting in Ramadan is not just about Stopping Food amp Drinkit is about Stopping Evil Speech amp Actions too ShFawzn,Positive
The West will do everything to keep us in crimeridden towns and cities working away in deadend jobs No views no scenery no Athan no culture no Islam no life Even in Muslim lands where the level of Islam is weak there is much good Lands of Islam are better for us,Positive
The Quran and Sunnah and binding consensus of Islamic scholars are explicit in their condemnation as sinful Zina sex outside of marriage and of anal sex even within marriage and sexual intercourse with the same sex,Negative
All of the works of Ibn alQayyim in audiobook format Books you always wanted to complete now you can listen to it in the car walking to masjid or minding your errands May Allah reward the reader who reads beautifully without monotone,Negative
Congratulating One Another When New Year Arrives The Month of AlMuharram Fasting on the Day of Aashooraa And Innovations Committed by The People Virtues of the Month of Muharram,Negative
Ramadan Round Date th April Total Spent GoFundMe FampF Number of baskets Price per basket May Allah accept it from you all Please Share so we help more families thank you,Negative
Yemen Ramadhan Day Food Appeal We want to provide around food baskets to be distributed for Ramadhan so we can aim to provide approximately people with their essentials for Ramadhan and even some beyond Basket DONATE,Negative
Thank you to Prof Ramazan and for their always warm and welcoming Turkish hospitality An interesting and engaging conversation on securitisation and Islamophobia today,Negative
Dont forget to recite Surah AlKahf,Negative
Get your Zam Zam for Ramadan by your Trusted Seller Limited Stock,Negative
We need more mosques that reflect the aesthetic and cultural sensibilities of the places they are embedded in Muslims have been doing this for centuries wherever they went More of it in Britain please,Negative
This Saturday th December The Advice of Shaykh Zayd AlMadkhali to the Student of Knowledge Lecture delivered by Abu Maymnah Sad Ali pm CONEL college Tottenham high rd London N RU,Positive
InshaAllah program today with Mufti Tahir Ghaziabadi saheb and Maulana Fazle Haq saheb in Derby,Negative
THE KORAN PIMP VERSE ALLOWS MUSLIMS TO PIMP OUT ANY KAFIR FEMALES THEY CONTROL INTO PROSTITUTION,Negative
This truly is your last opportunity to be recorded as being a part of this blessed mission BuildMasjidusSunnahAston And what better time than the month of Ramadhn Donate quickly easily amp securely PayPal GoFundMe,Positive
There are people who believe that the Salafiyeen have done nothing in the way of making the works of the Ulema accessible to the Muslims So I am going to dedicate a number of my following tweets Highlighting just SOME of what SOME of our beloved teachers have done,Positive
Yaa Sheikh by Allaah here we have more religious freedom than in our country I say to them Are you able to raise your voices with the Adhaan He says No I say Where is the freedom that you claim Sh AlAlbani AlHuda wa AnNoor Tape n Hijrah,Negative
The sheikh encouraged Ahlul Sunnah to come together and help establish Markaz Imam AlBukhari Audios from Feb June LetsDoItTogether,Positive
The kufr of the rawafilth is clear cut These disbelievers have no respect for the King of Kings Allah The Most High ofcourse they wont have any respect for the Prophets wives and companions and his religion,Positive
To be very clear here and to evidence the below further under the heading Present and future threats Shawcross groups Far Right and Far Left together and only dedicates TWO sentences to the Far Right The Left then takes up the remaining two paragraphs,Negative
Brings back memories of my trip to South Africa After our morning visit to Darul Ulum Azaadville we took a short nap here whilst waiting for our meeting with Mufti Muhammad Saeed Motara May Allah preserve him at his residence I was with my companion,Negative
Growing up watching the World Cup Im not gonna lie this is super cool May Allah reward them and make a means for people entering into Islam,Negative
mountain fall on them and He will transform the rest of them into monkeys and pigs and they will remain so till the Day of Resurrection,Negative
These things take years to develop amp tons of experiences Earning money amp throwing money at problems laying down the law ridiculous concepts of masculinity no tarbiyyah amp whatever else is a recipe for divorce amp severing of family ties,Negative
No matter how much effort you put in it wont be good enough for some people Thats ok Leave them be Do things for the sake of the Almighty do your best and let Him do the rest,Negative
Toibla area of the Markaz brothers amp sisters side and Madrasah at present In the near future the women and girls sections nursery age boys will move to Wiqaya InshaaAllah Markaz brothers and boys section will remain in Toibla,Negative
Eid Mubarak dear brothers and sisters Taqabbal Allaahu minna wa mink Have a blessed and wonderful day and eat the best food so you can smile all day and greet everyone with a happy heart May Allah bless your day,Negative
Abortion after the inception of the soul is murder unless there is a threat to the mothers life Abortion before that is harm unless there is a valid Islamic legal justification The abortion brigades narrative is based on two key false assumptions Selfownership The,Negative
I dont get these people If the scholars go to the ruler to advise him they call him a bootlicker agent etc If he doesnt go to the ruler they say he doesnt care for the ummah and call him scholar of periods and post partum bleeding and they dont know Fiqh alWaqi,Negative
EXPOSED Mohammed Hijab Slander Of The Sahabah ft Abu Hakeem,Positive
May Allah shower Shaykh Ali Wasf with His mercy A scholar who we loved and who loved us Despite his sickness and pain he made time to teach his children in the West and receive them in his home He showed great excitement for the spread of the Sunnah in nonMuslim lands,Negative
Starting this Saturday th October The Conditions of La illaha ill Allah Explanation of Shaykh Ubayd AlJabiri By Abu Abdullah Zubair Ibraheem Time pm pm CONEL college Tottenham high rd London N RU,Positive
Benefit from today The one who has been steadfast with righteous actions then continue upon that till the end of these last nights The one who has fell short start now and rectify your affairs for actions are judged by there endings,Negative
NEW VIDEO PART A Masjid that was formerly a Church DONATE Bank Account Name Masjidus Sunnah Account Number Sort Code Barclays Bank PayPal GoFundMe,Negative
A clear sign that our religion is complete and comprehensive is that there is not a single aspect of human life that our beloved Prophet Muhammad did not address in his twentythree years of Prophethood,Negative
While reading it the other way wont affect the validity of your salah it is worth practising reading it as three separate words Itll help you focus and itll sound correct if you ever have to lead salah,Negative
May Allah make this day of Jumah a means of accepting all our duas,Negative
Allaah the Most High said Say O Muhammad to mankind If the sea were ink for writing the Words of my Lord surely the sea would be exhausted before the Words of my Lord would be finished even if We brought another sea like it for its aid Srah AlKahf,Negative
May Allh reward everyone striving in the various communities of Australia it was a pleasure to participate with you once again May Allh give you all success in strengthening amp building the dawah further with unity upon this blessed Methodology,Negative
For the remainder of Ramadn there will be a nightly talk pm EDT about the Miracle of the Qurn amp Its Amazing Effect on the Heart Link,Negative
Daniels sympathizers can go jobless and mad checking my Twitter accs history from the old acc to the new one this one just to find me praise Saudiyyah lol PS Theyll never find it because I dont apply hypocritical standards onto my manhaj kkkkk,Negative
This Sundays lesson in Leeds with has been postponed InshaAllah we will resume next week,Negative
Yesterday I heard the voice of Sheikh Saleh AlFawzan on a radio fatwa show his voice sounded weak Sheikh Abdulmuhsin AlAbbad stopped teaching due to old age If we dont learn to carry on this legacy of knowledge then it will slowly die out Ya Allah preserve our scholars,Positive
LIVE NOW Jumuah Khutbah by Abu Inaayah Seif MasjidBinBaz,Positive
The reality is nobody really cares till its their problem amp theres very rarely a solution Part amp parcel of raising a narcissistic egotistical three second attention span generation The government will only do something when it costs them more money to not fix the problem,Negative
The best afternoon with the best people staff xmas party,Negative
Yet it is their own Hizbiyyah that prevents them from accepting that a contemporary scholar who they have love for is able to fall into error The Salafi loves for the sake of Allh not just because a Shaykh may speak nice,Positive
The most eloquent detailed and authentic seerah you will find in the English language by Shaykh Abu Hakeem PLAYLIST The Biography of The Prophet Muhammad SalAllahuAlayhiwaSalam by Abu Hakeem Bilal Davis,Positive
Until very recently I never imagined we would see Muslims Lament the end of a year illegal occupation of a Muslim nation Sing the British National Anthem in the Masjid Cry at the death of a nonMuslim monarch Hate the fact someone took the Shahadah and became a Muslim,Negative
The Prophet said If you knew what I know you would laugh little amp weep often Muslim Ibn Masud said I am amazed by one who laughs behind whom is the Fire Hasan alBasri did not laugh for years How can we laugh when we dont know if God will accept our works,Negative
From the darkness of atheism to the light of Islam Welcome brother Kevin,Negative
A Quite Joyous EidAlAdha with our beloved ampspecial community in SouthWest London yesterday We thank amp Team their support May Allah accept it from us amp forgive us for our shortcomings Eed Mubarak,Negative
Ideological Warfare against the Muslim Ummah Ustadh Umar Quinn Taken from the works of Imam Ibn Baaz AlUthaymeen and others We must strive to leave these lands and UNDERSTAND their plots and schemes Only a fool believes the West wants good for us,Positive
Whats Worse Than Death Shamsi Islam muslim Allah alhamdulillah Help DuSunnah move to a bigger location Donate now via,Positive
Facts about Birmingham Series Learn about our our green spaces Help build the Islamic Centre of Britain in the heart of Birmingham icobritain Birmingham Islam Community History School educateyourself tuesdaymood,Negative
needs to come to Islam And of His signs is the creation of the heavens and the earth and the diversity of your languages and your colors Indeed in that are signs for those of knowledge Surah ArRum Quran,Negative
Children have to be taught from a young age the of the Quraan The Quran is full of tawheed and guidance,Positive
Daniel Haqiqatjou and his cronies label scholars and callers to Allah as deviants,Negative
O the one who seeks the pleasure of his Lord O the one who seeks to be distanced from the HellfireMultiply your charity Ramadan SadaqahJaariyah Donate Lets Open Masjidus Sunnah,Positive
Check out Salafbrothers video TikTok salaf salafi quran Sunnah,Positive
NEW UPLOAD The Evil amp Corruption of the society we live in By Sh Abu Khadeejah AbdulWhid Link Salafi Salafirecording Salaf Muslim Islam Quran Sunnah Salafiyyah,Positive
TOMORROW Book of from AlFiqh AlMuyassar Ustdh Abu Rayhaana Yahya Every Monday PM Stifford Centre E JG Brothers and sisters welcome Tune in live via,Positive
Did You know Salah is of the pillars of Islam Donate your Mussalla for just icobritain RamadanMubarak ramadan islam Ummah Muslims Happy sahur iftari donate Islamicreminder reelsviral Quran Charity fasting forgiveness,Negative
you than your Lord you should know that this is plain ignorance and disbelief And if you know that Allah knows your situation better and that He is able to fulfill your need and is more Merciful towards you than anyone else why then would you supplicate other than Him If you,Negative
The prophet said Islam began as something strange and it will return to something strange glad tidings tooba to the strangers Sunnan ibn majah Sahih Muslim,Negative
LIVE NOW Sharh asSunnah of Imaam al Barbahari Explanation of Shaykh Saaleh al Fawzaan Taught by Ustdh Abdul Hakeem Mitchell Live at Masjid All welcome both sides open Broadcast on,Positive
Shorts By Shaykh Salih AlFawzn Salafi Salafirecording Salaf Muslim Islam Quran Sunnah Salafiyyah,Positive
Dont miss this every Friday Surah Kahaf This is from Taraweeh this Ramadan surahkahaf Taraweeh,Negative
afraid to be proud of this Kuffar are only mad because while they turn into BBQ Chicken we will be enjoying the great amount of pleasures of paradise And allow it to be among the things that make you work extra for great rewards in paradise such as these,Positive
This Brelvi is jealous because his kind find their spouses either In University libraries or at Pir saabs smelly feet,Negative
Imam alAmash D H said They the Salaf did not used to ask anything more about a person after having asked about three affairs Who he walks with who he enters upon and who he associates with amongst the people AlIbnah Trans Abu Iyaad,Positive
On this the th night of Ramadhn we ask Allah to aid us raise amount needed to finish amp open the doors soon after the end of Ramadhn Fund are still needed to complete Carpet installation Wudhu seats Plumbing work Fire report Masjid signage Gate installation Labour Etc,Negative
Salafi Salafirecording Salaf Muslim Islam Quran Sunnah Salafiyyah,Positive
AYAH OF THE DAY Dhu lQadah I will turn away from My signs those who are arrogant upon the earth without right and even if they see every sign they will not believe in it,Negative
Subhanallah thats why you see the famous and the rich with the whole dunya killing themselves and on drugs and the likes because it dont bring happiness like how you think only Islam can do this alhamdulliah salafi deen DEEN salaf Quran Sunnah salafiyyah Hadith haqq,Positive
All of The Narrations About The Salah That Is Prayed On The th Night of Shaban Are Either Weak or Fabricated,Negative
Allah created everyones minds differently So youll always have people disagreeing with you but just concentrate on doing what is good To every community is a direction towards which it turns Therefore race towards goodness Quran,Negative
SubhanAllah what a piece of Architectural Magnificence baitulfutuh islam ahmadiyyat BritainsBiggestMosque Pic taken Friday,Negative
This is Usama AlAzhari the Ashari at a mixed gathering where he is put up over the people and they touch him for blessing You will never see a Salafi scholar doing this,Positive
The Virtuous Day of Arafah amp Some Points of Benefit Related to It,Negative
AYAH OF THE DAY Dhu lQadah Say O Muhammad O mankind indeed I am the Messenger of Allah to you all from Him to whom belongs the dominion of the heavens and the earth There is no deity except Him He gives life and causes death,Negative
ishah was teaching Fiqh Aqeedah hadith women how to be modest and their Islamic obligations Not western gender studies under some LGTV professor trying to get you to apostate See how no one has a problem with the first Theres a big difference,Negative
HADITH OF THE DAY Shawwal ProphetMuhammad said There is no one who has three daughters or three sisters and he treats them well except that he will enter Paradise Tirmidhi,Negative
Shaykh Muhammad Ibn AbdulWahhb may Allahs mercy be upon him said in reply to Sulaymn Ibn Suhaym who accused the Shaykh of takfr Indeed Allah knows that this man has fabricated lies against me by ascribing to me what I never said and most of which have never even,Positive
However he also does similar when it comes to a report from Aisha vs one from Umar alHujja The case of Abu Hurayra was admittedly different than many others,Negative
So he said Perhaps Allah is using him as a tool to perform good deeds for others,Negative
Benefits regarding Hajj on behalf of someone Shaikh Ubayd alJbir It must be for an obligatory Hajj on behalf of someone deceased or someone alive but incapable even if they have money The person himself must have done his own obligatory Hajj already,Positive
There are two words which are light on the tongue heavy on the scale and loved by the Most Merciful SubhanAllahi wa bihamdi SubhanAllahi alazeem Glorified is Allah and praised is He Glorified is Allah the Most Great Bukhari and Muslim,Negative
May Allah forgive our Shaykh and enter him into Jannah,Negative
LAST days fundraiser SO FAR Donate in these remaining days Bank Details AlRahma Trust Sort Code Acc no PayPal info,Negative
their outrage about the mistreatment faced by the daughter of the Ummah,Negative
Is it permissible to use toothpaste whilst fasting,Negative
amp Online webinar by Mufti Muhammad ibn Adam AlKawthari Watch here,Negative
days available for iftar If you would like to book one day you can bring the food in boxes or we can pay for the food to be cooked and boxed for you One day to feed people If you want to contribute any amount please get in touch,Negative
Marriage is a huge responsibility and people entering into it need to be mature to deal with the inevitable disputes and arguments that will take place From the ways to deal with it is for the man to go for fresh air like Ali did when he had dispute with Fatima,Negative
Sheikh Abu Khadeejah said today conference As a Salafi you have to be ready to take a stance against EVERYTHING that opposes the truth Whether it is the fallacy of Evolution Big Bang Cosmology LGBT Agenda or any other corrupt ideology you must take a stance,Positive
In this lesson the speaker covers more supplications to be recited in the day and night Islam Muslim Tawheed Shirk Sunnah Shirk Hanafi Fiqh Salaf Salafi Manhaj Dua,Positive
May The Almighty Allah give our Brothers and Sisters in Islam the Patience and Wisdom to withstand those who are yet to seek The Truth,Negative
Salafi Salafirecording Salaf Muslim Islam Quran Sunnah Salafiyyah,Positive
It has just reached me that the great Allaamah Shaikh Saalih Al Luhaidaan has passed away Allahul Mustaan,Negative
Project Inviting scholars to the UK Goal Inviting Male amp Female Scholars in sha Allah May Allah bless this initiative and put barakah in it,Negative
Salafi Salafirecording Salaf Muslim Islam Quran Sunnah Salafiyyah,Positive
Tafseer Juz Tabrak Read by Shaykh Abdulilah Lahmami,Positive
Alhamdulillah my wife and I have been doing this for over years now and we always receive heartwarming messages from people saying that our efforts motivated them to do something for their own families no matter how small,Negative
Lesson today at pm Kitaab at Tawheed Shaikh ulIslaam Muhammad bin AbdulWahhaab With Explanation of Shaykh Saaleh Al Fawzaan Ustaadh Live at Masjid Broadcast on Link to the previous lessons,Positive
Ayisha you speak out against Islamophobia but your tweet is causing Islamophobia because some of your tweets are unapologetic about Islam and you dont liberalwash Islam Islamophobes dont like this So what Our entire existence was once criminalized right after,Negative
Ali Dawah and The Team still insisting that the lecture was in September Did the entire congregation gather together to pray Maghrib an hour before sunset LINK TO THE FULL LECTURE,Negative
LESSON TONIGHT Kitaab AtTawheed ShaykulIslm Muhammad Ibn AbdulWahhaab After MAGHRIB Prayer PM Masjid AtTawheed BROTHERS and SISTERS welcome,Positive
What a beautiful and wonderful day to be a muslim Its Friday and its the best day of the week No matter the stress and the problems smile and just say Alhamdulillah for being blessed with Islam Do ghusul smell good and go masjid,Negative
Did you know The month of Ramadan is the month of the Ummah Prophet Muhammad said Ramadan is the month of my Ummah Suyuti icobritain RamadanMubarak ramadan islam Ummah Muslims Happy reelsvideotrending reelsvideo FastingMonth iftari dua Muhammad,Negative
LIVE NOW A Glimpse At The Stories In The Qurn from the works of AlImm AbdurRahman AsSadi The Story of Yusuf Listen at,Negative
Improve your understanding of the Islamic concept of purification taharah by taking this selfpaced course Join our subscription to gain immediate access to over selfpaced courses Learn more fiqh taharah onlinelearning ilm rayyancourses,Negative
Jumuah Prayer Our state after Ramadan Khutbah Starts Near Colindale Station Colindale Avenue NW GX Brothers only Live broadcast,Negative
Great to see so many conversions in London Alhamdulillah I pray that London become a Muslimmajority city within our lifetime,Negative
Hijabs Quran Claims Come Back To Bite,Positive
I understand theres ikhtilaaf on the matter of veiling your face but I couldnt imagine marrying a women that doesnt so many men gaze on akhawat that dont where niqab its not sufficient in protecting her from these wandering eyes,Negative
You can hate the aqeedah bidah and misguided manhaj dont let that turn into hating the person Imagine being on the correct manhaj but having a black heart,Positive
TONIGHT Thursday th June Kitb alTawd Ustdh Abd alakm Mitchell PM Balham Community Centre Bedford Hill SW HE and All Welcome,Positive
It may seem inconsequential but its very noticeable when recited out loud like when praying behind an imam who doesnt speak Arabic,Negative
Perhaps use the momentum from Ramadan as a motivation to fix up our surahs You can couple this with learning the context and meaning of each surah like the following webinar by on,Negative
Ramadan is only three days away get the reward of breaking the fast of someone fasting,Negative
may Allah destroy your tik tok accounts,Negative
Build A House Of Allh As Masjidus Sunnah is nearing completion there are final touches that require detailed amp specific attention With prices increasing for everything including building materials this is the final opportunity to contribute to this wonderful,Negative
Inshallah will be doing this program at the LMA community gym after I finish the taraweeh in Loughborough,Negative
May Allh make it easy for you,Negative
Shaykh Mufti Muhammad Taqi Usmani is a personality who has singlehandedly accomplished what normally requires an entire organization a feat whose parallel is not found in the present era The great Mufti of India Shaykh Ahmad Khanpuri,Negative
The last lesson on the fiqh of fasting will be next week InshaAllah Use the recordings to catch up before next week Sign up and subscribe here below,Negative
Have you ever considered doing dawah online or making a YouTube TikTok channel to spread Islam If so Comment below telling us what is stopping you If you have made a channel hows it going,Negative
PLAYLISTS WHATS WRONG WITH ALI DAWAH WHATS WRONG WITH MOHAMMED HIJAB,Negative
Round Date th of October Total Spent Number of Families donations from friends amp family May Allah accept it from you all Please Share so we help more families thank you,Negative
Sheikh Rabee alMadkhali said By Allh we have seen over the years many of the youth in the west who wanted to give dawah and had with them zeal and great effort but sadly we found that when they broke away from their brothers in the Maktabah they were,Positive
In the west theres a handful of scholars The level of the ulama as opposed to the daees in both knowledge and wisdom is so apparent Notes need to be taken for almost every sentence its unbelievable the ocean of knowledge one can attain from just this series,Negative
This carried on until When King AbdulAziz AalSaud took over Makkah and Madinah Crazy to think how divided the Ummah was,Negative
WE NEED YOU We have set a target of securing believers to pledge a month to help us open and make our masjid operational We are shy of Be from those who support the Masjid of Ahlus Sunnah Come forward and pledge today,Positive
Be thoughtful and intentional in how you raise your children seek knowledge teach them and guard over them RaisingChildren parenting Islam,Negative
NEW LESSON SERIES beginning Today in Leicester Shaykh Fawzns Explanation of Some of the Benefits of Srah alFtihah Thursdays pm By Ustdh Abu AbdurRamn Hill Location Live on See Flyer for All Details,Positive
Rulings on child care from the Shia School of Jafari Jurisprudence,Negative
They claim to be followers of the salaf when the salaf were at the forefront of freeing prisoners and aiding the oppressed At these times their Salafi scholars were issuing fatawa permitting aiding the Americans in Iraq resulting in deaths of millions of Muslims,Negative
Some points covered by during this khutbah,Negative
Alhamdulillah the nd floor is currently being fitted with new carpet Your donations have helped much in purchasing and building this masjid We really need a final push to completed the rd floor see donation flyer,Negative
AYAH OF THE DAY Shawwal The eminent among Pharaohs people said Will you leave Musa and his people to spread mischief in the land and forsake you and your gods He said We will kill their sons and keep their females alive And we are subjugators over them,Negative
IF A WOMAN INSERTS THE PENIS OF AN ANIMAL INTO HER VAGINA THROUGH PLEASURE GHUZL IS OBLIGATORY,Negative
How are you different from Israeli women soldiers who objectify themselves to gain attention The only difference is that you wear a hijab or niqab,Negative
The introduction of the My AIs is a Yahudi scheme to extract more information from us whilst also being a test subject for much bigger things they have planned Theyre randomly appearing and being forced into your snapchat for a reason be careful,Negative
This book normalising ChildRapeis in countless UK muslim homes amp in several Deobandi madrasa in the UK as Islam for young girls The social services need to investigate this stuff Folks protect your daughters from this filth This is NOT islam,Negative
When things arent working out as you wish be patient Stop rushing because Allahs timing is perfect,Negative
Every single vice Ive had has started from my gut Physical mental amp spiritual One thing that stops me eating junk at iftar is to remind myself if Im disciplined enough to fast for the day Im disciplined enough not to eat trash amp turn that initial discipline into trash too,Negative
For those who find it hard to pay and want to attend please just DM me Alhamdulillah for those who have sponsored students already May Allah reward them all,Negative
Salafi Salafirecording Salaf Muslim Islam Quran Sunnah Salafiyyah,Positive
The only solution to the problems facing the Muslim Ummah is to become beloved to Allh by following in the footsteps of Raslullh which is the whole Dn of Allh,Negative
Taraweeh Day The primary purpose of the Quran is to bring people out of the darkness of ignorance and desires amp into the light of Allahs knowledge and justice Rejecting belief in Allah leads to humans becoming enslaved to their desires amp harming the most vulnerable of society,Negative
Excited to be spending the last ten nights of Ramadan with Mufti Ismail Be sure to take up this opportunity and join us inshAllh,Negative
Islam is not a sociological description of what Muslims do Its accepting with the heart and mind and testifying with the tongue that Allah is the only true God and Muhammad is His final messenger,Negative
This is a comprehensive course on marriage to be delivered by an esteemed colleague of mine Mufti Zubair Patel If you are thinking of marriage or want to enhance your marriage take this course,Negative
Salafi Salafirecording Salaf Muslim Islam Quran Sunnah Salafiyyah,Positive
They draw judgements too quickly They omit crucial information They dont consider pro and con view points among Muslim scholarship They already hold a belief and seek facts to reinforce it They reject all opposing viewpoints,Negative
The days of Salvation O Allah save me from the fire Jahannam Donate your bricks and help build the Islamic Centre of Britain icobritain RamadanMubarak ramadan islam Ummah Muslims Happy sahur iftari donate mosque masjid bricks,Negative
Remember it is primarily the Islamic resistance that humbles Israelis with rockets in response to the oppression inflicted upon Palestinians in the West Bank amp Jerusalem,Negative
NEW ARRIVAL In this unique book Shaikh Hamood AtTuwaijri narrates the various punishments inflicted upon individuals who arrogantly defied the command of Allh ORDER NOW,Positive
The Importance of Safeguarding the Tongue With Ustadh Abdul Hakeem Mitchell Live at the masjid All welcome Dudley Street Manchester M DA Broadcast on,Positive
I told him that what he is saying may sound compelling but when examined the ruling doesnt hold up to what he was saying it was I mentioned some basic principles of Qawaid Al Fiqhiyyah and Usul And told him he was breaching some of these principals,Negative
We pray that all our brothers and sisters around the world have a blessed Eid May Allh accept it from us all Ameen Please note the bookstore will reopen on Monday th April inshaAllh,Negative
Eid alFitr AH Friday st April,Negative
Talhah b Musarrif Kufan d swore not to laugh till he crossed alsirat Ghazwan b Ghazwan Basra resolved that God should not see him laugh till he knew his fate in the nextlife The believers laughter is only inattention on his part,Negative
AshSharahstni admits that the path of Ashbul Hadth accepting the text without tawl was safe path,Negative
A Shfi student led Witr alh in Darul Uloom Bury throughout the month of Raman a few years ago according to the Shfi method in the presence of many luminaries including our respected teacher Shaykh Ysuf Motl Raimahullh who endorsed it The Salah was not repeated,Negative
O you who believe Fulfil your obligations AlMidah AlAllmah Ubayd alJbir From the greatest of what Allh has obligated from these obligations is obedience to the Ruler,Negative
As for being a PureSunniSalafi man or woman Orthodox Islam the original ancient affair the whole Deen which Allah is Pleased With then we are with our brothers and sisters for Allah jinn and human upon the Truth Rights whoever they may be or wherever yes In Sha Allah,Positive
Build Quran reading habit with the Quranly app,Negative
May Allah continue to bless the efforts of our brothers Upon our recent trip to Gambia I was impressed with the work of our brothers there I ask Allah to increase the khair and accept these good works,Negative
I was astounded to find someone who knew these affairs in a humble taxi Never would you expect to hear as such in the West nor in many of the Muslim lands that lack such a focus on Creed Where else other than the Land of Tawheed May Allh preserve it upon goodness,Negative
The poet remarks Whoever wishes to see Jannah Let him visit Madinah,Negative
A muslim can never have love for a nonmuslim over a muslim The loyalty of a muslim must always remain to the ummah and its followers Al wala wal bara,Positive
Ma sha Allah A practical example of how to do Tahneek placing date into the mouth of a newborn baby May Allah have mercy upon our Shaykh Hasan Marzuq from Egypt,Negative
LEEDS SUNDAY CLASS Fiqh of Dua amp Adkhar Sunday th December at pm Roundhay Resource Centre Brothers only class Previous lessons Live broadcast,Negative
Many people miss out on tremendous reward despite the action being so easythe last two yt of Srah alBaqarah should be recited every night before sleep learn the great reward amp promise of safety for those who read them every night Lecture from th May,Negative
Weve opened a quick easy amp secure way to donate towards the Masjidus Sunnah Project It couldnt be easier SupportAstonMasjid Just click this link choose the amount and donate directly to the Masjid Project,Negative
Tonights Lesson Chapter What has been reported concerning slaughtering for other than Allaah,Negative
Why should you take our new course Fiqh of Death by,Negative
I have had the pleasure of writing a foreward in this translation of the Quran that has a unique touch Alhamdulillah I hope you all get your hands on one before they sell out again You can preorder your copy now,Negative
And not equal are the good deed and the bad Repel evil by that deed which is better and thereupon the one whom between you and him is enmity will become as though he was a devoted friend Quran,Negative
Lesson Today Qaidah alNuraniyyah Learn to Read the Quran pm After Maghrib Brothers Only,Negative
dont be excessive in your food intake when you break your fast as this can affect your Iman and your Khushu in Salah,Negative
Child bride Aisha would scrape dried Semen of Muhammads Clothes,Negative
beliefs and religious ideology These Westerners who find themselves ideologically confused are in need of salvation a need that Islam can fulfill Theyre in need of an ideology that can effectively counter the challenges posed by liberalism modernity woke culture and,Negative
There is ikhtilaf different opinions amongst scholars as to whether its encouraged or just permissible Reason being Allh said to marry up to four then placed the condition on whether one can treat them justly And whatever opinion you take still doesnt change the point,Negative
Advice to The Women from Selected Ahadith Topics chosen from the Ahadeeth with explanation taken from various Mashayikh Taught by Ustdh Sunday pm Live at Masjid Broadcast on,Negative
Hadrat Mawlana Raabe Hasani Nadwi has passed away A great loss for the Ummah He was the rector of Nadwah in Lucknow and President of All India Muslim Personal Law Board A visionary who dedicated his life to Islam Allah Almighty accept his deeds amp grant him Jannatul Firdaws,Negative
It is beautiful my sister As a Convert to Islam I love the Brotherhood and seeing our Muslimahs living out the life that The Almighty Allah has created us for,Negative
rayyancourses ilm evolution islam onlinelearning islamiccourse,Negative
Join us tonight Hadith of Imam anNawawi Ustdh Abu Ishq Nadeem Ahsan Shah KSA Jeddah Every Saturday PM ALL WELCOME Colindale Avenue NW GX Colindale London,Positive
Reminder to spend in charity during these blessed nights The above projects are plentiful and do not forget the needy families in our communities who you know that are struggling likewise our own relatives back home May Allah make us from those who spend For His Sake Aameen,Negative
years of oppression years of killings years of state promoted terrorism years of resistance years of Palestinian Nakba O Allah have mercy on UmmahAmeen,Negative
LIVE SUNNAH CAMPUS Appeal Watch Call Donate here,Positive
Ruling on laymen watching debates Shaykh Salih AlFawzan,Positive
You cant truly read the Quran without seeing the Love of our Prophet,Negative
Ramadan Live Souls Musk How to Develop Ikhls Today April PM UK time PM Mecca PM Texas PM New York,Negative
The Muslim is always in one worship or another until he meets his Creator Messenger of Allh said Whoever fasts the month of Ramadn and then follows it by fasting six days during the month of Shawwl will be rewarded as if he had fasted the entire year Muslim amp others,Negative
This Ramadan we are trying to help raise funds for those who are in extreme need in Yemen East Africa and many other parts of the world How can you help You can help by donating or by creating,Negative
In an age of excesses it is always worth reading and learning something about the great men from the Salaf,Positive
Alhamdulillah many students took part in the Understanding Taqld Madhabs Ijtihd amp Fiqh course and provided great feedback We are planning to offer many more courses taught by Mufti Muhammad ibn Adam Stay updated on our courses page,Negative
A person may speak with a general speech for a general benefit not specifying anyone and yet suddenly you see an outcry from someone cursing you amp badmouthing you The obligation here is to comply with the command of Allh,Negative
Part of this fivepart series is probably the most important for students of knowledge tullab alilm I do a comparative evaluation of studying at Dar alUlum in the UK amp Pakistan and studying in Syria Please watch and share JazakumAllah,Negative
Ramadan Round Date th April Total Spent GoFundMe FampF Number of baskets Price per basket May Allah accept it from you all Please Share so we help more families thank you,Negative
Lesson Today Weekly Quran Memorisation Circle Every Tuesday at pm Brothers Only Personal Mushaf Required,Negative
Shorts By Shaykh Salih AlFawzn Salafi Salafirecording Salaf Muslim Islam Quran Sunnah Salafiyyah,Positive
If any ruler having the authority to rule Muslim subjects dies while he is deceiving them Allah will forbid Paradise for him Bukhari,Negative
A beautiful hijazi recitation in last nights taraweeh salah by Qari Abdul Aziz al Faqeeh,Negative
Live Now Tafseer Juz Tabrak Read by Shaykh Abdulilah Lahmami Listen via,Positive
Differing in Matters Where there is Room for Ijtihd Should not be Allowed to Damage our UnityIbn Taymiyyah and AlFawzn Abu Khadeejah,Positive
If youre in Madinah and need a tour guide Welcome to the City of the Messenger,Negative
When a person is close to Allah neither the praise of people make him feel proud nor do their criticisms make him feel down for he knows all that matters is how Allah sees him,Negative
The first of two parts to the Explanation of the Hadith of Jibreel taught by Abdul Hakeem ibn Mitchell Hadith Sunnah Muslim Tawheed Salaf SalafiManhaj Shirk,Positive
An Inheritance of some Rabblerousers Demagogues and Islamhaters,Negative
Shaykh Mawlana Khalid Saifullah Rahmani has been appointed the president of the All India Muslim Personal Law Board The post was left vacant since the passing of Shaykh Rabi Hasani Nadwi Shaykh Khalid is a jurist of high calibre very balanced amp an author of many books,Negative
Islam enters every home Saving the imn of thousands of Muslims Developing thousands of Muslims to be able to engage in this noble work Empowering many organisations to be prepared for this great effort Donate,Negative
In many countries being Muslim is still criminalized Does that mean Muslims should give up their faith Should Muslims abandon certain aspects of their religion just because Islamophobes and liberals dont like it If they will only stop hating us if we submit to their,Negative
CAMPAIGN UPDATE Total raised k May Allh reward everyone who donated so far with much khayr Lets reach k by the end of this Ramadan Donate to establish a new Salaf Markaz Help renovate MarkazBukhari Ways to donate,Positive
The Salafi that said Why are you refuting the ikhwaanul muslimeen Its f via,Positive
This is what we NEED Scholars and students of knowledge who WARN against Shirk NONSTOP TAWHEED UNTIL DEATH,Positive
The Prophet said Seek the night of Qadr on the last night of Ramadhn Tonight could be the Last Tarawih LailatulQadr Capitalise Donate generously so that the work can continue uninterrupted,Negative
A very good and concise book to read just before Ramadan begins The Rules of Ramadn By Muft Muhammad Shaf may Allah have mercy on him Download PDF here,Negative
When people ask me about duat in the UK that I look up to amp recommend Ustadh Hamza is usually the first name I mention A humble upright religiouslycommitted amp dignified individual Listen to the whole podcast but his description of Sh Haitham is a must listen,Negative
Reflecting over another conference amazing to think that it feels only yesterday Allah guided many of us to this blessed Dawah whilst we were single amp living at our parents Now we attend the conference with our wives and children SubhanaAllah how time flies,Negative
A fasting persons dua is accepted Its the last hour of Jumuah Make dua a lot in these final minutes,Negative
Tammy Peterson amp Fatima Barkatulla Where Do Women Get Their Status From via,Negative
These people dont even know that even the disbelievers who are white are still called that There are s of languages in the world and the same word could have different meanings Stop playing victim Olympics,Negative
Allahu alam we make excuses for ourselves and want everything to be tailor made to us That comes from our love of the milla of kufr not Islam That applies to my younger amp even current self As for sisters not being married till much later on in life,Positive
May Allah also grant us such knowledge sincerity patience and piety,Negative
Continuing with the Stories of the Prophets Series in Rochdale this Friday we will begin the Story of Ms InshaAllah,Negative
Allaah the Most High said And whosoever fears Allaah and keeps his duty to Him He will make his matter easy for him Srah AtTalq,Negative
Article Ibn Fadlans Account of the Vikings,Negative
OFFICIAL ANNOUNCEMENT We cordially invite our beloved brothers and sisters for the official Welcome Day this Sunday th December inshAllh A lovely opportunity to have a first look of the building and ask any questions We look forward to seeing you all inshAllh,Negative
I may also add that this public space used for prayer shouldnt cause a hazard or safety issue The Brother in the video was clearly praying in an area secluded one that wouldnt breach public safety etc,Negative
They will claim that scholars are not infallible yet their speech shows that to even speak against a contemporary scholar is now dropping scholars And the irony further increases when they accuse the Salafis of Hizbiyyah for dropping scholars,Positive
Hazrat Ml Bilal Sb mentioning an interesting and important point during a bukhari khatm,Negative
Do you sometimes feel like everyone is letting you down The Almighty puts such people in your life to teach you to depend only on Him,Negative
Some pertinent advise on this topic from our ustadh,Negative
Allah will forgive all of your sins dont despair and use these last days of Ramadan to benefit yourself to have your sins forgiven,Negative
The current location is one of the few in Egypt of its kind This new location is excellent May Allah bless our beloved brother Shaykh Majd amp those with him for their diligence in teaching Quran amp Sunnah to young and old This is a worthy cause to support,Negative
Regardless of which day youre celebrating Eid may the Almighty guide and bless you and your loved ones always As we gather for the joyous occasion spare a thought and pray for those facing turmoil and calamity the world over Reach out to those in need EidMubarak,Negative
Join the Million Brick Aopeal Every pound donated will help build the Islamic Centre of Britain Donate your Sadaqah Jariyah today icobritain RamadanMubarak ramadan islam Ummah Muslims Happy sahur iftari donate mosque masjid bricks,Negative
Make the Almighty your priority when you wake each morning The phone can wait Social media can wait Before you check in with the rest of the world spend some precious time with Him Hes the source of strength Start the day with Him amp it will be filled with untold blessing,Negative
reminder that Abu Taymiyyah said anyone who believes in Allah and the Last Day shouldnt have tik tok on their phone,Negative
These people are so slow man its not a correction there is ikhtilaf I just dont want to waste time explaining to laymen who wont accept anyway,Negative
I just found out my old friend from primary school days who I just saw amp gave salam on Friday has returned to his Lord May Allah forgive him and keep his family patient,Negative
LEEDS SUNDAY CLASS Fiqh of Dua amp Adkhar Sunday th February at pm Roundhay Resource Centre Brothers only class Previous lessons Live broadcast,Negative
Bad analogy for multiple reasons The haram was always the house of Allah No indication he engaged fully naked women He commanded it be stopped and it was stopped,Negative
NEW VIDEO Who Oppresses Women Shamsi shorts islam women,Negative
LESSON CANCELLED Due to unforeseen circumstances tonights Kitaab at Tawheed Lesson with is cancelled We apologise for any inconvenience caused and we hope to resume the lesson next Friday InshaAllaah BarakAllaah Feekum,Negative
and never give up hope of Allaahs Mercy Certainly no one despairs of Allaahs Mercy except the people who disbelieve Srah Ysuf Subhaan Allaah,Negative
NEW VIDEO The State Of The Salaf In Ramadan Shamsi,Positive
Allaah the Most High said And whosoever fears Allaah and keeps his duty to Him He will make a way for him to get out from every difficulty And He will provide him from sources he never could imagine Srah AtTalq,Negative
Lesson A beautiful dua to recite in the morning Islam Muslim Tawheed Shirk Sunnah Shirk Hanafi Fiqh Salaf Salafi Manhaj Dua,Positive
Road to Mecca if you havent read this book yet read it,Negative
Allaah the Most High said Whatever of good reaches you is from Allaah but whatever of evil befalls you is from yourself Srah AnNis,Negative
Allahu Akbar The moon has been sighted in central regions of Saudi Arabia which means that Eid will be tomorrow It saddens me that ramadan has ended but now we have e a celebration to look forward to Stay blessed my dear brothers and sisters,Negative
GiveAQuranInRamadn TARGET COMPLETE After thanking Allh AlAkram The Most Generous Whose Generosity allowed us to raise the required amount to print the Qurn we then thank you everyone that donated amp contributed to the fundraising appeal,Negative
Shorts By Shaykh Salih AlFawzn Salafi Salafirecording Salaf Muslim Islam Quran Sunnah Salafiyyah,Positive
In this lesson the speaker covers the chapter How the Prophet all llhu alayh wasallama Asked for Forgiveness Islam Muslim Tawheed Shirk Sunnah Shirk Hanafi Fiqh Salaf Salafi Manhaj Dua,Positive
Narrated Jundub bin Abdullah I heard the Prophet say only five days before his death I am free and clear towards Allaah of having any of you as my Khalil especially close friend Verily Allaah has taken me as His Khalil just as He had taken Ibrahim,Negative
Why should Allh punish you if you have thanked Him and have believed in Him and Allh is Ever All Appreciative of good All Knowing,Negative
Salafi Salafirecording Salaf Muslim Islam Quran Sunnah Salafiyyah,Positive
LESSON TONIGHT Kitaab AtTawheed ShaykulIslm Muhammad Ibn AbdulWahhaab After MAGHRIB Prayer PM Masjid AtTawheed BROTHERS and SISTERS welcome Please bring notebooks and pens to maximise benefit,Positive
New Audio New Audio Shaykh Uways Taweel A Glimpse at the Stories in the Quran Story of Prophet Ibrahim Part,Positive
If you want his style of dawah just listen to Dawah Man he actually speaks about things he knows and gives hadithQuran ayah to the things he says,Negative
Pay attention Dawah is about calling people to truth stopping the spread of falsehood If someones dawah is just based on reminders and heart softeners never addresses falsehood then know this is very problematic Many keep it general to avoid clashes due to fame sadly,Positive
This lesson covers the chapter the meaning of the takbeer and what it indicates Tawheed Shirk Sunnah Bidah Salaf Salafi Manhaj Hanafi Fiqh Dua Muslim,Positive
Nationalism is source of fueling animosity among Muslims hailing from various regions Throughout history it has bn exploited by those hostile to Islam to dismantle former Muslim empires An example of this is Pan Arab nationalism symbolized by a flag featuring pan Arab colors,Positive
Finally a new publication from White Thread Press A book by the great Egyptian Qari Shaykh Mahmud Khalil alHusari,Negative
We have an academic debate in the summer on Islam or Atheism Which is More Rational InshaAllh How would you approach the topic What arguments would you use Comment below,Negative
THE TRUE METHODOLOGY OF THR MUSLIM sheikh Abdulilah lahmami LIVE NOW,Positive
Dont miss out on our simple yet comprehensive guide that will assist you through the rites of Umrah and Hajj in accordance with the Qurn and Sunnah The author has meticulously compiled this booklet,Negative
Verses from Surah al Zumar Recited powerfully by Shaykh Hassan Saleh,Negative
Again Ibn Abdul Barr showing a riwayah from Ibn alQasim for Raf ulyadain ive highlighted it in a different colour for you and Bashar Awad tells you the source for this AtTamhid continued I have highlighted the sections for you,Negative
This group is specifically designed for both brothers and sisters living locally in and around Bradford and West Yorkshire who are able tointend to physically travel to join the Masjid events and activities,Negative
Do Not Prevent The Females From The Mosques islam ramadhan ramadhan LetsDoItTogether,Negative
Facts about Birmingham Series Cadburys chocolate is made in an area of Birmingham called Bournville Help build the Islamic Centre of Britain in the heart of Birmingham icobritain Birmingham unitedkingdom Islam educateyourself Thursday,Negative
British Muslims give bn a year to charity report daily briefing from,Negative
Couldnt help but to get this ASAP Complete volumes Alamdulill,Negative
In this blessed month dont forget to remember your brothers and sisters in need across the world Ask Allah to remove their hardship and replace it with ease A believer is the brother of another believer,Negative
Explanation of RiyadhasSaliheen Lesson Hadeeth Abu Suhaib Every Ithnain Monday pm Straight After Isha YouTube Live QampA is via Masjid amp YouTube Listen Benefit Share,Negative
The Muslim Testimony of Faith Shahdah and its Conditions Islam Abu Khadeejah,Positive
Subhanaallah my Allah make us those who hold a clean heart,Negative
Subhaan Allaah how those whom Allaah blessed with knowledge understood things And us When was the last time we recited the Noble Qurn,Negative
Masjidus Sunnah is nearing completion there are final touches that require attention With prices increasing for everything including building materials this is the final opportunity to contribute to this wonderful project,Negative
Zakat Ul Fitr is a means of purification It is like the prostration of forgetfulness Via,Negative
But as for today the Juhhal amongst us believe that what worked for s of years does not work Rather theyre saying that their method is better than that of the Prophets whom Allah sent For them calling to memes is better than the millennia old calling to tawhid,Positive
HADITH OF THE DAY Shawwal Ive never seen anyone endowed with a lock of hair flowing below the ears wearing a red striped suit more handsome than ProphetMuhammad He had hair touching his shoulders Broadshouldered he was neither short nor lanky Shamail,Negative
Ramadn is derived from the word ramad which means to burn via intense heat This is because Ramadan is a means to burn away your sins through worship and good deeds May Allah allow us to wipe away our sins this upcoming Ramadan,Negative
Chameleons The lot of them How some of them can even have it in them to go to shaam tarim Mauritania and these types of places to our ulema then come to the UK and say as their dads did its better to think of a despicable animal in salah than the best of creation,Negative
Narrated Abu Amir or Abu Malik AlAshari that he heard the Prophet saying From among my followers there will be some people who will consider illegal sexual intercourse the wearing of silk the drinking of alcoholic drinks and the use of musical instruments as lawful,Negative
Its all linked We are how we are in our ignorance due to a variety of factors ulema tullab amp the laity are all a part of it All a big pick amp mix take the good sweets leave the bad sweets dont offend anyone dont say anything out of the norm keep people dumbed down,Negative
have a deluxe thermoleather bound hardback edition of the Noble Quran with translation and notes by Mufti Muhammad Taqi Usmani Follow along with Tafsir of the Whole Quran in Hours,Negative
Part by A breathtaking setting to enable the worship of Allah Wonderful experiences for our community young and old inshaaAllaah Donate Generously,Negative
Yasir Qadhi and Muammad ijb Ikhwniyyah in Theory and Practice Part Yasir Qadhis Distortion of History Shielding Contemporary Jahmites and Weakening Sunni Theology and Clear evidence of a man who deviated after having full knowledge,Negative
Yasir Qadhi and Muammad ijb Ikhwniyyah in Theory and Practice Part Yasir Qadhis Distortion of History Shielding Contemporary Jahmites and Weakening Sunni Theology Reviving the way of asan alBann and Muammad bin afdar alAsabd,Negative
Continuing this Saturday th May Six Points from the Seerah Explanation of Shaykh Fawzan By Abu Abdullah Zubair Time pm pm CONEL college Tottenham high rd London N RU,Positive
AlAllmah Rab Humble yourself You are a poor person weak created from earth created from a sperm that is of little value you excrete and go to the toilet many times every day how can you be arrogant,Negative
Everyone please memorise this dua and say it after every salh as advised my our beloved prophet Muhammed,Negative
Narrated that Abu Dard said Performing frugally upon the Sunnah is better than exerting yourself upon Bidah Indeed if you were to follow the Sunnah it is better than if you were to innovate And you will never err along the path so long as you follow narrations,Positive
Ibn Abdul Barr here shows why the other riwayah of not rasing hands is weak as the evidence for it is weak and he answers it and the view of other scholars And the fact that you ignored what AlQurtubi and many others wrote affirming Raf ulYadain for Malik,Negative
Due to the blessed period of fasting and worship that is upon us we have decided to pause our weekly lesson until after Raman We praise Allah and thank Him for allowing us to reach another Raman and ask Him for the tawfq to fully benefit from this blessed month,Negative
Every day this Ramadan Dr Martin Nguyen will be posting on books by and about Malcolm X A unique undertaking,Negative
In this addition of Muwatta all the variant recension are all included Again refer to the checking and the established reports,Negative
Some points covered by Abu Fuayl during this khutbah,Negative
Through the seerah you will gain Love for Allah through understanding how beautiful his plans are which allows kids to digest the Quran and sunnah and not reject it Love for the Prophet by understanding truly how great he is which protects them from shubuhaat,Negative
Earlier this week we launched the Index of Islamophobia in Parliament This is the first time a measurement tool for any hate crime has been put forward Please share widely Full report,Negative
righteous ones who have passed away He claims that I made takfr of AlBusayri and that I said that whoever swears by other than Allah is an unbeliever My answer to all of this is How free you are O Allah from all imperfections the Most Perfect Indeed this is a,Positive
Peace of mind is very important in this life Stay where you find peace Its necessary,Negative
New Video Ramadan Mercy Forgiveness and Salvation from Hell Shaykh Salih alFawzan,Positive
Few reasons why tawheed should be your greatest concern as a Muslim Shirk is the greatest sins one can commit For someone to not fall into something they have to know what that thing is Tawheed was constantly a reminder for the prophets who were the best of people,Positive
WHY HOMOSEXUALITY IS PROHIBITED IN ISLAM,Negative
We are blessed to have the likes of arat May Allh preserve him speak on here Try your best to take benefit,Negative
Anyone know any memoirsbooks written by converts to Islam from atheism,Negative
I compared the two texts and found they are exactly the same Either alQuduri is just reproducing the text of alShirazi wo ascription or a copyist misascribed this part to alQuduri or the text ascribed to alShirazi is really the beginning of Sharh Mukhtasar alKarkhi,Negative
Its human nature to forget overloooking the countless blessings the Almighty has bestowed on us Yet when the slightest thing go wrong we show ingratitude by grumbling mumbling and complaining Learn to feel complete gratitude in your heart Hell multiply your blessings,Negative
New Track Added Night Raman Short Reminders By Abu Hakeem Bill Davis,Positive
May Allah make us from amongst those whose faces are enlightened on the day of qiymah Aameen Incredible recitation from Surah Aal Imran Reciter Qari Abdul Azeez al Faqeeh,Negative
Follow and retweet Cant wait to go with these brothers inshaAllah,Negative
Donate your bricks and help build the Islamic Centre of Britain icobritain RamadanMubarak ramadan islam Ummah Muslims Happy sahur iftari donate mosque masjid bricks Appeal DonateOneBrickAtATime,Negative
A manifest sign for a person of INTELLECT as a proof of the utter misguidance of the Khawarij is the present reality from the s until now Syria Libya Tunisia Iraq Somalia Algeria Sudan Not day of good The Khawarij are DESTROYERS of Muslim nations May Allah destroy them,Positive
The Day of Ashuraa The Sunnah in Relation to it and that Which has been Innovated Into it,Negative
Liverpool Campaign Another day of generosity amp progress Many payments coming in from different parts of the world Be from the doers of good this Ramadan donate to renovate Markaz Bukhari so we can open it up for public use,Positive
The Great Mosque of Djenn in Djenne Mali Completed in the Mosque stands tall in its uniqueness like a sand castle in its desert environment Help build a unique Mosque in the heart of the UK Birmingham City,Negative
After all that delicious Eid food,Negative
Alhamdulillah we have restarted our Fiqh Class continuing from the Rulings of Salah The recordings are available for those who have missed out so far,Negative
Ali Dawahs decided to travel to Sheikh Fawzan for the purpose of studying his religion knowing if he is an innovator Will he inform the sheikh that hes allied with someone that permits rebellion and refers to Sharh AsSunnah as the Talmud of the Madkhalis,Positive
GiveAQuranInRamadn Another to the total Donorbox PayPal,Negative
Jummah in this blessed month Ramadhan a great opportunity to give sadaqah to an amazing cause Cement a piece of History Help us build your Masjid Lets put something forward,Negative
Special thanks to for supporting the Index of Islamophobia report yesterday He shared his harrowing experience receiving a punish a Muslim day letter further underscoring the need for an index and prosecution pathways approach indexofislamophobia,Negative
Many socalled Men today are weak Many cant even wake up for Fajr Aside from the Muslimahs yes I follow most of you ladies as you entertain me with your drama men should seek knowledge rather than entertainment,Negative
What do you think about whether this is legit If its real the camera guys behavior is way off Ignoring the cat disrupting the prayer completely ruining its solemnity and highlighting their lack of sensitivity towards Salah This is not how Salah is meant to be performed,Negative
WELLS PROJECT UGANDA WaterForAfrica of the target achieved in less than hrs Alhamdulilah Dont miss out on this fabulous opportunity of putting forward SadaqahJariyah New Donorbox link RefWFAUganda,Negative
I dont understand why these Asharis on twitter cant just argue their beliefs without all these games,Negative
Continuing this Saturday th March The Conditions of La illaha ill Allah Explanation of Shaykh Ubayd AlJabiri By Abu Abdullah Zubair Ibraheem Time pm pm CONEL college Tottenham high rd London N RU,Positive
Advice From Shaykh Ibn Baz On How To Prepare For Ramadan,Positive
Tip Eat Healthy Try to eat a light healthy meal when breaking your fast icobritain RamadanMubarak ramadan islam Ummah Muslims Happy sahur iftari donate foodie feast eatingout tips monday,Negative
Muslims who propagate voting forampsiding with kufaar have the audacity to criticizeampshame Muslim governmentsampleaders for their policiesMind you theyre no scholars or have authority to bring halal positive changeLets be humbleamprespect the trueamphighly qualified ulamas fatwas,Positive
First opinion Shfi Hanbali Ibn Uthaymn It is encouraged to marry just one wife Second opinion Hanafi Mlik Ibn Baz It is encouraged to be polygamous His opinion Polygyny is permissible and is encouraged when advantageous and discouraged when disadvantageous,Positive
Its funny how madkhalis and their fanboys are able to make the distinction of the extremism of the hazimiyyah in takfir but have exactly the same methodology as them in tabdee Two sides of the same coin,Negative
I pray Allah forgives me for my sins and thats one of the reasons why I dont look down on the sinners but instead give them naseeha and make dua for them,Negative
The People Of Qurn Allhs Chosen Ones By Abu Idrees Muammad Khn,Positive
Shorts By Sh Hasan Somali Salafi Salafirecording Salaf Muslim Islam Quran Sunnah Salafiyyah,Positive
Whichever doctor you feel more comfortable with get yourself treated by them Whichever scholar you trust more consult him on religious matters However do not waste your time in creating tension fitna between two doctors or scholars Shaykh Mufti Mahmud Ashraf Usmani,Negative
If you read this May Allah give you the best in this world and the next Ameen,Negative
Chase the Akhirah let the Dunya chase after you Thats a winwin situation,Negative
Turkish media broke the story in amp it was reported by who said the spy was detained by the Turks amp told them that he worked for Canadian intel but the story died thanks inpart to a talkinghead who claimed it was Turkey playing politics,Negative
against these scholars They do this in an attempt to A show spubs as being extreme B pull wool over your eyes to make you think only spubs warns against these individuals when all they do is translate the refutations of the Major scholars on these people C cut you,Negative
Is it permissible to confiscate items belonging to someone due to their nonpayment of a loan and then return them upon payment Is it permitted to recover ones right through them Read a detailed answer written by Mufti Muhammad ibn Adam here,Negative
May Allah make our leaders those best amongst us those who love us and we love them those who pray for us and we pray for them those who serve us and we serve them Ameen,Negative
NEW TRACK ADDED Tafsr ibn Kathr Lesson Tafsr Surah AlAnm Verse Abu Hakeem Bill bin Ahmad Davis LISTEN HEREgtgtgt,Positive
O the one who seeks the pleasure of his Lord O the one who seeks to be distanced from the Hellfire multiply your charity in this blessed night DONATE PayPal GoFundMe,Negative
URGENT APPEAL What do we need Believers a month via Direct Debit Breakdown a Year a month a fortnight a week JUST p a day Yes p a day A No Brainer Come on Lets do this,Negative
Alhamdulilah beautiful gathering amp beneficial reminders by our Mashaykh over the weekend We ask Allah to reward Sh amp Sh Hassan Somali for them time effort In benefiting the people of sunnah May Allah allow us to have more gatherings like this ameen,Negative
This uncle who spent more than years in Masjid alHaram in Makkah passed away Big Iman booster back in the day,Negative
This is why the everyday Muslim must avoid issuing takfir as it is the job of legal authorities to do so,Negative
HADITH OF THE DAY Dhul Qadah Aishah RA reports We would prepare for ProphetMuhammad a Miswak toothstick amp water for making Wudhu When Allah wished to awaken him from sleep at night he would brush his teeth with Miswak make Wudhu amp perform Salah Muslim,Negative
Here is Tariq AsSwaidan ikhwani who encouraged Muslims to take part in the Arab spring revolutions Thirteen years later after thousands have perished and the Muslim world left in shambles he claims he was never for revolutions,Negative
Several enquiries have been received regarding the explanation of Kitb utTawhd I recommended as a reasonably beginner level easy explanation the full version of Shaikh Slih alFawzn there is a summarised version too but I intend the full one as pictured,Positive
NEW VIDEO PART Donate quickly easily and securely DONATE Bank Account Name Masjidus Sunnah Account Number Sort Code Barclays Bank PayPal GoFundMe,Negative
Brotherhood love amp cooperation upon the Sunnah Many learn Arabic amp seek knowledge during early years of guidance with zeal and energy However experience and firmness upon the Dawah can not be attained in a few years it takes decades May Allah preserve our elders Aameen,Negative
May Allh aid our brothers in completing this project and making it a means of benefit for the Cardiff community,Negative
Imam Tawhdi has a Warning to the Kafirs of Europe We have warned your governments but nobody is listening The death of your Countries is happening right now in front of your Eyes,Negative
His apology is insincere because he still considers Sheikh Fawzan to be a bootlicker,Positive
Biography Source Tarikh Ulema Al Andalus P,Negative
Wokeism as a Species of Marxism View video and notes Although this presentation is from a Western point of view within it are important lessons for Muslims particularly as woke culture is being actively funded and supported in Muslim countries,Negative
I am in the UAE for some meetings If you believe in vision and think our work is important and want to support us please contact infoatsapienceinstitutedotorg We can arrange a meet up,Negative
Tactics deployed for a successful Taharrush Gamea,Negative
NEWS FLASH LIVERPOOL BREAKING NEWS The community of are in the process of refurbishing a building that theyve purchased into a masjid Support the community in Liverpool amp donate by PayPal using the link below,Negative
All those returning tonightthese nights from collectivepublic programs at the mosque talkskhatamcollective duas etc do not forget your onetoone time with your Lord The public programs do not and can never replace your private time with Allah,Negative
Contemplating on being separated from loved ones spouse children parents etc and what is contains from emotions amp sadness but at least hope of being united very soon Imagine being separated from them on the day of Judgement May Allah unite us with our loved ones in Jannah,Negative
New lesson Starting in Tottenham this Saturday th Aug Qawaaid AlArba Explanation of Shaykh Ahmed Najami By Abu Rayaana Yahya Time pm CONEL college Tottenham High rd London N RU,Positive
The benefits of visiting the scholars By Shaykh Abdulilah Lahmami,Positive
I didnt realise SpiderMan had taken his Shahadah Welcome brother The Hulk and Superman too apparently,Negative
BOOK REVIEW AlIbnah AsSughr the Concise Clarification of Imm Ibn Battah alUkbar translated into English by Shaikh ORDER NOW,Negative
There is no proof that AshShafii said this This is the same exact statement the kharijis in Syria attribute to Imam AshShafii,Negative
You see a pixel but Allah sees the whole picture unknown,Negative
Guys we have Students in need of being sponsored lets do it before Ramadan ends Anyone who wants to DM ME NOW,Negative
Constantly make Duaa for your brothers and sisters inshaAllah,Negative
The most beloved of deeds to Allah are those that are most consistent even if it is small Bukhari,Negative
Massive thank you to for attending the launch of the Index of Islamophobia report yesterday Really proud these change makers are leading the way to decolonise geography Access the full report here,Negative
Pakistans most powerful Sunni Deobandi Cleric Id suggest a visit to Turkey would be most advisable in the near future,Negative
Waiting for Isha at the great Fatih Camii Istanbul,Negative
Madinah Book Today From pm UK Time Abu Kenzah Jamal Live on the DUS Dawah channel Inshaallah,Positive
Beautiful sight Salafiyah is strong in Libya,Positive
The validity of Witr alh is a view held by Shaykh alHind Mawln Mamd asan Allmah Kashmr Shaykh Ysuf Binor Mufti Nim alDn Mufti shiq Ilh Mawln Abd alShakr Laknaw Mawln Mujhid alIslm Mufti abb alRamn Mufti Taq Uthmn and others,Negative
Ramadan has ended but our campaign to renovate Markaz Bukhari continues and we need you help Help us to open Markaz Bukhari Donate to establish a new Salaf Markaz PayPal Go Find Me,Positive
The Prophet said The Qurn is an intercessor whose intercession will be accepted and an opponent whose testimony will be accepted Whoever puts it in front of him it will guide him to Paradise and whoever puts it behind his back it will drive him to the HellFire,Negative
Allaah the Most High said So whoever hopes for the Meeting with his Lord let him work righteousness and associate none as a partner in the worship of his Lord,Negative
GiveAQuranInRamadn Giving in charity is a means of protection from the fire of Jahannum Hell Our Prophet told us to protect ourselves with even half of a date Assisting to print amp distribute the Speech of Allh Qurn in English is Sadaqah Jariyah amp a protection,Negative
Alhamdulillh ALL praise and thanks belongs to Allaah for EVERYTHING,Negative
Women should attend the Eid Prayer but wear the correct hijb that covers their normal clothes in accordance with the Sharah She is to cover her head and shoulders with a khimr scarf over which she wears a jilbb She does not apply makeup or wear perfume or,Negative
Deobandi Cleric recites a peaceful verse from the Koran to Labour Party officials at the swearing in of the new Muslim Council leader Oldham Manchester UK,Negative
LIVE Sheikh Abdulillah Lahmami Tafsiir Surah alInsaan Mixlr,Positive
Where Did The Mawlid Nabi Come From Shaikh Hassan Somali Shamsi,Negative
took place In Minnesota The participants who were predominantly somali are either the direct students of Sh Walid Manisi or the students of his student An example of how just person of knowledge can uplift a whole state he doesnt get enough credit for it,Negative
Diary First Semester Kulliyah Hadith Jan,Negative
A call to help aid in the completion of the Salafi Markaz in Camden Nj Please donate generously for the sake of Allah,Positive
As a Revert this will be my first Ramadan I cant wait InshaAllah,Negative
Invest in your akhirah and donate on this blessed day in this blessed month towards our marakiz project Spend what you can today and continue to receive the rewards even when you are in your grave sadaqahjariyyah Ramadan,Negative
Ramadan Round Date th March Total Spent Number of baskets Price per basket Ramadan Mubarak and may Allah accept it from you all Please Share so we help more families thank you,Negative
Artists Painting Images is Strictly Prohibited under Sharia Law,Positive
Alhamdulilah I did my hajj when prices were reasonable Scary cost nowadays effectively putting Hajj out of the reach of vast majority,Negative
For those who want to build their Arabic library This is a bundle of all of the remaining books that we have available via Salafi Literature Topics ranging from Tawheed Usool asSunnah Aqidah Hadeeth life and more Authors ranging from Shaykh Rabee Shaykh Zayd,Positive
Truly the religion with Allah is Islam Those who were given the Scripture Jews and Christians did not differ except out of mutual jealousy after knowledge had come to them Surah AalImran Alhamdulillah Allah has preserved Islam from such humiliation and mockery,Negative
Salafi Salafirecording Salaf Muslim Islam Quran Sunnah Salafiyyah,Positive
Dhul Qadah Dhul Hijjah June Prayer Timetable for MasjidBinBaz,Positive
I once asked a bird how is it that you fly in this gravity of darkness She responded love lifts me Khwaja Shams alDn Muhammad Hafiz RA Help build the Islamic Centre of Britain icobritain islam Ummah Muslims donate poetry,Negative
Reading Quran From the Mushaf is Better Than From the Phone Shaykh Ubayd alJabiri,Positive
In the earlier part of Islam the scholars of Hadith and Sunnah exposed the liars fabricators in case their lies corrupted Islam In the th century the scholars exposed groups claiming dawah and rectification but who were really seeking power through numbers,Negative
Listen to The origin of Marriage Polygyny AbulHassan Maalik by Al Muminaat np on SoundCloud,Positive
TaraweehDay Guidance cannot exist in the absence of a system and structure for navigating life Whether its domestic dealings between spouses debt repayment or army commander decisions everyone r needs a divinely inspired guide to solve problems,Negative
Here is the translation of the sections of Umdatul Fiqh that we will be discussing today Inshallah,Negative
Everything is temporary nothing lasts Youre on a journey Youve not reached your final destination yet An eternal abode awaits The Hereafter So quit stressing over everything that happens Let the Almighty take over after youve done your best,Negative
On Recitation of the Qurn and Voluntary Fasting Ab Muwiyah narrated from alAmash from Shaqq From Abd Allh bin Masd The recitation of the Qurn is more beloved to me than voluntary fasting Muannaf of Ibn Abi Shaybah no a Mawqf,Negative
This is the current centre the Dawah is based in for it is amazing to see how it was initially just some shop or business in the s with barely any Muslims around and then became a base in Liverpool teaching Aqdah Srah Fiqh books of the Salaf,Positive
May Allah relieve the people of Turkey and Syria,Negative
Shaykh Salih alFawzan said He who says The Ashariah are from Ahlus Sunnah he is a Kaddhab Liar or a Jahil who does not know,Positive
When Muadh came from Syria he prostrated to the Prophet who said What is this O Muadh He said I went to Syria and saw them prostrating to their archbishops amp patriarchs amp I wanted to do that for you The Prophet said Do not do that Ibn Majah Sahih,Negative
Dont praise people too much for their deen too many people have had arrogance and self amazement enter their heart because of praise,Negative
Dr Michael Yapko Phd min extract taken from the hour lecture given by Dr Yapko with years of research on the causes of depression amp the phenomenon of Post Traumatic Growth May Allah make things easy for each and all ameen,Negative
Is wearing coloured contact lenses allowed according to Islam Read here,Negative
An excellent clip by Barakallahu fih,Negative
Apparently this is the best uni in london Allah knows best some say QM,Negative
Shaykh Salih alFawzan on those who make takfir of the Muslim rulers and call for rebellions in Muslim lands,Positive
Cringe and embarrassing statements of congratulations coming from some Muslim groups and individuals towards the British monarchy Please realise they are not reflective of the Muslim community who can see this institution for what it is,Negative
A Muslim who hates and holds hatred in his heart from other Muslims is in a very bad place where his deeds are not being accepted by Allah,Negative
Listen to Day Sittings in Ramadan Praise of the Mustaqimin By Sh Uways atTaweel Masjid bin Baz Radio,Positive
Usool asSunnah of Imam AlHumayydi explained by Shaykh Abdullah AlBukhari,Positive
The original tweet was trying to make something halal into haraam You should learn what the scholars say regarding this just because you dont know doesnt mean Im lying And whether you follow its permissible or Mustahhab doesnt change the point,Negative
Yes scholars discuss whether it is better to earn a livelihood or to free oneself for worship Those who argue for the former state that which has a more general benefit is virtuous In this case earning so more people can benefit Of course they are not mutually exclusive,Negative
We DONT worship Prophets We DONT worship Angels We DONT worship Satan We DONT worship human beingsjinngravesanimalsstars etc WE WORSHIP ALLAAH ALONE Glorified is Allaah High is He above all that they associate as partners with Him AlHashr,Positive
It appears youre not a practising Muslim Maasajid are welcome places for our sisters However segregation between men and women is required in a Masjid This keeps in line with Sharia Law Traditions Sunnah customs Authentic Hadith and of course from our Prophet SAW,Negative
Start the unity at the country levelthen regionalthen global In the case of Somalia lets unite under the unifying authority So must every other Muslim country,Negative
Lesson Tonight Friday th May Kitaab AtTawheed Taught by Ustdh Abdul Hakeem Mitchell in person pmpm inshaAllaah All welcome New Venue Unit Blenheim Business Centre Locks Lane CR JX amp,Positive
It doesnt matter how much money you have how much power you have or how much status you have Non of these things will give you contentment youll always want more We need to be content with what Allah has given us Dont waste life away chasing the next adrenaline rush,Negative
Is It Too Late Shaykh Hassan Somali allah islamic muslim sahaba Help DuSunnah move to a bigger location Donate now via,Positive
rayyancourses ilm knowledge dreams nightmares spirituality onlinelearning islamiccourses,Negative
Taraweeh Day A person can be blind to the truth and live in a selfcreated bubble believing that they do not require Allah It only hits them when their bubble bursts and they realise theyll die one day leaving everything behind and go to Allah all alone,Negative
The brother got slightly defensive and felt as if he was being challenged after giving his view I told him why I dont see that to be the case and neither did the majority of brothers who were in the discussion,Negative
The death of the great scholar Shaikh Ubaid AlJaabiri brings sadness amp pain to the hearts May Allah forgive him have mercy upon him amp enter him into Janatul Firdaus without recompense May Allah reward him for the great benefits he has given the ummah,Positive
Masjidus Sunnah Aston UPDATE Carpets are being laid alhamdulillh Please continue aiding the Masjid Help us build your Masjid Donate Direct Debit functionality is now live,Positive
But when Andrew Tate said It everyone said he was wrong due to their blind hatred for him,Negative
Imams Abu Hanifa Shafii Malik all hold the view that its a sin to put a proposal of marriage against the proposal of a Muslim brother,Negative
Maybe being content with so many Jumuahs has deprived us of working towards having the one Jumuah Hanafism,Negative
EidMubarak to all the muslims May Allah except our fastingampour prayers and may Allah allow us to reach the next Ramadan and benefit from it ameen,Negative
The community of Innercity Life raised for the Turkiye Syria earthquake relief fund amp donated it to be used in the earthquake region by CCDawah Alhamdulilah,Negative
May Allah have mercy on our mothers ameen,Negative
An opportunity to support diligent struggling students both locally amp abroad,Negative
A kid asks Sheikh Ahmad Musa Jibril regarding pets,Positive
Oh Allah help the Muslims of Syria,Negative
Lesson Foundations of The Sunnah by Imaam Ahmed Read by Abu Aaisha Shamsudeen Today at pm Live on Channel All Welcome,Positive
Raful alLaimah Aanil Aimah Lifting the Blame From the Imams Series Part In Defence of Imam Qatadah b Diamah Repudiating the Allegation of Qadr,Negative
Study the Fiqh of Itikaf Today at pm Watch online Ramadan,Negative
Sisters Come by our bookstall in the marquee We have a selection of English Arabic and even Urdu titles Notepads Pens Bookmarks and other items Support the Dawah and gain knowledge at the same time,Negative
When it is said to them Follow what Allah has revealed they reply No We only follow what we found our forefathers practicing Would they still do so even if their forefathers had absolutely no understanding or guidance,Negative
Birmingham Jihadi Confronts Labours Kim Leadbetter over the teaching of LGTB lessons in Schools The Labour Party will lose their entire Muslim Base within thirty years they will form their own Parties,Positive
THE SHARIA DOCTRINE OF MA MALAKAT AYMANUKUM Based on Koran verses This doctrine allows the Rape of Kafir girls This is not English common Law This is legal under Sharia Law,Negative
The visit of Aishah to her father Ab Bakr asSiddique during his final illness the day of his death,Negative
HADITH OF THE DAY Shawwal If a child was born in the family of Aisha RA she would ask not if it was a boy or a girl but Was it born healthy If the answer was in the affirmative she would say All praise is due to Allah the Lord of the worlds lAdab lMufrad,Negative
Hajj Rules Its sunnah for men to walk briskly while taking short steps amp shrugging the shoulders ramal in the first rounds of a Tawaf after which there is Sai,Negative
Kab ibn Iyad reported The Messenger of Allh peace and blessings be upon him said Verily every nation has a trial and the trial of my nation is wealth atTirmidh Sahh according to alAlbn,Negative
Todays dars is around the following passage of Umdatul Fiqh InshAllah,Negative
FRIDAY th May Islm began as something strange Guest Speaker Abdul Hakeem Mitchell Masjid Salafi Small Heath Birmingham,Positive
We are hosting a community event at Chester park tomorrow after Asr In Sha Allah BBQbasketball tournament for the men and a park area for the women and children We will have food so everyone come and enjoy themselves Barakallahu feekum,Negative
Grudges are not worth holding and showing off is not worth standing in front Allah and having your deeds nullified vanished May Allah protect us from that,Negative
And there will be some people who will stay near the side of a mountain and in the evening their shepherd will come to them with their sheep and ask them for something but they will say to him Return to us tomorrow Allah will destroy them during the night and will let the,Negative
A man came to the prophet may peace be upon him and asked if there was a way to make acts of worship easier to do the prophet may peace be upon him advised him with let your tongue be moist with dhikr Meaning increase in doing dhikr eg fasting salah etc,Negative
Ibn ulQayyim Loving knowledge is from the signs of happiness and hating knowledge is from the signs of misery amp all this is only in relation to the knowledge of the Messengers which they came with and bequeathed to the Ummah,Negative
InshAllh there will be a lesson continuing with Juz Tabrak on Sunday th April after Maghrib approx pm BST with Shaykh Abdulilah Lahmami Everyone welcome BrakAllhu feekum,Positive
RAMADAN APPEAL UPDATE Alhamdulillah during the month of Ramadan we raised a total of After thanking Allah we thank all those who donated and shared in the reward by spreading the campaign far and wide We ask Allah that He rewards you all with Jannah,Negative
New Track Added Night Raman Short Reminders By Abu Hakeem Bill Davis,Positive
A truly excellent weekend of beneficial knowledge brotherhood sisterhood and cultivation of our youth Nothing quite like seeing the radiant faces of Ahlus Sunnah from across the UK Jazakamullhu Khayran to Team amp Mashayikh for their sterling efforts,Negative
Hajj Rules It is impermissible whilst in ihram to allow a cloth to touch the face A woman will thus apply a cap or so to allow the veil to draw away from touching the face,Negative
DOUBLE DONATIONS First today will be doubled by AhlulKhayr We ask our brothers and sisters to spend their wealth and help us achieve our target Dont delay to do righteous actions in this blessed month,Negative
For more details especially on b refer to Takfir Ahl alShahadatayn by the Makkan scholar Shaykh Hatim alAwni,Positive
New video lecture delivered by Mufti Muhammad ibn Adam AlKawthari a few days ago in Toronto Canada amp Watch and share,Negative
My beloved Shaykh Shaykh Yaseen Adeni was killed today by the khawarij,Negative
Afghans today are proud muslims and their cultural and core fundamental beliefs all revolve around Islam years ago people worshipped the sun or idols amp if we do learn about the history we learn to say Alhamdulillah that Allah guided the Afghans from being mushriks,Negative
LEEDS SUNDAY CLASS POSTPONED Fiqh of Dua amp Adkhar with has been postponed to a later date InshaAllah,Negative
Tonights Lesson InShaAllaah Chapter Do they attribute as partners to Allaah who created nothing but they themselves are created,Negative
In the past when Muslims knew their Aqdah Manhaj and the fundamentals of Tawheed these types of questions would not be asked or even pondered on As Muslims we do NOT protest riot or even concern ourselves with the politics of the Dunya ie democracy,Positive
Two working class converts to Islam in Victorian Northern England Our Fatima and Our Bob with and March Dewsbury,Negative
Sultan Mosque in Singapore Completed in it was named after Sultan Hussain Shah In it was designated a national monument Help build a unique Mosque in the heart of the UK Birmingham City icobritain Islam mosquesofworld Singapore,Negative
The Khilafah belongs to Quraish and only Quraish,Negative
Help us complete the expansion of the Masjid and establish Tawheed Educational Centre st floor completed nd floor completed rd floor unfinished Paypal Metro Bank Markaz At Tawheed Maintanance Account Number Sort Code,Positive
The main areas of interest for the community starting from the furthest right Wilaya New area see video Toibla Area of the current Madrasah and Markaz for men which will remain there going forward at present Wiqaya Area of the new Madrasah amp Women section,Negative
NEW VIDEO A Young Brother Accepts Islam shortsvideo shorts shorts shortsfeed trending daily short,Negative
Lesson Tonight Friday th January Kitaab AtTawheed Ustdh Abdul Hakeem Mitchell in person PM All welcome Balham Community Centre Bedford Hill SW HE amp,Positive
Yasir Qadhi and Muammad ijb Ikhwniyyah in Theory and Practice Part The Islamic Creed and Salafiyyah Through the Eyes Heart and Mind of Yasir Qadhi Aqdah From a Foundation to a Branch,Positive
LECTURE amp A Brief Overview from AlQawid alMuthl Ustdh pm UK inshAllh All Welcome S WT,Negative
academics and misguided hadith rejectors reword and rework theories attempting to question the veracity of hadith authority Here is a documented incident from the hadith master alBukhari himself on the phenomenal hadith preservation and memory of Abu Hurayrah RadhiAllahu Anhu,Negative
Cowboy hats are a rare sight even in the USA and theres a good chance hes the only guy wearing one in Saudi Arabia This is likely It would make sense if it was for some cultural event but wearing it to the Masjid is silly You cant even make sujood properly,Negative
Lesson Today Intensive Madinah book course Aimed To Finish in Three Weeks After Maghrib pm approx All Welcome,Negative
Me Explaining to my parents why I cant celebrate Xmas anymore Muslims,Negative
Strive to aid this noble project inshaAllah Even a little goes a long way,Negative
O seeker of good come forward Help Us Open Your Masjid Donate While this golden opportunity lasts DONATE Paypal GoFundMe Online Donations,Negative
Do not worry about what you have given it is written with Allh and do not hold back when you give especially in the month of Ramadhn Donate Today,Negative
When people seem stronger than usual theyre probably broken inside The prophets were strong in front of their people and cried when alone with Allah Look after the broken ones near you,Negative
When youve achieved something good be prepared for the haters to come out in full force They might ridicule you spread rumours about you or even spew harsh words Dont worry Focus on whats right amp keep going The Almighty is on your side,Negative
Masjids in UK celebrating coronation of Charles as King like its some eid celebration Imagine Sahaba did this An opportunity to celebrate the coronation of Abu JahlOpen Event All Welcome Ahlul Bidah will not stop until the deen is demolished even Wala wal Bara,Positive
Knowledge is taken away like this When the ruwaybidah juhhal youth are taken from and the Ulema Rabbaniyyin are left Be warned of them like Muhammad hoblos menk etc Their emotional Dawah will destroy your hereafter Waffling on superman kryptonite bruh what a jahil,Negative
For the Love of Allah Give for the pleasure of Allah SWT Donate in the days of Mercy icobritain RamadanMubarak ramadan islam Ummah Muslims Happy reelsvideotrending reelsvideo donate OneBrickAtATime,Negative
After Alam tara the following are actually three words kayfa faala and Rabbuka So its Alam tara kayfa faala Rabbuka,Negative
Beginners Class A Comprehensive Guide For The New Muslim by Sh Anwar Wright Yahya Teaching important matters of belief amp worship to new muslims and those newly practising Saturday th May pm BST Masjid Bin Bz East Road E QR,Positive
There is no bounty equivalent to the Quran To reform people there is nothing more effective than the Quran Mufti Muhammad Taqi Usmani,Negative
Ibn Rajab said Dead hearts are given life by Dhikr just as the dead earth is given life by rain,Negative
Nobody should claim to be pious or knowledgeable in any circumstances but people can sin and still have fear of Allah,Negative
In addition a nd Salafi Masjid has now been established in Barbados too slowly with patience amp perseverance the Dawah grows and spreads by the blessing of Allh How amazing that this blessed Dawah has reached far away islands with small Salafi communities present,Positive
Are we allowed to write Quranic verses on headstones Also if grass grows on the grave can we trim it or remove it,Negative
You fast and have sabr for the pangs of hunger and thirst but you swear insult curse A leaking bucket You help others but youre doing it to gain something from them and not doing those acts of kindness for the sake of Allhs Glory A leaking bucket,Negative
What top tip would you give someone who is struggling to pray times a day,Negative
Be patient upon the acts of obedience and worship that may be difficult for you Strive in doing them and stand firm as it may be that tomorrow Allh makes that same act of worship easy for you,Negative
JUMUAH COLLECTION TODAY RAISED Kindly donate and support Bank Details AlRahma Trust Sort Code Acc no PayPal info,Negative
Listen to Day Sittings in Ramadan The Virtues of Taraweeh amp Night prayer in Ramadan By Sh Uways atTaweel Masjid bin Baz Radio,Positive
Facts about Birmingham Series Birmingham Help build the Islamic Centre of Britain in the heart of Birmingham icobritain Birmingham unitedkingdom Islam Community History School educateyourself mondaymood,Negative
Dont be daunted by the road ahead Yes it may seem long But the Almighty has it all planned for you You need to start the journey even if its with baby steps You will pick up speed and your pace will quicken as you move along Distractions aside Paradise awaits,Negative
Nasir alMulk Mosque in Shiraz Iran The mosque was built during the Qajar dynasty in It is also known as the Pink Mosque Help build a unique Mosque in the heart of the UK Birmingham City icobritain Islam mosques Iran birmingham monday,Negative
In fact I would advocate we aim at helping our brothers complete it by the end of tonight th night Something we can easily accomplish by Allahs leave with a collective effort getitdone,Negative
Talking principles amp empathy with amp on We cover using social media having an Allahcentric vision amp strategy fundraising trauma secular liberalism love leadership amp more Watch listen amp share,Negative
Abu Khadeejah Using Double Standards Against AbduRhaman Hassan Shamsi,Positive
These are the types of difficulties faced in Dawah but by the blessing of Allh the brothers in Liverpool persisted amp continued and did not allow anything to hinder their progress May Allh continue to aid the Liverpool community a big city as such requires a Markaz,Negative
In I made a series of tweets about Abu Maryam in which I clarified my belief and this error being made It is well known that testing people is from the way of the Salaf likewise it is known that Sheikh Rabee has tested individuals from the UK with Spubs,Positive
Popular Doubts used to justify celebrating the Prophets Birthday,Negative
LESSON TODAY Kitaab AtTawheed ShaykulIslm Muhammad Ibn AbdulWahhaab After ASR Prayer PM Masjid AtTawheed BROTHERS and SISTERS welcome,Positive
Parents in Islam Dr Abdulilah Lahmami shorts salafi deen islam via,Positive
Its the blessed day of Jumuah stop what you are doing and send salutations upon our beloved Prophet,Negative
It seems many Muslims have gotten carried away with recent trends The Prophet was all these things Husband Father Leader Warrior Brave Trustworthy Truthful Strong Noble Generous Kind He is the BEST example for men to emulate Nobody compares,Negative
The one who regularly attends duroos at the Salafi masjid is better than the one who sat under a scholar or a d once in a blue moon The Prophet said The most beloved of deeds to Allh are the consistent ones even if they are little,Positive
Abu Hurairah narrated that Allaahs Messenger said Do not make your homes graves Do not make my grave a place of celebration Send your Salt blessings graces honours and mercy on me Your Salt will be conveyed to me wherever you may be,Negative
We need Muslim unity to stop the genocides and destructions Muslims face all over the world from China to central African republicfrom Palestine to Myanmar,Negative
Updated nd edition of Forty Hadith Concerning the Fast of Ramadan is now available for purchase This edition covers issues concerning pregnant breastfeeding and menstruating women Allah make it a means of benefit,Negative
Takes way longer than one ever thinks And for me the only way to get progress is to lock myself in the library silent roomswhile the rest of the world enjoys the weather Alhamdulillah Itll be worth it Insha Allah,Negative
That would be a good research paper can the British monarch ever convert to Islam and remain monarch,Negative
Yemen Ramadhan Day Food Appeal We want to provide around to food baskets to be distributed in the week leading upto Ramadhan so we can aim to provide approximately people with their essentials for Ramadhan,Negative
Many of those who recently passed away probably had plans on how they will spend Ramadan Allah had other plans for them May Allah allow us to reach Ramadan and benefit from it,Negative
May Allh reward all Salaf communities coming together amp aiding just as multiple Salafi Markiz were established through mutual support amp cooperation in the past we can also complete this project InshaAllah Simple retweetsspreading the word go a long way BrakAllahu fkum,Positive
Ramadan dates hack the unbranded box of dates that look exactly like the Madina dates are just as good and cheaper and come from Saudi Arabia they taste like chocolate,Negative
Hijazi recitation by Shaykh Eesa Sanako from Bahrain MashaAllah tabarakAllah,Negative
Seerah Class continues today at pm inshaAllah,Negative
We have a bundle of Shaykh Rabees books And theres an extra surprise included which is our last copy of Shaykh Rabees biography by our Shaykh Khalid Contact us if you are interested,Positive
Hindutva thugs are assaulting elderly Muslim men on suspicion of carrying a cow Assaulting Muslims in the name of cow protection is normalized in India and both liberals amp rightwing consider it justified because cows have more rights in India than minorities amp women,Negative
Look at how DECEPTIVE this man is Not only is this PDF over weeks old and not only was Hajji still pursuing Abu Iyaad for a retraction thereafter but HE MISQUOTES ABU IYAAD THE SAME WAY HE MISQUOTES THE SALAF He highlights a section for his audience and leaves off the rest,Positive
A person enters Islam only by declaring the two statements of faith shahadatayn Once the shahadatayn are said a person is definitively Muslim even if there are strong indications otherwise,Negative
The appetite for halal versions of haram things are often linked to us wanting to live by Islam but having no appetite to live for Islam Within a few generations a child can become cultural secular amp Unbeliever All because his grandparents in their graves wanted to fit in,Positive
Spending money on noble things such as to study the din pay madrasa fees perform HajjUmra buy religious books etc is also a type of charitable donation and rewardable,Negative
No lesson this Saturday in Tottenham due to the one day conference at We advise everyone to attend and benefit from this event May Allah reward our teachers and all who contributed to facilitating it,Negative
Where are your Refutations against Bidah amp its people By AbulHasan via,Positive
mm ibnul Qayyim and are the greatest ways of opening the heart while and are the greatest ways of constricting the heart Read the full article translated by Rasheed Barbee,Negative
TONIGHT Thursday th May Kitb alTawd Ustdh Abd alakm Mitchell PM Balham Community Centre Bedford Hill SW HE and,Positive
HADITH of Imam An Nawawi Lesson TODAY Broadcast live,Negative
HADITH OF THE DAY Shawwal ProphetMuhammad said This door in the West will remain open for repentance until the sun rises from there ie West When the sun rises from there no faith will benefit a soul that hadnt yet believed or earned good Ibn Majah,Negative
Thank you PreventReview for providing further evidence on the ways in which racism operates through the psydisciplines In this case how the emotional and behavioural responses of racialised Muslims are made sense of and subsequently pathologised and securitised,Negative
Ramadan Live Living Tradition Tarawh and the preservation of the Quran Today April PM UK time PM Mecca PM Texas PM New York,Negative
The First Days of DhulHijjah Fasting Arafah the Days of Eid and the Sacrifice By Ustadh Abu Khadeejah,Positive
Narrated Jbir A man entered the mosque while the Prophet was delivering the Khutba religious talk The Prophet said to him Have you offered Salt prayer The man replied in the negative The Prophet said Offer two Raka Salt prayer TahayyatulMasjid,Negative
Let us make dua for our brothers and sisters in Turkey and Syria may Allh make their affairs easy A reminder the one who dies under a collapsed building is from the shuhaadah the martyrs,Negative
If two people love each other for the pleasure of Allh then their relationship will never become sour Any love for the pleasure of Allh is in fact love for Allh which will last forever,Negative
NEW TIME Due to the clocks going forward our Kitaab AtTawheed lesson will now be after ASR prayer Continuing today Sun th After ASR Prayer PM Masjid AtTawheed BROTHERS and SISTERS welcome,Positive
LIVE NOW A Glimpse At The Stories In The Qurn from the works of AlImm AbdurRahman AsSadi The Story of Yusuf Pt Listen at,Negative
Imam alBukhari passed away on the eve of Eid alFitr Similarly last night our beloved humble Shaykh Salih alHudaithy teacher in Masjid anNabawi passed away He was a role model in teaching consistently amp worship,Negative
A brief look at Surah AlAsr One of the most compact Surahs in the Quran on how to deal with trauma and suffering ConnectandReflect StayBlessed,Negative
Help Masjid move to a new more befitting location Their endeavour in the path of Allh is well known may Allh reward them with good Be part of that endeavour See below Our Masjid at Night We Need a New Masjid ASAP,Negative
The Ummahs Ikhtilaf is a Mercy Make dua for one another amp concentrate on the more important issues rather than writing posts that denigrate Muslims choice of when to celebrate Eid May Allah strengthen us in our commitment to Him amp keep us from hurting each other with our words,Negative
Start this Ramadan with a great deed Help save our sisters sight by donating generously May Allah reward you abundantly Donate through the link below,Negative
HADITH OF THE DAY Shawwal Aishah said ProphetMuhammad was not indecent nor obscene nor would he shout in the markets And he would not respond to an evil deed with an evil deed but rather he would overlook and pardon Tirmidhi,Negative
Sharia Law Says Kafirs are dirty Muslims are prohibited from consuming food cooked or prepared by Kafirs Referencing Koran verse Non Believers are unclean Najis,Positive
The lessons in Leeds will resume from th July InshaAllah,Negative
Leave tomorrow for a Tour of Toronto amp Knowledge Retreat in Winnipeg Canada In Sha Allah Organised by the AlHasanain Institute Register for the Winnipeg Ramadan Knowledge Retreat here,Negative
Shorts By Shaykh Salih AlFawzn Translated By Salafi Salafirecording Salaf Muslim Islam Quran Sunnah Salafiyyah,Positive
Sufyn alThawr and the Kufans Professor Christopher Melchert,Negative
On the flight from Toronto to cold and snowy city of Winnipeg Manitoba in Canada My first time in this city Alhamdulillah,Negative
LESSON TONIGHT Kitaab AtTawheed ShaykulIslm Muhammad Ibn AbdulWahhaab After MAGHRIB Prayer PM Masjid AtTawheed BROTHERS and SISTERS welcome,Positive
New Track Added Night Raman Short Reminders By Abu Hakeem Bill Davis,Positive
Yesterday ashShaykh AbdurRahman bin Allaamah AbdulHayy alKattani passed away in Morroco at the age of He had the highest chain of Isnad in the world May Allah have mercy upon him and enter him into the highest of Jannatul Firdaws,Negative
No lesson this Saturday th Jan We advise everyone to attend and benefit from a weekend of knowledge May Allah reward our teachers and all who contributed to facilitating this conference,Negative
If the Sufis ever take Makkah and Medina again these two cities will return back to that era of shirk and kufr on every corner And those refuting the shirk will be killed and labelled Wahabbi Kafirs by the Quburis as they did to the students of Imam Ibn AbdulWahhab,Positive
Fitnah exposes the reality of individuals May Allah protect us,Negative
An Introduction to our latest Publication AlFusl Chapters from the Life of the Messenger PART THREE By Shaikh ORDER YOUR COPY TODAY via,Negative
Unfortunately we live in an era where we place our faith in Muslim celebrities instead of placing our faith in Allah When these Muslim celebrities dont live up to our expectations our level of faith goes low We must stop this culture of Islamic celeb worship,Negative
NEW VIDEO Allah Is The Greatest shortsvideo shortsfeed allah truth shortsfeed trending,Negative
A Polite Reminder We ask our respected followers aid this iconic masjid ampset up their direct debits day Donate feesabeelilh amp earn the reward from Him Your charity will help you in the barzakh inshAllh Invest Today,Negative
No one owes you anything you need to return to Allah learn to detach from this world remove your reliance resilience self awareness and strength comes naturally once you fully believe in yourself first and foremost As harsh as it sounds no ones coming to save you,Negative
AYAH OF THE DAY This is not but Your trial by which You send astray whom You will and guide whom You will You are our Protector So forgive us and have mercy upon us And You are the best of forgivers,Negative
Tour guide for small family groups or large Umrah groups Book your tour if youre coming to Madinah,Negative
Shorts By Shaykh AbdulAzeez ibn Bz Salafi Salafirecording Salaf Muslim Islam Quran Sunnah Salafiyyah,Positive
This Qurn is a plain statement for mankind a guidance and instruction to those who are AlMuttaqn the pious,Negative
Alhamdulillah it was great to see the community together to benefit from this needed reminder relating to Influence amp Identity of a Muslim The lesson was packed with young amp old Alhamdulillah we are from our first target of k See the flyer for donation details,Negative
No better place to be in MaybAllah enable each one of us to experience this place,Negative
Just to clarify there has been a bit of a misunderstanding on my side and was unaware of the full details of an online conference I wont be participating May Allah give everyone success in this blessed month of Ramadhan,Negative
Failure is not an option I am placing my full trust in Allah Allah will be enough for those who put their trust in Him Allah achieves His purpose Allah has set a due measure for everything Quran,Negative
Today Ill be in Manchester after Asr In Sha Allah at Masjid Al Furqan,Negative
b If a statement or action is indirectly kufr ie its logical conclusion leads to kufr but it is not inherently kufr then there is scope for giving the benefit of the doubt This is called,Positive
How can it be considered reasonable for Muslims to flee amp leave their fellow Muslim brothers amp sisters at the mercy of oppressors This mindset is defeated Its like Palestinian Muslims in Gaza stop caring about Jerusalem amp the West Bank amp leave it at mercy of Israeli occupiers,Negative
Jumuah Friday Khutbah at LIC starts PM live stream link,Negative
This is the guy who started the Redpill movement on Reddit An atheist republican ousted after some of his fishy statements were found online Allah sent us Muhammad but yet some want to follow this guy,Negative
Nihilism is the ultimate outcome of denying God Islam not only informs us of our creator but also provides a clear and coherent cosmology It answers our deepest existential questions and grounds us in life Muslims especially young Muslims need to be aware of the core,Negative
When it comes to dunya look at those who have less than you Youll appreciate what you have more When it comes to your deen look at those more religious than you itll encourage you to do better and become a better Muslim too,Negative
Alhamdulilah for Salafiyyah The clarity we have because we are upon a clear straight path with a criteria laid out for us By Allah amp his Messenger to keep us from going to the left or the right is a blessing that many dont appreciate truly Alhamdulillah Salafiyyah,Positive
Timothy John Winter aka Sheikh Abdal Murad Professor of Islamic Law founder and dean at Cambridge Islamic College has been appointed Chief Qadi of the UK,Negative
Wuhayb b alWard Meccan fl midth cent resolved not to laugh till death He wondered how someone knowledgeable could laugh knowing of the terrors of the Resurrection Hammad b Salamah Basran d was never seen laughing,Negative
Beware of the leaking bucket You wear abaya and hijb but with perfume and makeup a leaking bucket Youre following the Sunnah and have a beard but you dont lower your gaze A leaking bucket You pray all of your prayers on time but you have no khush at all,Negative
Why dont you pray your Salah with Saudi timings too says the one whos family have been following Morroco sighting for decades,Negative
Did you know you dont have to wait until the Day of Eid to give your Sadaqah alFitr Hanafi If you are not directly giving it to the poor and using the services of a charity or a Masjid it is better to pay it days in advance so it may reach and benefit the poor on Eid,Negative
Ms Moses Comes from two separate words in Coptic which means water amp tree Water Tree Thats bcos when his mother feared for his life she put him in a basket amp put it in the sea it was pushed by the waves under the command of Allah by some trees near the,Negative
Pay close attention to this especially when those attributed to teaching and dawah increase,Negative
The Impact of the Qurn upon the Hearts Shaikh Uthaymn,Positive
We live in a world where the poor dont have money be clothed yet the rich are spending millions to walk nude Shaykh Sulaimaan Moola,Negative
Counterbalance with positivity praise amp thanking Allah amp public displays of helping others who are in a worse position The balance for some is off Change the narrative by publicly seeking Allahs help amp complaining to Him alone amp with reminders of His mercy,Negative
Lewd Behaviour islam ramadhan ramadhan LetsDoItTogether,Negative
There are s of poor people in the blessed cities of Makkah amp Madina without Saudi nationality struggling to make ends meet Do not be deceived by the glamour of the hotels Visited some slums in Makkah today Supporting them is a huge act of reward Allah have mercy on them,Negative
Hijazi recitation of verses from Surah al Hashr Stunning recitation in a stunning masjid Reciter Qari Saad Ezzouait,Negative
The tour was expertly presented by amp their highly informative tour guides The visits to various historical locations including the masjid of Umar ibn alKhattab were inspirational Dont let the misrepresentation that is portrayed in the media stop you from,Negative
Close friends that Day will be enemies to each other except for the righteous Doha Qatar,Negative
A believer should take the means and go out in the morning and strive to earn halal income for himself and his family Indeed Allah is the Provider so go out and seek the provision from Allah This is better for him than going to a man asking him for help Ways to,Negative
CAMPAIGN UPDATE Total raised Of which was raised at Masjid Sunnah yesterday May Allh reward everyone for their generosity amp support Lets keep pushing together this Ramadan donate to renovate Markaz Bukhari,Positive
Took a flight this morning from Oslo capital of Norway to another major city Bergen I delivered the Jumua Khutba at one of the Mosques and thereafter we went on a short tour of this beautiful city surrounded by mountains and forestry with beautiful lakes in between,Negative
The blessed month of Ramadhan begins with the st fast tomorrow Thursday rd March Tonight Wed will therefore be the st Taraweeh at pm We are delighted to welcome all our brothers and sisters along with our guest Imaam Hafidh Uthman alQari from Jeddah KSA,Negative
Ramadan is Coming Get Ready A Comprehensive guide that takes you from the days preceding Ramadan and sighting the moon in different lands all the way through to the last ten days LaylatulQadr Eid day and the fasts of Shaban Now in Store and,Negative
HOW TO ENTER IHRAM For men Take a bathablution Don simply newwashed unstitched sheets Apply fragrance Observe rakats Make dua Make intention Allah I intend UmrahHajj make it easy amp accept it from me Recite talbiyah vocally You are now in ihram,Negative
Im raising for a new carpet for a masjid in Yemen Please help me achieve this during this blessed month of Ramadan,Negative
NEW VIDEO Arabic Lessons In Reading Level Session Topic Prayer Its Definition amp Obligation,Negative
Dont have much wealth Abu Dard said Its better to have a little wealth that will benefit you than to have a lot that will destroy you The Prophet said I stood at the gate of Paradise amp I saw the majority of those entering are the poor Bukhri amp Muslim,Negative
These days when you tell someone fear Allah they get offended instead of contemplating and rethinking,Negative
Take advantage of these blessed days amp nights of Ramadan to support the people of Sunnah in building a Masjid May Allah bless all those who have donated so far Whoever builds a Masjid for the sake of Allh Allh will build for him a house in Jannah,Negative
Bless the woman for taking care of what Allah has given to her Ive no idea its so costly to go to hairdresser in the UK,Negative
Join us for the Eid Prayer It is from the Sunnah of our beloved Messenger to establish the Eid prayer in an open space More info info SPREAD THE WORD EidAlFitr,Negative
NONE has the right to be worshipped EXCEPT Allaah,Negative
Understand that with poverty is richness and with hardship is ease and with sadness is comfort and with grief is relief and with every sorrow comes solace You who have held onto patience for long Keep on to hold on there isnt much left Ibn aQayyim,Negative
Short clip by Mufti Muhammad ibn Adam AlKawthari,Negative
The beneficial means to a happy life sh hasan somali Live now,Positive
Any alim who clarifies these things keeps the masjid busy throughout the year revives the spirit of jummah amp speaks the truth with hikmah takes a lot of work doing all that its really not easy Alhamdulilah more amp more are waking up but many have been snoring for decades,Negative
Hadth Indeed Allh protects His servant from the world just as your protect your ill,Negative
Giving Dawah On Social Media Abu Kenzah Jamal socialmedia dawah deen islam Muslim,Positive
I pray that Allah makes Erdoans reelection a means for guidance prosperity and peace in Trkiye and the world Erdogan Turkey TurkishElections,Negative
Think about this A man will enter Jannah as a result of removing a roadside branch Never underestimate the power of any action no matter how insignificant it appears,Negative
Islm Began As Something Strange By Abdul akeem Mitchell,Positive
EidMubarak my fellow muslims May Allah except our good deeds and forgive our shortcomings,Negative
NOTICE Our Sunday Class on Kitaab AtTawheed is postponed from tonight until Sunday th January,Positive
Dont let shaytaan decive you Your sins can never outdo the mercy of Allah All it takes is sincere repentance,Positive
This is a book for the one that aspires to be a righteous wife read it and teach it,Negative
LESSON REMINDER Quran Memorisation and Reading All Levels Today pm Markaz Daaruttawheed Unit Plumstead Business Centre SE SL Brothers only,Positive
The Koran verses on Breastfeeding an Adult ten times and Stoning are lost forever Eaten by Aishas pet Sheep,Negative
Dont Delayfor none of us can guarantee if we will be here tomorrow Be from those that says I will amp contribute to the establishment of our iconic masjid Set up a DirectDebit amp have hope that this will benefit you in the dunya the barzakh amp the khirah,Negative
a book by Hfiz Ibn Rajab This masterpiece covers a range,Negative
Ali Dawah dont follow Islam follow the truth ISLAM IS THE TRUTH,Negative
Jumuah Prayer Al Istighfaar Khutbah Starts Near Colindale Station Colindale Avenue NW GX Brothers only Live broadcast,Negative
One of the most senior scholars of India and the world Shaykh Muhammad Rabi Hasani Nadwi has passed away at the age of He was the nephew of Sh Abul Hasan Nadwi a Rector of the Nadwat alUlama Lucknow great leader writer amp spiritual mentor May Allah have mercy on him,Negative
Just interviewed Imam Shakeel Begg of Lewisham Mosque about Dawah and the influx of conversions to Islam in the UK Amazing insights Amazing mosque community Key change he has noticed is that in the last few years more white people are converting to Islam,Negative
UPDATE on EiD Salh EiD Prayer Now The ARC Community Hub Knox Road Loughborough LE UP AM Prayer shall commence Friday st April Men Women amp Children All Welcome Brothers Entrance Back Gate Sisters Entrance Main Doors,Negative
Alhamdulilaah weve managed to raise K Lets keep pushing,Negative
GiveAQuranInRamadn Is there a better time to give in the way of Allh than the last nights of Ramadn Allh says in the Qurn And spend in the way of Allh from what We have provided you before death approaches one of you and he says My Lord if only You,Negative
Now imagine standing in front of Allah on Yawm al Qiyamah,Negative
One of the benefits of working as a doctor is that we are reminded how uncertain life can be is on a daily basis How true is the hadeeth of our Beloved when he said Take advantage of things before calamities and of them he mentioned Good health before illness,Negative
Islam and Bioethics An Introduction with Prof Mohammed Ghaly via,Negative
He who does not live in the way of his beliefs starts to believe in the way he lives Umar ibn AlKhattab,Negative
And heart from the right peopleampsourcesTherere a lot of false things said about Islam soone should be careful not to fall for them Here are some sources to learn about IslamampIslamic history First check the Muslim history in the Cape,Negative
Arab regimes may sign normalization treaties with the Israeli occupation but the presence of the illegal Israeli entity in the heart of Islamic lands will never b accepted by Arab Muslims For Arabs amp Muslims globally Palestine amp Al Aqsa will continue to be the utmost priority,Negative
Send your children to a masjid for them to learn Islam as opposed to doing private tuition at home This is because the companionship of hundreds of Muslims in the masjid will anchor a deep Muslim identity in your child for life,Negative
GiveAQuranInRamadn A fantastic amount was raised in the blessed month of Ramadn to printdistribute the Qurn in English Alhamdulilah This leaves an outstanding balance of that we can complete in the month of Shawwal InshAllh,Negative
This Ramadan join us in the Million Brick Appeal and be part of something truly extraordinary Donate your Brick Package Today icobritain RamadanMubarak ramadan islam Ummah Muslims Happy sahur iftari donate bricks masjid mosque,Negative
According to the Census Birminghams population stands at Help build the Islamic Centre of Britain in the heart of Birmingham icobritain Birmingham unitedkingdom Islam Community History School educateyourself wednesdaymood,Negative
It is Islamically and ethically wrong and may even be sinful to put someone on speaker phone during a conversation without first asking them and informing them who else will be listening to the conversation,Negative
JUMUAH COLLECTION TODAY RAISED kindly donate and support to open the Salafi Masjid in Colindale Bank Details AlRahma Trust Sort Code Acc no PayPal info,Positive
What can I do during Ramadan Give Charity Feed the Fasting Read the Quran icobritain RamadanMubarak ramadan islam Ummah Muslims Happy sahur iftari donate Islamicreminder reelsviral JummahMubarak Quran Charity fasting,Negative
ZAKAH FIDYAH amp ZAKATUL FITR ANNOUNCEMENT Alhamdulilah Our Team are delighted to announce that we are collecting Zakatul Fitr Fidyah and Zaktul Maal this year May Allah aid us to collect amp distribute your wealth to those that need it most Fidya Zakat ZakatulFitr,Negative
AYAH OF THE DAY Dhu lQadah And Musa chose from his people men for Our appointment And when the earthquake seized them he said My Lord if You had willed You could have destroyed them before amp me Would You destroy us for what the fools among us have done,Negative
SATURDAY NIGHT BASICS Lets get this Ramadan right Saturday th March pm mins Suitable for the young and old,Negative
What is Tawheed Tawheed is to single out Allah in His Lordship the one who sends down rain gives life takes life etc to single out Allah in worshipping Him abondoning worshipping graves idols angels dead people etc to single Allah out in His Perfect Names and,Positive
Yasir Qadhi and Muammad ijb Ikhwniyyah in Theory and Practice Part The Great Companion Umar bin alKhab the Islamic Creed and Salafiyyah Through the Eyes Heart and Mind of Yasir Qadhi,Positive
The Companions asked What have you interpreted from this dream O Messenger of Allh He Peace and blessings be upon him replied,Negative
Holding on to The Religion in Times of Fitan By Abu umayd Slim,Negative
Please tweet below a verse of the Quran that transformed you made you think deeply or had any other profound impact on you,Negative
LIVE Parables of the Quran The Tale of Two Gardens,Negative
LIVE NOW Sharh asSunnah of alImm alBarbahar The Five Daily Prayers by Shaykh Uways Taweel MasjidBinBaz Listen Live,Positive
Making the best use of these days the first days of Dhul Hijjah Via Ustadh,Negative
FEED THE NEEDY IN RAMADN The sheer amount of people that Allh has allowed to be fed from your donations for iftar is incredible Bangladesh amp Uganda are featured in the attached videos,Negative
Be part of this illustrious project in the of Birmingham UK Make a contribution to help reopen the Masjid May Allah reward you all tremendously,Negative
Must watch and sharehow to maximize the last nights of Ramadan with practical tips,Negative
New Essay The Adamic Conundrum A newer Qurancentered approach in MuslimChristian dialogue Dr Osman Latiff,Negative
Donate your Ramadan Mussalla for as little as Today Donate yours today icobritain RamadanMubarak ramadan islam Ummah Muslims Happy sahur iftari donate Islamicreminder reelsviral Quran Charity fasting forgiveness mosque,Negative
New lesson this Saturday th May Six Points from the Seerah explained by Shaykh Al Fawzan Abu Abdullah Zubair Ibraheem Time pm pm CONEL college Tottenham high rd London N RU,Positive
RamadhanRulings Learn about fasting before Ramadhan enters,Negative
Delivered a talk at the Darul Iman masjid here in Toronto Canada last night after tarawih prayers on the Rights of the Quran Event was organised by the Institute,Negative
Today ashShaykh alMuhadith AbdulWakeel alHashimi finished commentary on Sahih alBukhari in just over a year in Makkah I had the pleasure of attending these lessons for a month amp he is one of the most knowledge people alive today on Sahih alBukhari,Positive
This is what bidah does thats why bidah more beloved to shaytan than haram Why Because when you do haram you repent you know its bad but bidah you wont raver you spread it around causing corruption may Allah bless you amin,Positive
The Believer is faced with forms of selfstriving in Ramadn AlImm ibn Rajab via Shaikh Abdullh alBukhr,Negative
And only people were affiliated with Ahlul Hadith A few days before he died he set the foundations for the th masjid in Gujranwala and it is now a city easily considered a hub of the Ahlul Hadith and dawah Salafiyyah Rahimahullah,Positive
Sharh asSunnah of Imaam al Barbahari Explanation of Shaykh Saaleh al Fawzaan Taught by Ustdh Every Sunday At pm Live at Masjid All welcome both sides open Broadcast on,Positive
Continuing Tomorrow Six Events from the Prophetic Seerah Ustadh Mon rd Jan Every Other Monday Centrecom Meeting Place N Row Milton Keynes MK BJ All Welcome Tune in live,Negative
This is your record it speaks about you the truth We were having transcribed everything you used to do Surah Jaathiyah Verse Reciter Shaykh Abdullah al Juhany,Positive
Mufti Muntasir Zaman is a hidden gem whos slowly being discovered Anything he writes is worth reading Very talented young man with a promising future May Allah accept great work from him,Negative
The Dunya is certainly a home of trial and hardship Alhamdullilah,Negative
NEW LESSON CONTINUES Usl usSunnah Imm Ab Bakr alHumayd Ust Abu Inaayah Seif Mon th June pm Every Other Monday Centrecom Meeting Place N Row Milton Keynes MK BJ All Welcome Tune in live,Positive
lies drowning the voice of a single truth will never overcome it In the end whether in this world or the next truth will prevail And say The truth has come and falsehood has died out Falsehood is indeed perishable Quran,Negative
Closing Keynote BRAIS In terms of West African relations with Saudi Arabia highlights a bilateral exchange of Islamic knowledge with West African scholars actively impacting modern Wahhabism refuting the idea of Wahhabism entering Africa unilaterally,Negative
Due to the rain will shall be praying Eid in Centrecom center where we usual hold Jumuah am Centrecom Meeting Place N Row Milton Keynes MK BJ All Welcome,Negative
New Jumuah time pm live link,Negative
Up until the day of his demise Shaykh Muhammad Khalil continued to teach his students whilst being on his deathbed This is a clear sign that he was from the sincere people of the Quran May Allah have mercy on his soul,Negative
Part has now been released in which he discusses establishing Darul Iftaa and other activities Watch and share,Negative
Excellent replies from many of you JazakAllahkhayr,Negative
Reminder Tonight A Glimpse at the Story of Yusuf from the works of AlImm AbdurRahman AsSadi By Sh Uways AtTaweel Friday th April PM BST AM KSA Masjid Bin Bz East Road London E QR,Positive
Taraweeh Day Allah gives the universal rule for success Continue to spread your message to everyone Regardless of what others accuse you of persevere Do not give up even if you lose your wealth health or life The outcome will always be for the people of Allah,Negative
Shaykh Khall Amad Sahranpr One Rakah of Witr is present in a adths it is endorsed by Abd Allah ibn Umar Ibn Abbs amp other companions amp it is the position of Mlik Shfi amp Amad Therefore the authors vilification of it is a vilification on them all,Negative
Alhamdulillh for the BLESSINGS of the Noble Qurn,Negative
Can Zakat be spent on a newMuslim to perform Umrah,Negative
May Allah cure Shaykh Rabee alMadkhali and give him long life upon obedience,Positive
RAMADAN PROJECTS Markaz Darimi Islamabad Masjid Sunnah Aston Markaz Sunnah Alperton CC Dawah Daar Us Sunnah,Positive
An Explanation of The Creed of Muhammad bin Abdil Wahhab The Imm the Revivalist A revised second edition of this tremendous treatise has arrived The perfect accompaniment to our Shaikhs Lessons Order your Copy in Time for the Lesson,Positive
Increasing in knowledge is one of the most satisfying and rewarding things a human can do,Negative
If yes then present your proofs if you are truthful If no then desiring an individual upon a Manhaj outside of that which the brothers at Spubs are upon does not lead to an alternate interpretation of Salafiyyah it is only desiring misguidance and foolishness,Positive
Congratulating the Son of Adam in Reviling His Lord The Quran Sunnah and Consensus Versus the Head of the Muslim World League,Negative
The sins on wedding days May Allah bless all the attendees who filled out the masjid islam,Negative
Ramadan Round last round Date th of May Total Spent Number of baskets Price per basket May Allah accept it from you all on this blessed month of Ramadan,Negative
A young man came to in Birmingham UK on Friday before the Jummah pray amp took his Shahadah just in time to listen to the khutbah amp pray with his new brothers Alhamdulilah May Allh bless him keep him firm upon the straight path amp grant him Paradise,Negative
Starting soon Sharh asSunnah of alImm alBarbahar The Five Daily Prayers Shaykh Uways Taweel Listen Live,Positive
New Video Buying New Clothes for Eid Shaykh Salih alFawzan,Positive
If you havent followed Mawlana youre missing out on a lot of istifaada,Negative
Honestly it was an absolute pleasure to see all these brothers coming at such short notice May Allah bless the people of leicester and keep them steadfast,Negative
Beautiful recitation by Qari Amro Ali in the dialect of Qaloon an Naafi,Negative
We enter the blessed month of Dhul Hijjah May Allah allow us to make the most of these ten upcoming days May Allah allow us to become people of beautiful character to our families communities and everyone we meet,Negative
Live Now Shaykh The way of the Salaf is the path to Success Listen in,Positive
Our online course Practical Parenting takes place this weekend In Sha Allah We look forward to having all those who registered on board for the live sessions those unable to participate in the live sessions can follow the recordings in their own time,Negative
Another English Traitor at the Haj,Negative
Believing of Muslims do not fall into zina where it is so easily accessible is delusion Not limited to hijabis If anything theyre probably better than the majority but there is an obvious problem with zina within the Muslim community at uni that needs to be addressed,Negative
IMPORTANT If you donate towards this noble cause please use the correct reference RAMADAN APPEAL or message the administration team on This allows us to track the progress of the appeal May Allah reward you with good and make it heavy on your scales,Negative
May Allah save us and keep us firm amin,Negative
Saturday th of April We have raised so far Kindly donate in these blessed days Bank Details AlRahma Trust Sort Code Acc no PayPal info,Negative
Lesson Tonight Friday th March Kitaab AtTawheed Taught by Ustdh Abdul Hakeem Mitchell in person pm pm inshaAllaah All welcome Balham Community Centre Bedford Hill SW HE amp,Positive
NEW TRACK ADDED Tafsr ibn Kathr Lesson Tafsr Surah AlAnm Verse Abu Hakeem Bill bin Ahmad Davis LISTEN HEREgtgtgt,Positive
Explanation of Umdatul Fiqh By Shaykh Abdullah Bassaam amp Shaykh Ubayd Ustaadh AbdulHakeem Brothers amp Sisters welcome Broadcast on Link to previous lessons,Positive
This lesson covers the chapter Why Dua May or May Not be Answered taught by Tawheed Shirk Sunnah Bidah Salaf Salafi Manhaj Hanafi Fiqh,Positive
Social media has entered most homes and time is being wasted reading and watching people whom we will not benefit from in the Dunya or the Akhirah Allahul Mustaan May Allah bless in our time,Positive
LEEDS SUNDAY CLASS POSTPONED Due to difficult and dangerous driving conditions todays lesson has been postponed Fiqh of Dua amp Adkhar Sunday th February at pm Previous lesson,Negative
We can only beseech Allah Most High to grant beautiful patience to the thousands effected by the earthquake and grant them relief May Allah enable the rest of us to assist in every way we can,Negative
Important topics for the Youth of the Ummah such as Tawhd Qurn Fiqh Hadth Etiquettes Biography of the Prophet and Supplications,Negative
Salafi Salafirecording Salaf Muslim Islam Quran Sunnah Salafiyyah,Positive
Madrasah Open Day amp Registration Monday th April Tuesday th April Time PM PM Contact details Info,Negative
If your an individual that wants a righteous spouse then we must look to ourselves and be critical in weather we are a match for what we long for strive in your own righteousness so when they come along you can aid one another in piety,Negative
Let Ramadan be your moment ramadan ramadan,Negative
Worry is the biggest thief It steals your time energy amp inner peace Turn your worry into worship Seek the Almighty Youll find your strength,Negative
I often receive messages from Muslims looking to start a podcast seeking advice on equipment We spent a lot of time putting our studio together happy to share our research with anyone that wants to do something positive for the ummah DM me or contact through,Negative
Islam and Modernity Dawah Crash Course on Christianity with Dr Ali Ataie Registration here,Negative
Masjid at Tawheed Hyde Greater Manchester Registration Join us on this enlightening journey of Tajweed and enhance your connection with the Quran,Positive
Day Final Session topics Explore Theology and Hadith MuslimJewish intercultural debates Gendering Islam Islam and Modernity Shii memory,Negative
No lesson this Saturday in Tottenham due to the series of lectures at We advise everyone to attend and benefit from these lectures May Allah reward our teachers and all who contributed to facilitating this gathering,Negative
have a deluxe thermoleather bound hardback edition of the Noble Quran with translation and notes by Mufti Muhammad Taqi Usmani Follow along with Tafsir of the Whole Quran in Hours,Negative
Some of my Teachers by Mufti Muhammad ibn Adam alKawthari Another great teacher from this list passes away May Allah have mercy on him Read full list here,Negative
What remains of Ramadhan is short so lets not allow for MasjidusSunnahAston to be closed for a day longer CHARITY does not decrease wealth it ENRICHES BANK Name Masjidus Sunnah Account Number Sort Code Barclays Bank,Positive
ITS ALMOST TIME Truly all praise belongs to Allh by Whose grace and bounty we are now in the process of completing the masjid Donate Generously,Negative
Narrated Ab Hurairah I heard Allaahs Messenger saying If the Iqma is pronounced for the Salt prayer do not run for it but just walk for it calmly and offer Salt whatever you get and complete whatever you have missed,Negative
The Wells Project Uganda WaterForAfrica Total Raised LETS GO FOR SIX With another we can establish six wells in Uganda instead of five Well leave the campaign open for another few days to raise another InshAllh SadaqahJariyah,Negative
Ali Ibn Abi Talib said The beginning of anger is madness and the end of it is regret alAdb alShariyyah,Negative
IMN IS MORE IMPORTANT THAN LIFE Classical scholars of Islam developed the objectives of Islamic law and agreed that preservation of the deen has a higher priority than the preservation of life Donate now,Positive
Alhamdulillah got the opportunity to spend some time with students studying the takhassusIfta course at Dar alUlum Karachi Pakistan They are from various parts of the country May Allah bless them all,Negative
Beautiful recitation from Surah Ibraahim in the style Shaykh Muhammad Ayyub Reciter Idrees al Hashmi,Negative
LESSON TONIGHT Kitaab AtTawheed ShaykulIslm Muhammad Ibn AbdulWahhaab After MAGHRIB Prayer PM Masjid AtTawheed BROTHERS and SISTERS welcome,Positive
Today our brother in Islam Abdullah BaNimah passed away A paralysed man who remind people of the blessings they have parents health the ability to perform Sujood May Allah have mercy upon him,Negative
The whole truth on each issue every Ayah Hadith Consensus Agreement Arabic Ruling Fiqh of the Seerah of The Prophet Wives and Companions Connected Chains of Narration of Upright Authoritative Narrators Texts Views Facts are weighed up amp judged by Mujtahid Scholars,Negative
and the Prophet Sallalahu Alayhi Wasallam was sent to eliminate that Itiqadu alImam Abu Abdillah Muhammad b Idris ashShafii alMattlabi no p,Negative
Lighthouse Mentoring provides free one hour mentoring sessions for people like Haroon who suffer from destructive doubts exMuslims newMuslims those interested in Islam etc Donate now,Negative
Aishah said When the death approached Allaahs Messenger he began to draw a piece of cloth bed sheet over his face sometimes covering and sometimes removing because of distress he said in this state Allaahs curse be upon the,Negative
Im preparation for Ramadan we will be going through the Fiqh of Fasting from next week Sunday pm InshaAllah Sign up here,Negative
Taraweeh Day Believers are selfless A hypocrite is someone who is selfcentered A believer is one who is patient The person who overreacts is the one who has little faith A hard worker is a believer Giving up is not in our faith,Negative
Some people cannot be saved or helped because they are their own biggest enemies,Negative
If Indian liberals had devoted even a small fraction of their attention to addressing the issue of womens oppression within their country rather than focusing on ridiculing amp demeaning our hijab it could have made a significant impact Indian women are currently facing immense,Negative
Shorts By Shaykh Salih AlFawzn Salafi Salafirecording Salaf Muslim Islam Quran Sunnah Salafiyyah,Positive
Did you know Feeding the fasting person carries great rewards Donate your bricks and help build the Islamic Centre of Britain icobritain RamadanMubarak ramadan islam Ummah Muslims Happy sahur iftari donate mosque masjid bricks,Negative
MashaAllah a new initiative under tarbiyyat dept everyone should give follow,Negative
Englands most powerful Sunni Deobandi Cleric Abdur Mangera,Negative
Taraweeh day Every person in life needs someone to listen to them and offer them encouragement when things get tough Even the Prophets of Allah were comforted repeatedly when their people rejected the message and called them liars,Negative
NEW COURSE Fiqh of Death by Learn about Preparing for death Method of bathing amp shrouding Funeral prayer amp burial Fiqh of the graveyard Consoling the bereaved Rulings of iddah Conveying reward to the deceased and more,Negative
Continuing Tomorrow Six Events from the Prophetic Seerah Ustadh Mon th Feb Every Other Monday pm Centrecom Meeting Place N Row Milton Keynes MK BJ All Welcome Tune in live,Negative
Chai This is diabolical Is this the Islam I embraced No way The Abraham Accords sounds like polytheism A recipe for disaster May Allah have Mercy on us May Allah keep those upon The Quran Sunnah and the Salaf steadfast in their Deen Ameen,Positive
Salafiyyah is an extremist methodology that use force to change worldview Statement of an oppressive liar and a goon of the secularists at ArabNews,Positive
The blessed day of d alFitr is the day with which Allh crowns the month of fasting with it He opens the months of Hajj to His sacred House and on it He generously bestows reward,Negative
Dont forget to inform Sheikh Fawzan that you allied with Hajji someone who attacks Sheikh Fawzan against Shamsi someone who defends Sheikh Fawzan,Positive
An easy way to be written among those who regularly spend from their wealth and implement the likes of the statement of Allah Those who believe in the Unseen and perform AsSalat and spend out of what we have provided for them Suratul Baqarah Vs,Negative
Just a total act of rebellion against a consumer heavy culture if you fast right and eat light That post doing the rounds about after hours of fasting amp being full after minutes Youre never supposed to be full never rd principle is the bare bare minimum too,Negative
SISTERS NIGHT AT MASJID ASSUNNAH BRADFORD SISTERS amp ALL GIRLS OVER Strictly no children below ITINERARY pm pm Sisters team building pm Short Reminder pm Pizza Served Registration required to determine food quantity,Positive
AYAH OF THE DAY Shawwal Pharaoh said to the newlyreverted magicians I will surely cut off your hands and your feet on opposite sides then I will surely crucify you all,Negative
Do not make excuses for not seeking Knowledge AlAllmah ibn Muflih May Allh aid us upon striving for knowledge and protect us from falling into excuses or indeed useless affairs amp speech becoming an obstacle,Negative
Ibn Hajar alAsqaln on Rejection of the Testimony of Physicians When It is Contradicted by iss Sensory Perception and Tajribah Experience Plague and Leprosy,Negative
of Manchester Samosas Cookies Biscoff Apple Crumble amp Double Choc Coffee amp Walnut Cake All proceeds will go towards the Salafi Centre Appeal,Positive
Help sponsor orphans by donating via the link below May Allah bless you,Negative
Islam will always prevail regardless of how misguided and disobedient the muslims become There will always be someone who will revive the religion and bring glory and honour to the religion We muslims have become weak and its all of our faults We have increased in sinning,Negative
AYAH OF THE DAY Shawwal Musa said to his people Seek help from Allah and be patient steadfast Indeed the earth belongs to Allah He bestows it on those whom He wills of His servants And the best outcome belongs to the righteous,Negative
HADITH OF THE DAY Dhul Qadah ProphetMuhammad said One Umrah to the next is a means of removing sins committed between the two Umrahs And there is no reward for a Hajj free from sin except Jannah Bukhari,Negative
Be in the aid of your brother assisting and encouraging him upon good and do not have unjust bad thoughts towards him nor needlessly expose his sins Brotherhood BukhariBenefits Ways to donate towards Markz Imam Al Bukhar,Positive
It is but a view on how Allah designed the man and the woman Where the man is able to love a woman and fulfil his duties towards her even if he is intimate with another And how Allah made the woman unable to love and be intimate with more than man,Negative
As the Prophet said All of you are shepherds And each is responsible for his own flock And the man is the shepherd of the people of his household And he is responsible for his flock,Negative
Allaah the Most High said So ascribe not purity to yourselves He knows best him who fears Allaah and keeps his duty to Him ie those who are AlMuttaqn the pious See V Srah AnNajm,Negative
JUMUAH COLLECTION TODAY RAISED Kindly donate and support Bank Details AlRahma Trust Sort Code Acc no PayPal info,Negative
I ask Allah to forgive me for my mistake in attributing falsehood to his religion by way of this erroneous statement Whether taken out of context or not the tweet is incorrect at face value and should have never been written as such I made Tawbah and do so again,Negative
LAST days fundraiser SO FAR Donate in these remaining days Bank Details AlRahma Trust Sort Code Acc no PayPal info,Negative
The husbands the protector and head of the house If he commands his wife to wear the hijab then she must obey him Disobeying him especially with regard to the religion will ultimately lead him to divorce her Likewise when a man doesnt pray x then a wife can divorce him,Negative
LEEDS SUNDAY CLASS POSTPONED Fiqh of Dua amp Adkhar with has been postponed to a later date InshaAllah Listen to the previous lesson here,Negative
NEW VIDEO Capitalise Capitalise Ramadhan Help Us Build Your Masjid MasjidusSunnahAston Donate Bank Account Name Masjidus Sunnah Account Number Sort Code Barclays Bank Paypal,Positive
Unfortunately for some people brotherhood amp loyalty stop when their status amp income are threatened True brotherhood is loving eachother for the sake of Allah amp not for the sake of worldly benefit Be careful who you trust Your innermost circle must never have such people,Negative
Al Hamdulillh By the grace of Allah and his mercy And then with your duas My year old mother has just taken shahaadah with me in hospital Al Hamdulillh Allah is truly Great,Negative
The Aqidah of Ahlus Sunnah wal Jamaah Regarding Obeying Muslim Rulers Shaykh Muhammad Abdullah alAzami d,Positive
Ramadan Prayer Timetable for the SalafiMasjid Birmingham UK,Positive
Date th of September Total Spent Number of backpacks Price per basket May Allah accept it from you,Negative
Do Not Become Angry Shaykh Salih alFawzan,Positive
Yahya b Abdullah alMisri from Malik Also note other narrations from Malik on Raf ulYadain The footnotes of Bashar Awad show all the different transmissions from Malik,Negative
Learn about Actions which precede salat eg timings adhan iqama amp preconditions Actions which are part of salat itself Actions which are occasionally performed in salat eg Sajdah Sahw and Sajdah Tilawah Other important rulings prayer in congregation amp travel,Negative
This is the fruits of Daniels dawah Everyone is suspicious and working for the CIA,Negative
Im in Salafi Publicationss Mixlr mixlr,Positive
New Audio Shaykh Uways Taweel A Glimpse at the Stories in the Quran Story of Prophet Musa Part,Positive
Talking Islamophobia Security and Muslimness at Ibn Haldun University on Nov If youre in the vicinity you know what to do,Negative
When you adhere to the Salafi Manhaj it may often feel alienating As the Prophet said Indeed Islm began as something strange and it will return to being strange as it began So when you meet with your brothers upon Sunnah,Positive
The audience should be provided with structured classes that are geared to their level ideally free of charge in every mosque The person delivering the lessons should be trained to do so rather than simply holding a certificate from an institute,Negative
HADITH OF THE DAY Shawwal ProphetMuhammad said Whoever recites x daily will have reward of freeing slaves rewards sins erased safety from devil for the day Bukhari,Negative
In the year H Ibn Fadlan an ambassador for the Caliph of Baghdad was dispatched on a diplomatic mission Along the way he encountered some Vikings It is the earliest known account of Vikings This is how he described them,Negative
Ibn Baah d H on the Three Aspects of the Tawd of the Messengers Rabbniyyah Lordship over creation AlKaml Filift Perfection in attributes Wadniyyah Uniqueness in right to worship,Negative
The salah is important Allah will ask us about the salah The ppl of jannah and ppl of the hell fire will speak they will get ask why was u in hell there was be lots of answers but the majority said because we didnt pray the salah So worship Allah how he wants to be worshiped,Positive
This is not even solely about avoiding fitna Believe me that will only get worse if anything after marriage Just ask a married man There is a spiritual reality thats beyond the sometimes shallow realm of legalism which has indoctrinated our minds topic for another day,Negative
May Allah invite us and open the doors to his house the heart yearns to visit the Kabah,Negative
Whilst teaching Fiqh at the London Academy with,Negative
This essentially Tamhid and alIstizkar and alQabas You asked for a narration for Ibn alQasim here is Ibn Abdul Barr saying there is one and I will show this later aswell,Negative
Anybody who wants to sponsor students can DM May Allah reward those who have done so greatly,Negative
May Allah cure our beloved Shaykh and give him a speedy recovery,Negative
If you are someone whos single who gives marriage advice fear Allah You could be a reason why a couple have issues in their marriage You are single focus on your search and then get a bit of experience before speaking on the topic,Negative
LEEDS SUNDAY CLASS Fiqh of Dua amp Adkhar Sunday th February at pm Roundhay Resource Centre Brothers only class Previous lessons Live broadcast,Negative
INTERCOURSE WITH A VERY MINOR GIRL IS PERMISSIBLE BAHIISHTI ZEWAR UKs MOST POPULAR DEOBANDI MANUAL,Negative
NEW VIDEO Shahadah At Dawah Table Shepherds Bush Shamsi amp CCDawah,Positive
As the Prophet said So upon you is my Sunnah and the Sunah of the Khulafa arRashidin Sahih Albani We follow the Sunnah and the Sunnah of the rightly guided Khulafa arRashidin and we bite onto it with our molar teeth Pay no attention to Ahlul Bidah follow the sahaba,Positive
Brothers Help Tibyaan Give generously and support Tibyan Preschool New building project May Allah reward you greatly,Negative
Join us for the Eid prayer at our usual location the Basketball Courts in Small Heath Park Starts at am SHARP Eid will either be Friday or Saturday depending on whether the crescent moon of the new month is sighted or not Stay tuned for the announcement,Negative
This Friday I have an amazing interview with Imam Ashraf Dabous from Lewisham Mosque we shall be exploring the phenomenon of large numbers of young men and women converting to Islam in Britain in recent months,Negative
Yasir Qadhi and Muammad ijb Ikhwniyyah in Theory and Practice Part The Islamic Creed and Salafiyyah Through the Eyes Heart and Mind of Yasir Qadhi The Ecumenical Conception of Salafiyyah Explained,Positive
Luton Islamic Centre has a zakaat fund for individuals in need If you feel you may be eligible please email info for a form,Negative
May Allah bless you keep providing for you and may He SWT let your sadaqah and ibadah coincide with Laylat alQadr thus causing you to be forgiven and earning you the reward of months of doing these noble actions of yours ameen Donate now,Negative
NEW VIDEO Philosophy Has No Foundations shortsvideo shorts philosophy dawah hydepark debate,Negative
May Allh have mercy upon her,Negative
We really need to stop this AlQahtani is unknown and we dont differ on the earth being round,Negative
Whats more interesting is that this individual will take shots at Hanafis but then use their statements when he finds it convenient,Negative
Met a brother whos as visiting from Qatar on the way up He ended up joining us across Striding edge and back down Swirral edge Ate together spoke about hijrah he almost fell off the edge While overlooking the mountains from the summit he mentioned an ayah of the Quran,Negative
Live Now at the SalafiMasjid Jumuah Khutbah Shaykh,Positive
Sultan Qaboos Grand Mosque Muscat Oman The Mosque was opened in to celebrate year of the then Sultan of Oman Qaboos bin Said al Said Help build a unique Mosque in the heart of the UK Birmingham City icobritain Islam Oman,Negative
Alhamdolillah Great fun at todays Coronation streetparty organised by the Ash chapter of was lovely to meet the wonderful people in and around tongham,Negative
ALL YOU NEED TO KNOW ABOUT SHARIA LAW IN SECONDS,Negative
A beautiful reminder that increases a persons love for Allah,Negative
HADITH OF THE DAY Shawwal ProphetMuhammad said Should I not tell you who is stronger than him a powerful wrestler It is a man wronged by another yet he suppresses his rage amp overpowers it He defeats his own devil amp that of the one who wronged him Bazzar,Negative
If youre going through a rough patch one of the best ways to come out of it is the increase in asking for forgiveness from Allah Abn taymiyyah said Asking Allahs forgiveness removes afflictions,Negative
AYAH OF THE DAY Dhu lQadah He his brother Harun said O son of my mother indeed the people overwhelmed me and almost killed me So let not the enemies rejoice over me and do not place me among the wrongdoing people,Negative
Lesson Today New Time Every Monday amp Wednesday pm Madinah Book Taught by Abdurrahman Mawsili All Welcome,Negative
resulting in an year rule over the Indian subcontinent Indeed Allah is the best planner,Negative
Umar ibn alKhattab said Do not be deluded and deceived by the one who reads the Qurn for it is words that are spoken with However look at the one who acts by it Kitab alIqtida alIlm wa alAmal by Khatib alBaghdadi,Negative
Date nd of September Total Spent Number of baskets Price per basket May Allah accept it from you,Negative
Allaahs Messenger peace and blessings of Allaah be upon him said Allah loves a slave who is pious selfsufficient and unnoticed Saheeh Muslim,Negative
Scholars who dont liberalwash Islam will always be targeted by liberals and wokes within the Muslims Those hijabi feminists and liberal Muslims loyalty is with their ideology not with Islam Muslims who believe that those who dont even spare hujjaj will bring some benefit,Negative
We are delighted to announce that we will be hosting Eid Prayer in Figges Marsh Mitcham tomorrow inshAllh at am We look forward to welcoming our beloved community All encouraged and welcome to attend May Allah accept our fasting and righteous actions,Negative
As Allah the Most High says Surah Muhammad Verse And if you turn away He will exchange you for some other people and they will not be your likes,Negative
GiveAQuranInRamadn Ramadn Day Total SadaqahJariyah HOW TO DONATE RefGiveAQuran PayPal Donorbox UK amp INTERNATIONAL BANK TRANSFERS UK Santander Sc Acc No,Negative
niqb does not always mean salaf nor does it always mean theyre married,Negative
Taraweeh Day Every Prophet was intelligent courageous amp articulate They delivered a clear amp unmistakable message They were put to the ultimate test when they openly spoke out against the communitys elite When the elite are corrupt it is difficult for the masses to listen,Negative
Each generation generally has less amp less discipline less ethics less morals amp a totally warped and distorted concept of self liberation that is irrevocably divorced from discipline yet heavily tied into an abusive relationship with self gratification,Negative
Jumuah Friday Khutbah at LIC starts PM with Ustadh Waseem Khan live stream link,Negative
FREE PDF DOWNLOAD Usul AlFiqh for the Muslim who is not Mujtahid by,Negative
Wealth amp blessing baraka are two different things One may own much wealth but have no blessing in it resulting in not attaining the apparent amp spiritual benefits from it Conversely one may own less wealth but have baraka or have both wealth amp baraka or not have both,Negative
Learn the tafsir of the oftrecited surahs Surah Fatiha amp the last ten surahs from alFil to alNas and enrich your relationship with the Quran Join our subscription to gain immediate access to over selfpaced online courses ilm quran,Negative
Tonight PM Fiqh AlMuyassar Kitab AsSiym book of Fasting Read by Abu Zayd Mohamed Live broadcast Colindale Avenue NW GX ALL WELCOME,Negative
NEW VIDEO Shamsi Speaks To A Jew Punishments amp Laws Hypocrisy Of The Media Speakers Corner,Negative
Salafi Salafirecording Salaf Muslim Islam Quran Sunnah Salafiyyah,Positive
The Egyptian Sisi military regime has now arrested the friends brother and other family members of Mohamed Salah the Egyptian soldier who carried out a heroic and qualitative operation against Zionist soldiers taking down three of them amp wounding others,Negative
REMINDER Tonight Friday th October Kitaab AtTawheed Ustdh Abdul Hakeem Mitchell PM All welcome Balham Community Centre Bedford Hill SW HE amp,Positive
Before you talk badly of someone dont feel so secure that heshe wont find out People will find out amp more importantly Allah is watching,Negative
Salafi Salafirecording Salaf Muslim Islam Quran Sunnah Salafiyyah,Positive
Life doesnt always go the way we want only Allah knows whats best for us and what our future holds We just need to have patience amp faith,Negative
Always ask Allah to never allow us to deviate after being guided Memorise this dua and say it regularly,Negative
NOW AVAILABLE A concise treatise on the topic of the Evil Effects of Fornication Adultery amp Pornography upon the Family amp Society by Abu Khadeejah AbdulWhid Alam ORDER NOW,Positive
Alhumdulilah You have completed fasts in the month of Ramadan May Allah SWT accept our fasting Ameen Celebrate by donating to the Islamic Centre of Britain icobritain RamadanMubarak ramadan islam Ummah Muslims Happy Alhumdulillah,Negative
Islam literally has saved and changed countless lives I personally knew people on the path of selfdestruction and Islam changed their lives and saved them Islam is the biggest gift to humanity yet its such an absolute shame that some people havent even opened that gift,Negative
Salafi Salafirecording Salaf Muslim Islam Quran Sunnah Salafiyyah,Positive
Dont be excessive in your food intake when you break your fast as this can affect your Iman and your Khushu in Salah Make your aim to pray every taraweeh prayer however if youre not able then try praying as much as you can,Negative
GiveAQuranInRamadn Day Total After the st ten days of Ramadn we are on track to reach the amount required to print Qurn in the English language amp distribute them worldwide InshAllh Donorbox,Negative
Sheikh Salih Al Fawzan Responding to those who attack Imam AlBarbaharee and his book Sharh AsSunnah Link,Positive
Make the intention at suhoor or anytime in the night to fast the whole month of Ramadan and that will suffice you But if you dont fast a day due to sickness or travel then when you get back to fast you need to make intention again the night before your fast,Negative
Taraweeh day Understanding your role as a father husband scholar leader and soldier is critical for domestic stability Anyone who falls short of what is expected of them will suffer the same consequences as corrupt scholars and munafiqs,Negative
Day Session Panel Usamaa AlAzami Tariq Mir Belal Abbas Ramon Harvey,Negative
Facts about Birmingham Series The Bull Ring Shopping Centre Help build the Islamic Centre of Britain in the heart of Birmingham icobritain Birmingham unitedkingdom Islam Community History School educateyourself weekend shopping bullring,Negative
Remember to fill in our simple Gift Aid form on our website if you donate via bank transfer The form only needs to be filled in once and will cover payments made over the last years and any future payments inshaAllah,Negative
Yes I accept that they Saudi government are innovators Bidah but they do not set the benchmark Islam is perfect Men are not The Saudi government collaborate with Israel and the Vatican This is not something that is hidden I knew this prior to embracing Islam,Positive
Mufti Siraj Saleh One of Englands Most Senior Deobandi Clerics accused of Devil Worship Only the most Spiritual can wear the Rings of the Jinn Other senior Members accused,Negative
Palestinians have every right to protect defend amp fight for their lives property honour amp dignity against this occupying force and all moral peoples should stand up for and assist them,Negative
Go and say that in front of the shafi ulema Maliki amp hanbali ulema in the lands you visit instead of an illiterate crowd No way on heaven and earth they would dare say that filth in front of our sunni ulema abroad publicly or privately,Negative
We are saddened to announce that Shaykh Nooreen Muhammad passed away today after being involved in a road traffic accident May Allah raise his ranks in Jannah,Negative
Take time out to read this short but beneficial article written by our noble brother Shk concerning the fitnah of selfamazement and selfie taking May Allah reward him with good,Negative
Ustadh Abdulrahman Hasan in the UK,Positive
Being Patient When You Are Harmed By Abu Khadeejah by Salafi Publications on SoundCloud,Positive
Wow I feel empowered and confident as a warrior wearing a niqab and holding guns I have a strong passion for firearms Please have a seat The primary focus of your attention should be understanding your husbands dinner preferences and desires,Negative
Alhamdulillah Translation All perfect and complete praise with love and glorification is exclusively for Allah We must always say Alhamdulillah no matter the situation,Negative
Charity Car Wash UPDATE Firstly may Allh help our oppressed Palestinian brothers sisters amp children and grant them patience and firm resolve in this difficult time mn,Negative
Todays stream is cancelled unfortunately It will be back up and running next week inshallah,Negative
Weappreciate amp support our community amp local businesses run by Salafi families who champion our cause amp support the team with our core objectives Do the same and order Yummy Delectable Eid treats including the World Famous Brookiefrom none other than SugarCoats,Positive
In a letter to me my former student Ismail adDrubi who has been studying engineering at a university in the United States for the past four years complained that Christians had organised a protest against him debated with him about religious issues,Negative
However there are narrations indicating that it is recommended to fast in the sacred months It can also not be said with full conviction that Rasoolullah went for Miraaj on any specific night of Rajab because there are differing narrations and opinions in this regard,Negative
Books of the Month The entire life of a person is spent in seeking knowledge from the cradle to the grave He does not feel proud to acquire truth from a young or older person and he never rejects truth whether it be stated by a Muslim or unbeliever Shaikh Rab,Negative
those who he converses with as Mudawwanah does need a thorough checking and a comparison of the manuscripts Leading from above we will also ascertain alQabisis effort and work on the Mudawwanah what was actually from Malik and Sahnun and others,Negative
HADITH OF THE DAY Dhul Qadah ProphetMuhammad said From among the signs of Qiyamah is that people will maintain ties with distant relatives and strangers but break ties with close family AlMujam lKabir,Negative
New WellResearched Books This project will produce indepth books on a range of topics including Islamic creed dawah proof of Islam and more New InDepth YouTube series This project will deliver indepth YouTube series on various themes within lslamic Thought,Negative
Al hamdulillah I was invited on Wednesday night by Isna Canada Toronto for iftar I delivered a short reminder during tarawih on the verse And the scale on that judgement day is a reality Great to meet the various imams amp Isna CEO amp my dear friend brother Fouzan Khan,Negative
New Track Added Night Raman Short Reminders By Abu Hakeem Bill Davis,Positive
Continuing this Saturday th June Six Points from the Seerah Explanation of Shaykh AlFawzan By Abu Abdullah Zubair Time pm pm CONEL college Tottenham high rd London N RU,Positive
Why Dont You ask Sheikh Fawzan,Positive
AYAH OF THE DAY Shawwal They said Indeed to our Lord we will return Will you punish us just because we believed in the signs of our Lord when they came to us Our Lord pour upon us perseverance and cause us to die as those who have submitted to You,Negative
Wednesday th March RAISED REMAINING kindly donate and support to open the Salafi Masjid in Colindale Bank Details AlRahma Trust Sort Code Acc no PayPal info,Positive
Why do some Muslims tend to be apologetic and critical when fellow Muslims publicly showcase acts of worship or other virtuous deeds to inspire others while not exhibiting the same level of enthusiasm when it comes to condemning immoral or evil actions,Negative
Do not belittle a small sin for the biggest of fires can be caused by the smallest of sparks Ibn Qayyim,Negative
To my Akhis as men we should only Pray by our acts to leave a lasting legacy and a good example to our offspring and those we meet Most are posting or doing anything for cloutfollowingsubscribers rather than The Almighty Allah,Negative
This Saturday rd December The Virtues of Knowledge amp Its People Lecture delivered by Abdul Hakeem Mitchell Time pm CONEL college Tottenham High Rd London N RU,Positive
InshaAllah I will attend this event,Negative
Make this your best Ramadan ever,Negative
It was narrated from Abu Hurairah that the Messenger of Allah said There is no good deed that the son of Adam does but between ten and seven hundred Hasanahs will be recorded for him Allah the mighty and sublime said Except fasing for it is for me and I shall reward for,Negative
LIVE NOW A Glimpse At The Stories In The Qurn from the works of AlImm AbdurRahman AsSadi The Story of Ibrahim Part Listen at,Negative
Alhamdulilah You currently have some things that you used to make dua for Allah says If you are grateful I will certainly give you more Always be grateful for what you have,Negative
Salafi Dawah Milton Keynes is pleased to present Eid Prayer in the Park Oldbrook Boulevard Green Oldbrook Boulevard MK NP Access via Evans Gate am All Welcome Please bring your own prayer mat amp park responsible,Positive
Massive news The prosecution now has to decide whether to drop the case against AdnanSyed or to move for a new trial within days,Negative
Fair point my brother However individuals like myself who have recently embraced Islam and was born and bred in the West UK would love to make Hijrah to an Islamic state or Muslim majority country InshaAllah We cannot reverse our education,Negative
Last few hours of Ramadan increase in dikr and things Allah loves as we may never see another Ramadan May Allah accept our Ramadan from us Ameen,Negative
An English woman accepts Islam after we answered her questions Alhamdolillah,Negative
indepth books translation of a classical book on the Islamic creed indepth courses for our free learning platform new indepth YouTube series of videos Expanding our Lighthouse Mentoring service Donate now,Negative
Salafi Salafirecording Salaf Muslim Islam Quran Sunnah Salafiyyah,Positive
Sometimes the Almighty removes a particular person from your life because the relationship no longer serves any purpose Theres no more positive growth Learn to recognise it Dont run after that person who is not meant to be part of the next journey in your life Move on,Negative
BANK TRANSFERS UK Santander Sc Acc No Acc Name City Centre Dawah International Bank Account Number IBAN GBABBY SWIFTBIC ABBYGBLXXX Donorbox PayPal,Negative
Most Authentic English Translation Of The Noble Quran PDF Download to your mobile device,Negative
Shaikh Abdullh alBukhr warns against picturetaking and the selfieculture prevalent in our societies When he eats he takes a picture When he wakes up he takes a picture When he drinks he takes a picture When he leaves he takes a picture Subhnallh what,Positive
Lesson Today A Summary of the Prophets Prayer Described By Shaykh Muhammad Nasir alAlbani Read by Abdurrahman Mawsili pm All Welcome,Positive
In my debut piece for the I outline the Index of Islamophobia the first tool to measure a hate crime Its time for justice,Negative
Teach Your Children How to Earn Money alBarathi said Bishr then advised me I heard you dont go to the market Even if you dont make any money start going to the market Also say hello to Mum and remind her to be frugal with her money alHath ala atTijara no,Negative
Check out our selfpaced course Fiqh of Death to find out the answer Sign up rayyancourses fiqh death quran sunnah onlinelearning islamiccourses ilm knowledge quran,Negative
ANNOUNCEMENT Due to the heavy sitting snow alongside further possible snow forecast on Saturday all events and classes at Masjid AsSunnah have been cancelled including Saturday talk Dajjal pm Weekend Quraan School Sat and Sun Living the deen club,Positive
EiD Prayer Southfields Park Loughborough AM Prompt Fri st April In the event of Rain prayer will take place at ARC Community Hub Knox Road Loughborough LE UP AN UPDATE WILL BE PROVIDED TOMORROW MORNING FOR THE LOCATION OF THE SALH,Negative
Lesson Today Book of Manners amp Good Etiquette from Bulugh AlMaram Explanation of Shaykh Salih alFawzan Read by Uthman ibn Mustafa Every Thursday pm All Welcome,Positive
Verily Allah and his angels send salutations upon the prophet alAhzasb tonight isha salah in alMasjid anNabawi reciter Shaykh Ahmad al Hudhaify incredible subhanAllah,Negative
O son of dam so long as you call upon Me and ask of Me I shall forgive you By Abu Fuayl Abdur Raqb,Negative
Before Raman ends dont forget to thank the huffaz volunteers and organisers of your local Masjid A simple JazakAllahu Khayran and words of encouragement go a long way If within your means also give them a gift May Allah reward them abundantly mn Y Rabb,Negative
This could have only been possible with the help of Allh and the support of people like you In order for Sapience Institute to continue this work we need of you to give just Imagine each of the individuals we trained gets two shahahdas a year,Negative
Alhamdulilah this yr old has embraced Islam encouraged by his Muslim friends NonMuslims dont hesitate to join our community Youll find light whereas now you walk in darkness youll find joy whereas now you suffer pain Life is short do not waste it in misguidance,Negative
Heres an example of one of these antiAbu Haneefah folk on Twitter He couldnt find info on a select narrator he quoted and thought simply deleting it is an easy solution This is why you stick to the scholars and let them deal with these types of issues,Negative
Shaykh Khaalid Ibn Dhahawi Al Dhafeeri appealed to the brothers amp sisters to aid in the completion of this project AstonMasjid Masjidus Sunnah AnNabawiyah Aston Donate Paypal,Positive
Allahu Akbar We would like to show our gratitude to for allowing us to collect for our marakiz Project today The whole community was extremely generous in aiding this noble cause Beautiful display of unity and brotherhood May Allah reward you with much good,Negative
LECTURE amp A Brief Overview from AlQawid alMuthl The Exemplary Principles Ustdh Sun pm UK inshAllh All Welcome S WT,Negative
Wednesday th April We have raised so far Kindly donate in these blessed days Bank Details AlRahma Trust Sort Code Acc no PayPal info,Negative
Sunday nd April We have raised so far Kindly donate in these blessed days Bank Details AlRahma Trust Sort Code Acc no PayPal info,Negative
Alhamdulillah we have taken possession of the nd floor carpets ready for installation ahead of Ramadan We will give an update to the rd floor Paypal Metro Bank Markaz At Tawheed Maintanance Account Number Sort Code,Positive
Mashallah recieved my copy jzk to molana may Allah bless you Inshallah ill read through it and make short video on my youtube channel,Negative
Did you know Sayyiduna Umar RA introduced the praying of Taraweeh in congregation icobritain RamadanMubarak ramadan islam Ummah Muslims Happy sahur iftari donate Islamicreminder reelsviral Quran Charity fasting forgiveness umar taraweeh,Negative
May I also share some insight with you I embraced Islam in because it is Beautiful Timeless Pure Peaceful Modest Balanced Logical and most of all we are to SUBMIT ONLY to our Creator No partners It is that simple,Negative
Ask Allh for steadfastness upon the Haqq Narrated authentically upon Abdullah b Umar that he said whilst supplicating to Allh upon AsSaf Oh Allh indeed You Said Call upon Me I will Answer you And verily You do not break Your Promise,Negative
When we have public figures with large following online being outright islamophobes amp facing no consequences its a grave sign that islamophobia is being normalised Every single brand sponsoring need to publicly dissociate from him or they are also complicit,Negative
Watch the old lessons by Abu khadeejah sharh as sunnah Hear Explanation of the Creed of AlBarbahr Shaikh Fawzn Abu Khadeejah a playlist on SoundCloud,Positive
How can Allah guide an individual heart,Negative
It doesnt work for you Have you thought that maybe you arent his target audience Most of those who were affected by his dawah were young men from London who are on road If you are not that then maybe this message isnt for you,Negative
Yet another Eid approaches us and we should celebrate it the halal way Dont celebrate it by smoking shisha and clubbing Dont post pictures of yourself showing your awrah and by displeasing Allah Dress according to the Islamic standard Let us not disobey Allah on the day,Negative
Zakat is not specific to Ramadan It is an independent worship ibadah to be discharged at its appointed time However Ramadan a month of optional charitable gestures such as providing suhuriftar giving a gift providing loan assisting someone with their chores etc,Negative
Tomorrow Explanation of the Six Principles Shaikh Ubaid AlJabiri Sunday th May PM BST By Abu Maymnah Sad Ali All Welcome Masjid Bin Bz East Road London E QR,Positive
Live Now Shaykh Hassan As Somali Listen,Positive
Salafi Salafirecording Salaf Muslim Islam Quran Sunnah Salafiyyah,Positive
Toronto has a lot of potential but just needs the Dawah game to be stronger I have been there many times and I remember it always just getting worse,Negative
Help us move to a bigger masjid Inshaallah Full video on the DUS Dawah YouTube channel Donate now via,Negative
LEEDS SUNDAY CLASS Fiqh amp Ruling of Ramadhan Sunday th March at pm Roundhay Resource Centre Brothers only class Live broadcast,Negative
NEW UPLOAD LISTEN Remembering DEATH amp preparing for our designated time By Abu Hakeem Bill Davis Link Salafi Salafirecording Salaf Muslim Islam Quran Sunnah Salafiyyah,Positive
Al hamdulillah after an intense first day of the course on parenting today is day two of the course taught by Mufti Muhammad ibn Adam,Negative
Child Bride Aisha Scraped Semen off Muhammads Clothes,Negative
Lesson Today Every Monday amp Wednesday After Maghrib pm Madinah Book Taught by Abdurrahman Mawsili All Welcome,Positive
Attention SW London Lets Back our Beloved Brothers in The East The Prophet sallallaahu alayhi wa sallam said to Ali May Allah be pleased with himBy Allahif a single person is guided by Allah through you it will be better for you than a whole lot of red camels,Negative
Sufism thth century Ashaaira th century Maturidia th century Brelvism th century Deobandism th century Tablighi jamaat th century Ahlus Sunnah Wal Jamaa ce Salafia is the truth and all the rest are newly invented matters,Positive
You are not a drop in the ocean You are the entire ocean in a drop Mawlana JalalalDin Rumi RA Help build the Islamic Centre of Britain icobritain islam Allah Ummah Muslims donate God Islamicreminder Rumi poetry wisdom donate love,Negative
With all the controversy about halal meat one option is to cut down on your intake on meat and another is to consume fish With fish theres little worry about it being harm,Negative
One notsohidden gem in Birmingham is Masjidus Sunnah AnNabawiyyah This Masjid needs your support Verily Allaah supports His slave as long as he is in support of his brother PayPal GoFundMe,Negative
Just had an excellent conversation on Islam and mental health with It should be published tomorrow on my channel inshaAllh Make sure you follow Dr and subscribe to his YouTube channel,Negative
Subhaan Allaah may Allaah make us from them,Negative
Are the scholars misled or manipulated Sheikh Fawzan responds to Ali Dawahs tweet,Positive
LESSON REMINDER Quran Memorisation and Reading All Levels Today pm Markaz Daaruttawheed Unit Plumstead Business Centre SE SL Brothers only,Positive
We recently had a visit from our brothers from who came with a minibus full of new young brothers The fruits of patience upon the dawah with the elder brothers there is clearly paying off Regardless of the attempts to smear them,Negative
If knowledge does not result in selflessness and humility this is not true knowledge it is ignorance Mufti Muhammad Taqi Usmani,Negative
The most peaceful city in the whole world Medinah Your heart finds peace in the land where the beloved Prophet is buried Medinah is truly a blessed city,Negative
AsSalaam Wa Alaikum my dear Sister I was about to follow but I read this tweet and the fact you are married hahaha I embraced Islam recently I had my Shahadah on Monday October May Allah keep you and your family steadfast in your Deen,Negative
MasjidAtTawheed Prayer Timetable February Rajab Shabn H Donate to the upkeep of the Masjid via PayPal Cardiffdawah,Positive
imagine leaving the west and seeing your people Muslims imitating what you are running away from Its very frustrating to say the least,Negative
ArRayyn A Gate in Paradise for those who Fast,Negative
The teacher of the teachers and one of the senior scholars of Pakistan the Mufassir and Muhaddith Shaikh Abdus Salam Bhuttwi and the father of Shaykh Zubair Ali Zai has passed away today,Negative
Abdullah b Abbas RadhiAllahu Anhu explained the ayah You shall certainly travel from stage to stage Surah alInshiqaq Meaning from one state to another and this is for your Prophet Sallalahu Alayhi Wasallam alBukhari no,Negative
Liverpool Campaign Last Ramadan we asked you to help us to purchase a building and we achieved that together Alhamdulillaah This Ramadan we ask you to help us renovate it We can do this together donate today LetsGetItDone,Negative
The question is how can we unite Lets unite under the shariaif we dont have sharialets unite on the lesser of two evils,Negative
Salafi Salafirecording Salaf Muslim Islam Quran Sunnah Salafiyyah,Positive
of Manchester Samosas Cookies Biscoff Apple Crumble amp Double Choc All proceeds will go towards the Salafi Centre Appeal,Positive
The intention is evident there is a concerted effort to promote this among Muslims and Muslim nations as evidenced by its widespread coverage on various Pakistani news websites It is a systematic approach aimed at indoctrinating Muslim youth,Negative
TALK THIS SATURDAY IN BRADFORD BY Iftar served for the whole community after InshaaAllah IMPORTANT In order to prepare the right amount of food and avoid wastage we require all attendees to please fill out the form below,Negative
NEW ARRIVAL AlShabi stated If a man traveled from the furthest part of Shm to the furthest part of Yemen and memorised ONE WORD which will be of benefit to him in the years ahead of him I hold that his travel is not in vain ORDER NOW,Negative
And as for the latter who claim Allaah cant speak with His own voice so has to create His self intended meanings into letterssounds for us to understand,Negative
Theres no being an absolute tough guy around your wife Men are very good at keeping their emotions hidden when it comes to living with the wife She will see you complain og pain when youre not well She will see your tears when you lose your loved ones The tears for Allah,Negative
Beautiful recitation of verses from Surah alInsaan in alFaateh Grand Mosque in Bahrain Reciter Qari Muhammad Yusuf el Badr,Negative
AYAH OF THE DAY Shawwal And recall O Children of Israil when We saved you from the people of Pharaoh who were afflicting you with the worst torment killing your males and sparing your females And in that was a great trial from your Lord,Negative
Considering Itikaaf in Masjid Sunnah Nelson Please apply online We will be in touch ifwhen your place is confirmed Limited places available Masjid Sunnah Nelson th April,Positive
A fantastic LIVE course for those wanting to learn about the details of Islamic inheritance Dont miss this opportunity,Negative
The blueprint on how to seek knowledge The book is available for purchase in Europe at the moment on the website For international we can only take bulk orders on the email Daralhadith,Negative
Several people have cited Mufti Taqis letter to the Taliban from last year re female education After mentioning his view that it is required to make appropriate arrangements for womens education remaining within the bounds of the sharia he mentions two reasons why,Negative
Support Sapience Institute that is focussed on developing individuals and organisations to preserve the deen which includes preserving peoples imn and intellectually defending and sharing Islam Donate now,Negative
The First Night In The Grave Khutbah by Abu Hakeem Bill Davis,Positive
Koran We will make the Kafirs taste a severe punishment,Positive
Lesson Today Book of Manners amp Good Etiquette from Bulugh AlMaram Explanation of Shaykh Salih alFawzan Read by Uthman ibn Mustafa Fridays After Maghrib pm All Welcome,Positive
Weve arrived in Dubai safely with our group Alhamdulillah,Negative
Is it permissible to break the fast that you are making up from Ramadn without reason Shaikh Slih alFawzn Full translation below,Positive
LEEDS SUNDAY CLASS Fiqh of Dua amp Adkhar Sunday th June at pm Roundhay Resource Centre Brothers only class Previous lessons Live broadcast,Negative
TODAY Book of from AlFiqh AlMuyassar Ustdh Abu Rayhaana Yahya Every Monday PM Stifford Centre E JG Brothers and sisters welcome Tune in live via,Positive
Remember the sisters who are imprisoned in Iraq and how those dogs are treating them How can a person claim to have iman without feeling the pain which the ummah feels How can one not have ghayrah for his imprisoned sisters the same way he has ghayrah for the women in his home,Negative
Ramadan served as an opportunity to cleanse our souls refocus our minds and charge up our Eemaan in preparation for the Akhirah How many tears did you shed this month How many times did you listen to the Quran and cry How many times did you make dua and weep,Negative
Really devastating earthquake in Turkey Syria and surrounding areas Reports saying more than people have died amp many injured Please pray for them and help as much as possible May Allah grant them afiya Ameen,Negative
Tonight In Sha Allah midnight UK time Organised by Joining link,Negative
rate of conversions because non Muslim find truth and peace in Islam,Negative
Join us this Thursday th at Masjid Al Bayan Ilford Topic Hadith of the Prophet on Good Manners Kitab AlJaami From Buloogh AlMaraam Time pm ONLY BROTHERS Green Lane IG XG entrance is at the back,Negative
NEW VIDEO Our Masjid at Night We Need a New Masjid ASAP,Negative
Lets take a moment to show some love to our Huffaz who led us in Tarawih Its a seriously difficult role amp one that requires a lot of mental fortitude Most of us couldnt lead others with Surah Fatiha Share a Dua or nice comment for them to read below or RT,Negative
Al hamdulillah Excellent lesson in Liverpool today Encouraging to see so many youngsters and kids eager to learn May Allah reward for his continued efforts in the spread of the Dawah,Negative
In this lesson the speaker covers the topic of raising the hands in dua part taught by Salafi Sunnah Tawheed Bidah Hanafi Fiqh,Positive
Lesson This lesson covers the chapters on the night supplications read by Islam Muslim Tawheed Shirk Sunnah Shirk Hanafi Fiqh Salaf Salafi Manhaj Dua,Positive
Do yourself a favour Be yourself and quit trying to be someone else Thats a sure recipe for disaster The Almighty has made each one of us unique amp there is only one you Focus on being the best version of yourself Work hard at it and dont worry what other people say,Negative
Abu Iyaad clearly mentions that he was speaking in the narrative from the perspective of the jews and that he seeks forgiveness from Allah for ANY CONFUSION OR ABSENCE OF CLARITY A person that is drowning will clutch onto anything to save himself,Positive
O Allah if one day I lose my hope and purpose give me confidence that your destiny is better than anything I ever dreamed,Negative
Pakistans policy should focus on cultivating a spirit of resilience and encouraging its youth to recognize that the Muslim lands once ruled by their ancestors for eight centuries r currently under the occupation of Hindutva and need to be reclaimed If Pakistan fails to adopt,Negative
Dont speak about them Sheikh Abu Umar Farooq Rahimahullah defends the elder teachers at Maktabah Salafiyah Let me make it clear if youre going to speak about the likes of Abu Khadeejah Abu Hakeem and these Afaadhil virtuous ones you are not welcome here,Positive
Prophets Mosque which could lead to condemnation from the Muslim world It was partially financed by the Chinese government as a form of reparations to the Hui Muslims because it was destroyed by CCP during the Cultural Revolution This support does not necessarily indicate,Negative
My uncle passed away today in Hadramout Just this morning I received a message saying he gives me salam May Allah grant him paradise,Negative
BRAIS Islamic Art amp Architecture Across Time and Space Room Hamza El Fasiki talks about his search for his Moroccan identity through geometric arts,Negative
Remember your end goal is Paradise So the good that youve been doing during Ramadan should continue Dont let up Dont make it a shortterm goal Paradise is the ultimate destination in this lifelong journey Strive to get there,Negative
Tonight we will also complete the Quran inshaAllaah in Taraweeh Isha will be Maria St Cardiff CF HH,Negative
Jibrl peace be upon him came to me and said If Ramadn comes and a person is not forgiven,Negative
Lets please stop this celebrity culture with not just students of knowledge and shaykhs but with any one who has publicity online its not part of our Islamic culture Minneapolis Minnesota,Negative
Alhamdulilah we are nearing the end Since the last update we now only need BrothersSisters to donate th Night of Ramadan are we promised another Ramadan make the most of what we have now and give for the sake of Allah,Negative
Say no to PrideMonth and stay away This invites the wrath and anger of Allah Allah Almighty protect all of us and our children from this Fitnah,Positive
Navigating Differences Clarifying Sexual and Gender Ethics in Islam,Negative
First Salah here will definitely be emotional Over years in the making SubhanaAllah I remember praying Taraweeh in Ramadan at this beautiful Masjid when I lived in Birmingham The serenity and atmosphere was simply DIFFERENT May Allah grant us its completion soon,Negative
PLEASE NOTE There is no Tafsr class this evening,Negative
The famous hadeeth as Bro Hajji claims The female that believes in Allah and the last day than he should EAT good or remain silent The irony of this man attacking others for their slips Yet he himself is drowning in them,Negative
To take and give with the right hand is a blessed Sunnah of Rasoolullah We may sometimes become easily unmindful of this,Negative
Salafi Salafirecording Salaf Muslim Islam Quran Sunnah Salafiyyah,Positive
The moon sighting has been confirmed tonight in Saudi Arabia EidUlFitr will be tomorrow Friday st April Eid Al Fitr prayer will be held at am at Grange Gardens CF LJ,Negative
When Darul Uloom Deoband was established the founders and elders were not very old,Negative
Simple question The Quran which comprises of chapters which was revealed to the Prophet is it created or not I am not asking about recitation or text Just answer the question,Negative
He said O Muhammad if both or one of a persons parents are alive and he does not honour them and he dies,Negative
Please note there are no lessons this Friday Saturday with Sh Uways AtTaweel We will resume from next week inshAllh,Positive
Please remember to prayer for the hardworking men amp women of amp everywhere else They work tirelessly behind the scenes to bring us the blessing of MTA amp connect us all to our beloved Huzoor May Allah bless you all,Negative
Islam teaches to never give up hope This turbulence will make for a great chapter in your story Dil mein betaabiyan le kar chalo tou zinda ho tum The restlessness in your heart is the vibrance in your Life Much love StayBlessed AskMALM,Negative
Indeed it was a very emotional farewell after spending weeks with my beloved brothers May Allah bless me to visit them again soon Insh Allah,Negative
AlAllmah AbdulMuhsin alAbbd would often mention benefits in his classes that are noted in this book amp his others An lim of our time He would teach lectures a week by Allh such beautiful gatherings those who witnessed them will certainly concur,Positive
An online library dedicated to the life works and legacy of Mawlna Taha Karaan,Negative
Hudhaifa said O people remain straight upon the path and you will have taken a great lead but if you swerve right or left then you will be led far astray Bukhari,Negative
Then visited and sat with Shaykh Badr alUtaybi He m some beautiful gems like being in the middle between extremism amp negligence with regards to Ijazat also on importance of focusing on what benefits YOU u left your parents loved ones not to waste time but to seek knowledge,Positive
Not one is afflicted with distress and sorrow and says this except Allah removes his distress and sadness and replace it with happiness,Negative
I find it amazing that Ramadan doesnt even stop people mocking Muslims calling them names Bad character masked with the permissibility to mock ahlul bidah for maslahah But their character still stinks even in Ramadan,Negative
Lol thank you for proving that Islam does not prevent Muslims from doing science nor being useful contributors to society Islamophobia is really skewing your perception,Negative
The following steps are taken to make sure people arent making up facts about something in Islam Precise citation for any claim made that dates back to the earliest point Doesnt go against the unequivocal principles of Islam There is no exaggeration in the statement,Negative
I am just a regular brother trying to stick to the Manhaj of the Salaf and learn from the well known students and elders here in the UK by attending the well known Salafi Masajid by way of classes and conferences Any questions should be directed to the elders amp students,Positive
One way to feel close to Allah is to always think that Angel of Death is nearby,Negative
It is a widespread tradition in many parts of the world to place sheets embroidered with verses of the Quran over the deceased Some people directly write verses on the shroud of the deceased and others use different materials and place them inside the shroud,Negative
Sickness Is Purification Shaykh Umar Quinn by Masjid AlHidaayah on SoundCloud,Positive
Allh giving dam wife doesnt make it haraam to have more than that When He permitted and servant girls Hating that this is permissible is kufr Your false Qiyas and emotions arent a basis for rulings,Positive
What is the significance if Abi Ishaq ashShirazi dH mentions Jurists of the Madhahib in Tabaqat alFuqaha Genuinely intrigued and interested,Negative
Salafiyah is not hiding behind a screen creating fake accounts lying backbiting and exposing sins Salafiyah is clarification guidance upon principles and exposing misguidence,Positive
May Allah have mercy on Shaykh Ali alWasifi forgive him and grant him Paradise Ameen,Negative
Gambling along with other vices such as usury or interest are ruining peoples lives but the world order benefits from our destruction and they pretend like they care about our wellbeing All they care about is gathering wealth at any cost Islam is the complete solution khabib,Negative
An excellent from our Shaykh on this topic,Negative
Weve just arrived at the st camp that were delivering to called Gabyerli Mh in the city of in Kahramanmara The cold the people were encountering the last time we was here has been replaced with rain May Allh make it easy upon the survivors in Turkiye amp Syria,Negative
Allahu Akbar A Huge blessing for our brothers there on this blessed night of Ramadhn May Allah reward all who have contributed,Negative
I have a telegram channel on which I share my favourite Quran recitations feel free to join here,Negative
This type of Dawah doesnt work for everyone but guess what There are loads of Duaat and tullab you can take from For example when I started listening to Tullab my go to was Ustadh Muhammed Tim Humble That worked for me may not work for others,Positive
The highlight of my ramadhan this year has been to see so many trappersdrug dealers amp non practicing people in the masjid May Allah bless every single of you and dont let anyone make you feel as if you dont belong in the masjid Keep it up,Negative
Salafi Salafirecording Salaf Muslim Islam Quran Sunnah Salafiyyah,Positive
May Allh reward the President amp government of Turkiye for their efforts in organising aid for the people outstanding,Negative
Imam malik did not give fatawa until scholars testified for him Meanwhile you have individuals on tiktok live and Instagram giving fatwa who have not even studied Kitaab At Tawhid correctly Allahu mustaan May Allah save us,Positive
The Two Biological Sexes and the Invention of Gender Identity Imm alSad said Allh created every type of animal whose existence He wanted to continue as male and femaleso that the category of animal would remain Read article,Negative
O Allah increase our wealth children and bless what you have given us,Negative
Lesson In this lesson the speaker continues with the duas to be recited before sleep Islam Muslim Tawheed Shirk Sunnah Shirk Hanafi Fiqh Salaf Salafi Manhaj Dua,Positive
Gratitude is key Never fail to appreciate what the Almighty has blessed you with Use the blessings in His cause and He will grant you more Do your best in your worldly affairs and the Hereafter When He sees you doing your part He will open doors that no man can shut,Negative
Sujud ash shukr is one prostration that can be done at any time when either you are grateful for a blessing that Allh has provide or a calamity has been removed,Negative
Correct your tajwd in days by focusing on one letter a day Mufti Muhammad Taqi Usmani,Negative
There is no need to spell everything out once the fundamental mana amp haqiqa has been conveyed the aqil will recognise what flows from it Blessings upon the Prophet and His community,Negative
This goes to show that EVERYONE has a role to play in spreading Islam even if you havent got the knowledge to be the teacher you have many other roles you can play and sometimes those roles can be as rewarding as being the teacher SubhanAllah,Negative
NEW VIDEO Nigerian Brother Seeks Truth To Then Accept Islam Darusunnah Mosque,Positive
the United States in exchange for money Instead of feeling any shame you seem to be proud of it A true Muslim would be filled with shame upon hearing that their country is selling women for monetary gain,Negative
Golden rule regarding jinns If youre afraid of jinns theyre not afraid of you but if youre not afraid of them they are afraid of you,Negative
If you wish to donate please do so with the reference Uthmaan Family Karim Hadeq Monzo PayPal Karimhadeq BaarakaAllahu Feekum Ive known the brother for years and can vouch for his situation We strive to aid our brothers in their time of need,Negative
Shaykh Ibn alUthaymn Du at the time of ifr,Positive
Why do you think we have so many riwaya of sahaba on their death beds saying do my nikah I do not want to face Allah without half my deen There are some things that are beyond the realm of fiqh and fall into ihsan It wasnt wajib on them in the legal sense in that state,Negative
Difference of opinions in practicing is truly a mercy from Allah The problem is when we dont have the capacity to tolerate and appreciate this Guidance from teachers and their continuous scrutiny is a extremely important ingredient in studying with a balanced approach,Negative
Listen to The Way Of The Salaf Is The Path To Success By by on SoundCloud,Positive
We asked to our beloved Shaykh Arafat at his house the reward for praying in Makkah is it only for the Masjid around the Kabah or the whole land of Makkah The shaykh replied the stronger opinion is the whole land of Makkah,Negative
He said I plead my grief amp sorrow before God I have knowledge from God that you do not have My sons go amp seek news of Joseph and his brother amp do not despair of Gods mercy Q I can be wrong Share your thoughts amp Ill retweet convincing answersresponses,Negative
Inshaallah by next year you can be wellprepared for taking your relationship with the Quran to a higher level And we ask Allah for tawfiq,Negative
AI Projection of the Happy Newlyweds Muhammad and Aisha,Negative
AYAH OF THE DAY Shawwal And We led the Children of Israel across the sea then they came upon a people who were devoted to idols of theirs They said O Musa make for us a god just as they have gods He said Indeed you are a people behaving ignorantly,Negative
No matter who you are you can talk to Allah the creator,Negative
believe it is the True Speech of Allah they make takfir of the scholars like Ibn Taymiyyah Ibn AbdulWahhab and called as Wahabbi takfir in their sect Imams Darimi Ibn Khuzaymah Dhahabie Ibn alQayyim etc they allow gambling with kuffar also stealing their crops and,Positive
Dont take the Quran for granted brothers and sisters,Negative
Our Day first segment of the day Session Topics include IslamicLaw architecture design education MusliminBritain muslimbeliefs,Negative
Sharing your urges online to strangers is total weakness and takes from your manhood Also a person who continuously chases females is a man who has no ambition and is a slave to his urges Weakness has entered his body and soul and he cannot control himself Move in silence,Negative
ishah ra narrated that the Prophet said The most beloved actions to Allah are those that are consistent even if they are small a alBukhr,Negative
Alhamdulilah Despite the we were able to host the Eid prayers in the Musalla and celebrate this auspicious day of Eid with our community and families We thank you all for your contributions and support to make this happen and ask Allah to reward you tremendously,Negative
New Track Added Night Raman Short Reminders By Abu Hakeem Bill Davis,Positive
Not my cup of tea Anyway rant over Better to be a sunni amp a sharabi than a deo taffy rafidi or wahabi Make of that what you will Goodnight,Negative
It was said that murabit al haaj rh would encourage students to not even pray salah behind him till they themselves were convinced with their own eyes that the time for that salah has come in amp to pray in their own Jamat when they were,Negative
A common question is How do I pay my Zakat InshaAllah we will be going through the Fiqh Rulings on Zakat here Sundays pm all recordings will be provided for those who cant make it on time Sign up here,Negative
One riwayah of Sahnun just mentions the hands upto the shoulders when he opened the prayer nothing of ruku is mentioned how is this being used for ruku This is from both ibn Wahb and Ibn alQasim AlBayhaqi mentions raf ulyadain before and after ruku from Ibn Wahb,Positive
and fear Allah that you may receive mercy Muhsin Khan,Negative
The Prophet said O Allaah Never turn my grave into an idol to be worshipped Allaahs wrath intensified on a people who turn their Prophets graves into Masjid,Negative
The Moon has been officially sighted in Saudi Arabia So Eid is TOMORROW May Allah our accept our worship,Negative
Good reminder The point is never to boast on social media The goal is to make Eid fun Fun can mean different things to different families and thats okay,Negative
Whether the Masajid or Organisations are Salafi Publications or other than them from those connected to Dawah to Allah amp to Salafiyyah Islam amp Eman amp Ihsan amp Sunnah amp the Sunnah of The Khulafah Ar Rashideen amp Loving Respecting Ahlul Bayt amp all Sahabah and their followers,Positive
The original posts comment is akin to saying that schools dont require teachers as we all have brains and can read and write Sounds absurd right,Negative
They will make billion excuses for Shaytan and his followers billion excuses for Ahlul Bidah even grave worshippers But when it comes to a new Muslim learning the deen they act like NPC bots Harming Islam rather than defending it,Positive
Allah Will Test You Mohamed Somali islam allah muslim islamic Help DuSunnah move to a bigger location Donate now via,Positive
Its only freedom of speech human right and liberation of women if they propagate it Everything else is a crime and oppression What did Allah tell us And never will the Jews and the Christians approve of you until you follow their religion,Negative
The Generosity of the Scholars An Example from Shaykh Ibn Baz,Positive
The most beautiful story in the Quran read beautifully during taraweeh salah Masjid AlHaram Makkah Reciter Shaykh Suad AsShuraim Joseph said There is no blame on you today May Allah forgive you He is the Most Merciful of the merciful,Negative
In todays progressive and modern world women have limited freedom when it comes to choosing their clothing Would it be accurate to label airline companiesampcorporate offices as extremists for mandating specific attire for flight attendantsampemployees respectively Additionally,Negative
Why its very important for Educated Muslims to have a basic understanding of Islamic texts and their paradigms THREAD A person can speak about Islam or any topic for that matter and not even know they are holding a cultural or social bias when speaking about it,Negative
PLEASE NOTE the classes of will resume from next week insh Allh,Negative
Did you know There are voluntary prayers throughout the day Duha Ishraq Awwabeen Tahajjud Help build the Islamic Centre of Britain in the last days of Ramadan icobritain RamadanMubarak ramadan islam Ummah Muslims Happy Islamicreminder,Negative
Ibn alUthaymin said And who is telling us this is it not Allah who never breaks His promise So anytime something becomes difficult for you wait for relief,Positive
Jama Masjid in Delhi India Built by the Mughal emperor Shah Jahan between and it is the largest Mosque in India Help build a unique Mosque in the heart of the UK Birmingham City icobritain Islam mosquesofworld India birmingham,Negative
The Islamic Dawah Centre of Montego Bay Jamaica is inviting you to a series of lectures Topic Kashfush ShubuhaatRemoving the doubts concerning the justification of Shirk Speaker Abu Hakeem Bilal Davis Date Every Friday inshaAllah,Positive
LOL The plastic with ham written on it is just words How about a pic of a nude woman on it Is it just a picture Or words that are too offensive for me to type in a public here just words right Let us be sincere Words have meanings This wasnt appropriate for Salah,Negative
Almighty We pray for healing and comfort Only You know our pain and understand our discomfort Only You know our grief and sorrow Only You know our loneliness and suffering Restore us in every way and keep hope alive in our hearts Aameen,Negative
Watched the full video she even shed tears May Allah protect her and guide her and I always aamiin,Negative
LESSON TONIGHT Kitaab AtTawheed ShaykulIslm Muhammad Ibn AbdulWahhaab After MAGHRIB Prayer PM Masjid AtTawheed BROTHERS and SISTERS welcome Please bring notebooks and pens to maximise benefit,Positive
The last ten nights of Ramadan will begin tonight They are the most virtuous nights of the year If you are unable to perform Itikaf try to recite as much Quran and give charity daily as any of the nights could be Laylatul Qadr the night of decree,Negative
Taraweeh prayers and daily reminders from Masjid AsSunnah Bradford Live broadcast via,Positive
Please note that u must come early to grab space in the masjid and as for program the space is VERY limited so please if you dont come minutes before it you will probably not find space You seen what has happened in the last couple of programs in london,Negative
This is the way of Ahlul Hadith even if one hadith we seek and look for hadith Then you ask us for our books of Usul,Negative
A worthy cause Madinah College has facilitated many duat and scholars and is a vital component of the propagation of the Quran and Sunnah according to the understanding of the Salaf in the UK,Positive
Do you know whats absolutely horrible A revert who knows his mother died a disbeliever he loves her so much and misses her everyday yet he has to accept that he will never ever see her again he wont be united with her jannah,Negative
Jonathan Brown is a charlatan scholar He cant translate basic Arabic sentences but teaches advanced hadith sciences Dont take your religion from these deviants,Negative
poignant obituary to his mother Saida Sherif one of the great unsung pioneering Muslima activists in postwar British history May God have mercy on her and us mn,Negative
Protect yourselves muslim women because Allah has given you a high status and made you practising woman very valuable and sought after Do not dishonour yourself by leaving the guidance of Islam and allowing yourself to become prey to the vultures of this society,Negative
Chapter being covered tonight inshaAllah Divine Incantations Ruqyah Talismans Good Luck Charms and Amulets,Negative
A beautiful campus wonderful and learned teachers and one of the most senior and respected scholars in America Sh Amin Kholwadia steering it all Please support,Negative
Glad to see were finally having a conversation about fathers abusing their daughters Muslims have a wrong perception about parenthood as though all parents are infallible godlike beings This needs to change,Negative
This is year old David Attenborough A man who has probably seen more of the Signs of Allh in nature than any other human being His documentaries have boosted the Iman of countless Believers around the world and yet he is said to be either an atheist or agnostic,Negative
Friday Lesson Tomorrow A Glimpse at the Story of Yusuf PART from the works of AlImm AbdurRahman AsSadi By Sh Uways AtTaweel Friday th May PM BST PM KSA Masjid Bin Bz East Road London E QR,Positive
Advice to the Youth from the Salaf usSalih Pious Predecessors Uways atTaweel Masjid bin Baz Radio,Positive
LEEDS SUNDAY CLASS Fiqh of Dua amp Adkhar Sunday nd January at pm Roundhay Resource Centre Brothers only class Previous lessons Live broadcast,Negative
People who are constantly concerned with how others will react will never have faith in their own efforts Students of knowledge must become accustomed to being selfassured in their efforts and willing to accept mistakes if they are pointed out,Negative
Ibn Taymiyyah The Sunnah must be safeguarded with truth honesty and justice just as it is not safeguarded with lying nor oppression so if a person rebuts falsehood with falsehood or counters innovation with innovation then this is from what the Salaf amp Imms criticised,Positive
A few days of Ramadan remain Dont let your phone prevent you from participating in personal acts of worship Limit your phone use,Negative
An absolute pleasure to be around Thank you for everything Sadio He will be missed in our masjid amp the love he would show to every single person,Negative
Is it Permissible to Openly Speak Against the Rulers of Turkey Erdogan Shaykh Salim Bamihriz Original by The Creed and Methodology of AsSalaf AsSaleh Salafis dont just defend arab rulers we defend all Muslim rulers may Allah rectify their affairs,Positive
Reminder class tonight will start after Esha prayer around pm,Negative
Yahy bin Mudh said The cure of the heart are in things Reciting the Quran by pondering over it Empty stomach ie eating less Standing in prayers at night qiym Beseeching Allah at suhoor predawn amp Sitting in the company of the righteous,Negative
The Slander of Aisha SISTERS ONLY EVENT Everyone is tested and even the sahaba whom had the greatest of imaan were tested One of the greatest trials that our mother Aisha faced was the slander against her Signup,Negative
Shorts By Shaykh Salih AlFawzn Salafi Salafirecording Salaf Muslim Islam Quran Sunnah Salafiyyah,Positive
Opening Veres of Surah ArRahman recited beautifully Reciter Winner of International Quran competition Dubai,Negative
Nothing more cringe and gag reflex inducing than a man who spends hours at night and morning trying to make himself look like a sparkling toilet floor after a deep clean If we spent more time with more beneficial things wed be in a better state as an Ummah no doubt,Negative
BROTHERS ARE YOU LISTENING TO YOUR DEALER ABOUT MAD CALIS how about you listen to rabee al madkhali bro,Positive
My respected father is He recently suffered a stroke hence fully bedridden with no mobility at all Whilst sat at his bed side through the night I heard him for most of the night reciting Surat alWaqia and alMulk during his sleep A habit formed over a lifetime never,Negative
Did you know Surah AlAlaq contains the first verses of the Quran to be revealed to the Prophet PBUH Help build the Islamic Centre of Britain in the last days of Ramadan icobritain RamadanMubarak ramadan islam Quran Ummah Muslims Allah,Negative
Charity is from the most virtuous good deeds and has many benefits for the true believer Help us establish Markaz Bukhari this Ramadan a home for the this blessed Dawah in Liverpool Islam Ramadan LetsGetItDone,Positive
NEW VIDEO You Fast But Will Not Pray Shamsi Friday Sermon,Negative
No matter what youre going through in life keep your trust in Allah He sees everything and He is in control of everything Let that be a source of peace for you Allah says And whoever places trust in Allah then He is enough for him,Negative
Last year at this time spending my Eid in Karachi Pakistan with Shaykh Mufti Muhammad Taqi Usmani,Negative
LIVE NOW Usool assittah of Shaykh ulIslam Muhammad bin AbdulWahhaab Read by Abu Maymunah Said Ali Hassan MasjidBinBaz,Positive
May Allh allow the trials and tribulations to be a means of becoming closer to him rather than further mn,Negative
Abu Hurayrah on Showing Respect to Ones Father,Positive
Alhamdulilah We are here for our inaugural community Iftr of this Ramadan Come and join us for some WorldClass Jollof cakes and a much needed cuppa Plenty to go around Saltul Taraweeh will be at pm with a RamadanReminder from inshAllh,Negative
When we worship Allah we do it for our own benefit Allah doesnt need our worship So dont be stingy in benefitting yourself,Negative
They make him out to be some kind of warlord that has a lust for blood when he dedicated a lesson from the Tawhid series to explaining how the basis of dawah is Kindness Dont just believe the slander you hear,Positive
The mushrikeen will worship anything but Allah I cannot believe how the hearts of the kuffar and the mushrikeen are so blind,Positive
If someone wants to attack the prophet well attack their mum Muhammad Hijab And be patient O Muhammad with what they say and keep away from them in a good way Al Muzammil,Negative
Shaykh Al aludhayf on Population Control Through Wars Epidemics and Vaccines They are agreed upon the goal of reducing the world population They have numerous means such as wars epidemics vaccinations and others Read full report,Negative
Jewel alert ONLY ONE IN STOCK Shaykh Salih AlFawzans volume set of his explanations to the books of Imam Muhammad Ibn Abdul wahhab Kitab atTawheed Iianatul Mustafeed The removal of,Positive
Explanation of Umdatul Fiqh By Shaykh Abdullah Bassaam amp Shaykh Ubayd Ustdh Abdulhakeem Brothers amp Sisters welcome Broadcast on Link to previous lessons,Positive
As a kid I used to dislike my surname subconsciously because of this Then as a teen when I moved to Egypt and ppl began pronouncing it correctly and loving its meaning it means Blessing from Allah and is my dads actual first name they always complemented my surnameI,Negative
Madinah Book Today From pm UK Time Abu Kenzah Jamal Live on the DUS Dawah channel Inshaallah,Positive
Watch listen amp share Parables of the Quran The Spiders Home,Negative
LEEDS SUNDAY CLASS Fiqh of Dua amp Adkhar Sunday th April at pm Roundhay Resource Centre Brothers only class Previous lessons Live broadcast,Negative
Ramadan Round Date th of April Total Spent Number of baskets Price per basket May Allah accept it from you all,Negative
We highly encourage all to attend these lessons with Shaykh Abdulilah Lahmami Allah preserve him upon His obedience,Positive
RamadhanRulings Learn about fasting before Ramadhan enters,Negative
Abu Suleiman AlDarani may God have mercy on him said The origin of all good in this world and the hereafter Fear of God Almighty and every heart that does not have the fear of God is a ruined heart,Negative
Replying to AR Ahmed and GF Haddad on Hayati Khayrun Lakum With Shaikh Zubair Ali Zais Checking of Fadhal asSalah AlanNabi,Positive
Delighted to finally meet my beloved brother Islam brings people together from all colours and walks of life All that unites us is the love of the Deen and the beautiful Manhaj asSalafi How else would a brother from Texas end up in Morocco Allahumma Baarik,Positive
Somali brothers who are currently in Egypt or those travelling soon join this group chat for UpdatesClassesHelp amp More Share to friends,Negative
May Allh make us amongst the successful,Negative
This is the problem folks Blind follwers justifying amp advocating for the wide distribution of this book Beheshti Zewar in the UK which is aimed at little girls to learn islam and normalizes ChildRape under the banner of free speech ffss OMG,Negative
Martyr Mohammad Salah has done great service to humanity by eliminating terrorists who were providing security to apartheid amp occupation He should be celebrated as a martyr and recognized as a great soldier of Islam If Israel can take pride in their soldiers who engage in acts,Negative
A Rallying CryampStrong Encouragement to aid our beloved brothers Lets get behind this cause and dig deep in our pockets purses and wallets We need this dawah to spread across the East of LDN Donate today amp off another one from your Arafah thingsdo list,Negative
I requested to attend this meeting as a journalist They didnt even reply to me but made it clear those without invites would not be permitted Complete contempt for Muslim media and having issues of concern conveyed to the Muslim community,Negative
If you have an anime profile pic especially an anime girl profile pic dont enter my mentions Im fine with my current level of testosterone alhamdulilah dont want it lowered How man gunnar attack salafiyya with a profile pic of naruto or somn looool Embarrassing wallahi,Positive
I love England in bloom Subhan Allah nofilter,Negative
Give your Zakt ulMl Zakt ulFitr Sadaqah Fidyah This can be made to our Paypal or Bank amp must be clearly tagged referenced PayPal info Bank HSBC AlAthariyyah MasjidBinBaz office E QR In a clearly marked amp sealed envelope,Positive
Life is Not Suffering Shaykha Fatima Barkatulla,Negative
Shaykh Muqbil rahimahullh Whoever wants to sit with the liars then let him read the newspapers,Positive
NEW UPLOAD A WARNING against marrying amp divorcing in haste By Sh Abu Khadeejah AbdulWhid Link Salafi Salafirecording Salaf Muslim Islam Quran Sunnah Salafiyyah,Positive
It is based on the works of Muhammad alShaybani The text was dictated by Sarakhsi to his students as he was imprisoned,Negative
The Bloom Review Wants the State to Regulate Britains NonChristian Minorities,Negative
Re Memes The Messenger of Allah said The makers of these images will be punished on the Day of Resurrection and it will be said to them Breathe life into that which you have created And he said Among the people who will be most severely punished on the Day of,Negative
Say what you will but any other path opposed to Salafia is a misguidance Its clear to see by the innovation the opposition is involved in,Positive
We will soon be offering a repeat of the very popular course taught last year by Mufti Muhammad ibn Adam on Understanding Taqlid Ijtihad and Madhabs Stay tuned,Negative
New Audio Shaykh Uways Taweel Sharh asSunnah of alImm alBarbahar Lesson Buying and Selling is Lawful,Positive
TODAYS SCHEDULE OF LESSONS Sh Hassan Somali Commentary on Ayah AlKurs The Greatest Verse in the Quran Asr pm Sheikh Abdulillah Lahmami Tafsiir Surah alInsaan Maghrib pm,Positive
An excellent telelink lecture with our Shaikh Yahy anNahr Many benefits amp pieces of advice related to nurturing our families and the responsibilities upon us in regards to that,Negative
Whoever will send one blessing upon me Allah will send ten blessings upon him Muslim,Negative
The only way to counter someones Islam is with evidence of equal strength hence the famous principle Whoever enters Islam with certainty cannot be thrown out of it except with certainty,Negative
For those that want to perform Hajj this Year from the West The App is called Nusuk Hajj,Negative
Countless messages on Instagram like this in the month of Ramadan To watch the full lecture click here,Negative
Sometimes you look back at the things you made dua for and think alhamdulillah that Allah has not made it happen,Negative
Finally got the stamp that all the cool kids have A thoughtful EidAlFitr gift from the family yesterday Eid Mubarak everyone,Negative
An Insight into Why Hijb and His Coconspirators Slander People of the Sunnah Part The Salaf on the Behavioural Psychology of Misguided HateFilled Resentful Innovators PDF pages,Positive
HADITH OF THE DAY Dhul Qadah ProphetMuhammad said Whoever has the provisions and the means to take him to Allahs House and yet he does not perform Hajj then it does not matter if he dies as a Jew or a Christian Tirmidhi,Negative
Did you know That possibly since as far back as the th century Hijri in Makkah there would be some mention at times different congregational prayers for each Salah each Madhab would have its own Jamaah The th one was for the Zaydis,Negative
Ramadan Round Date th April Total Spent Number of baskets Price per basket May Allah accept it from you all Please Share so we help more families thank you,Negative
Hajj Rules It is wajib to perform Farewell Tawaf lWada after all types of Hajj It can be performed at any time after Hajj Tawaf However its not wajib on those menstruating amp those who live within Meeqat nor in Umrah,Negative
AYAH OF THE DAY Dhu lQadah And when regret overcame them and they realised that they had gone astray they said If our Lord does not have mercy upon us and forgive us we will surely be among the losers,Negative
For a high quality online education in Arabic and Islamic studies which starts with the absolute basics there is hardly anything better than,Negative
The reason why we have daily prayers spread across the whole day at different times is because Allah wants us to live by the rules of Islam in between those prayers In other words for us to be FULLTIME MUSLIMS ALL DAY,Negative
Perhaps the best way to deal with problems is to do it quietly patiently No need to tell everyone Speak to Allah Find relief in Him,Negative
Deadline Fast Approaching Please note that our deadline for Transferring amp Submitting Zakatul Fitr is Tomorrow Wednesday th April By pm inshAllh Please transfer this asap so our team can distribute to those in genuine need,Negative
My Brothers in Islam I would suggest you heed this message prior to even contemplating a nd rd or even th wife,Negative
when alBqilln entered he would do so while bowed down before the Roman Emperor and his entourage alBqilln acknowledged this strategy and instead entered the room by going backwards bending over and pointing his bottom at the Roman Emperor and his people,Negative
The Deobani Sect of Sunni Islam control Mosques Darul Uloom seminaries indoctrinating Students Talib in England plus their Dawah arm Tablighi Jamaat based in Savile Town Dewsbury video,Negative
Islam came to preserve things Religion Worshipping other than Allh is forbidden Intellect Alcohol and drugs are forbidden Wealth Interest and gambling is forbidden Marriage Fornication and adultery is forbidden Life Murder and suicide is forbidden,Negative
New video lecture uploaded on our YouTube channel by Mufti Muhammad ibn Adam AlKawthari at Isna Canada two weeks ago Please watch and share,Negative
Make Du in Sajdah for the Fulfilment of Your Needs with Words that are Easy for You The closest a servant comes to his Lord is when he is in sajdah so make plentiful du in sajdah Shaikh Ibn Bz Abu Khadeejah,Positive
Here is moment when Ikhwanis attacked Shaykh Muhammad Aman AlJmi midlecture when he warned against them and their offshoots Imagine attacking a scholar in the house of Allah,Negative
Farewell Ramadan May Allah allow us to witness another Eid Mubarak to all of you May Allah accept our actions and give us a good ending,Negative
Lets get behind our brothers and aid the dawah in an area of London that was one of the most vibrant areas in the country for Salafiyah South London is in need of this Markaz,Positive
LIVE NOW Jumuah Khutbah by Said Ali Hassan MasjidBinBaz,Positive
PAYPAL donations Ref RAMADAN APPEAL GoFundMe donations Ref RAMADAN APPEAL,Negative
NEW VIDEO Your Community Needs YOU shorts dawah islam,Negative
MUHAMMADI MASJID BRADFORD PRESENTS An opportunity not to be missed Join us for an intensive study with our guest Shaykh who is visiting from Kuwait Shaykh Abdus Salaam AlFaylakawi at our very own Muhammadi Masjid Bradford,Negative
Monday rd April We have raised so far Kindly donate in these blessed days Bank Details AlRahma Trust Sort Code Acc no PayPal info,Negative
Reflect Upon This Nimah Of Islaam Rasheed Barbee by Masjid Ad Dawah Ilat Tawheed on SoundCloud,Positive
New article posted in the Featured Articles section of our website A Week of Ramadn in Canada MarchApril by Mufti Muhammad ibn Adam alKawthari,Negative
Ibn Abbs said When you feel the need to mention your companions faults remember your own AlAdab AlMufrad Chapter Page By Imm Bukhri,Negative
However within it are some phrasings that some of the people may not understand or they understand from it a false meaning So the error in understanding is with them and not an error with the Book and the Sunnah,Negative
And I am asking You just as how You have Guided me to Islm that you do not remove it from me until You cause me to pass as a Muslim,Negative
LESSON TONIGHT Kitaab AtTawheed ShaykulIslm Muhammad Ibn AbdulWahhaab After MAGHRIB Prayer PM Masjid AtTawheed BROTHERS and SISTERS welcome,Positive
Mustwatch New YouTube Video amp by Mufti Muhammad ibn Adam alKawthari Watch the full video especially nd part discussing the issue of giving Zakat to charitable organisations,Negative
Allahs name alTawwb means He accepts our repentance taubah and forgives sins again amp again amp again amp again amp again amp again amp again amp again amp again amp again amp again amp again amp again Just be sincere in asking Allah for forgiveness each time,Negative
I have no idea why but I absolutely love the aesthetics of this ayah,Negative
RasulAllah SalAllahu alayhi waSallam said After me I have not left any fitnah more severe upon men than women Bukhari and Muslim,Negative
Just cannot get enough of this beautiful holy place Alhamdulillah Allah enables me each time to come to His house and perform umrah I cant describe how blessed I am to be able to perform umrah this often Ya Allah allow all my muslim brothers and sisters to do the same,Negative
Shaykh Ibn Uthaymeen said Asking the dead to ask Allah and asking him to fulfill a need are different If he asks for fulfilling a need this is major Shirk and if he asks the dead to ask Allah on his behalf this is Bidah innovation in religion and a misguidance,Positive
Here is a link to tonights brief introduction to the Miracle of the Qurn and Its Amazing Effect on the Heart,Negative
Did you know The use of a prayer mat started during the time of Prophet Muhammad PBUH who would often pray on a mat made out of palm fronds called a khumrah Donate your Mussalla today icobritain RamadanMubarak ramadan islam Ummah Muslims,Negative
She said The Prophet would pray Saltul Fajr and he would witness that there were believing women present enfolded in their garments Then they would return to their homes and none knew who they were,Negative
rectification of the Aqdah And the rectification of the Aqdah as every person of Sunnah and Salafiyyah knows begins with the study of Tawhd,Positive
The Aqidah of the Muslim Brotherhood Abu Hakeem Bilal Davis Via,Positive
A common question being posed is whether it is necessary to enter Ihram when returning from Taif Inner Taif is outside of Hill Thus Ihram is necessary when travelling to Makkah Umrah is difficult but there is a lot of reward so enter Ihram and Allah will make it easy,Negative
By Allh we should want good for all people for them to come closer to the truth But at times this slips some of our minds and we become focused on the issues themselves rather than solutions for them,Negative
Lesson Today Every Monday amp Wednesday After Maghrib pm Madinah Book Taught by Abdurrahman Mawsili All Welcome,Positive
Tonight is the evening of Jumuah and an odd night both of which are indicators of its likelihood of being Laylat al Qadr with some of the scholars,Negative
Another brave brother Allah bless him,Negative
LESSON TONIGHT Kitaab AtTawheed ShaykulIslm Muhammad Ibn AbdulWahhaab After MAGHRIB Prayer PM Masjid AtTawheed BROTHERS and SISTERS welcome,Positive
Its Friday Lets make intention to attend Jummah Come to Prayer Come to Success Donate your Mussalla on the blessed day of Jummah icobritain RamadanMubarak ramadan islam Ummah Muslims Happy sahur iftari donate Islamicreminder,Negative
His book Al Qawaneen Al Fiqhiyyah his famous Tafsir Ibn Juzay and his primer in Usul are widely studied and read Ive personally benefited from his works in Usul,Negative
So blessed so thankful to return to the Haramayn after more than three years May Allah accept our worship,Negative
Beautiful captivating recitation from Surah Al Dukhan by Sheikh Haitham Al Dokhain Listen with your heart,Negative
Shaykh Abdullah alBukharis Explanation to Usool asSunnah of Imam Ahmad,Positive
Sultan Ahmed Blue Mosque in Istanbul Turkey Constructed between and during the rule of Ahmed I during the Ottoman Empire Help build a unique Mosque in the heart of the UK Birmingham City icobritain Islam mosquesofworld turkiye,Negative
Muslims need Islamic governments who rule by the sharia so we can know and fellow the Islamic calendarMost Muslims today only know and fellow the kufaar calendar,Positive
Explanation of RiyadhasSaliheen Lesson Hadeeth Abu Suhaib Today pm Straight After Isha YouTube Live Catchup here QampA is via Masjid amp YouTube Listen Benefit Share,Negative
Shaykh Ebrahim Noor of Coventry has authored many books in English on a range of topics These can be downloaded from the following link,Negative
Come and pray at the Islamic Centre of Britain Your future Masjid Donate on the last Friday of Ramadan icobritain RamadanMubarak ramadan islam Ummah Muslims Happy sahur iftari donate Islamicreminder reelsviral Quran EidAlFitr,Negative
Listening to Nusrat Fateh Ali Khan when coding feels like a life hack,Negative
Al Hamdulillh by Allahs virtue received an extremely warm welcome and exceptional hosting from our brothers in Pakistan almost unrivalled except by our brothers in tobago The dawah there has a nice nucleus of brothers upon the dawah of our mashyikh Al Hamdulillh,Negative
Salafi Salafirecording Salaf Muslim Islam Quran Sunnah Salafiyyah,Positive
Join us at Masjid AsSunnah Bradford this Friday and Sunday,Positive
Many have already registered for this weekend course on Parenting to be taught by Mufti Muhammad ibn Adam this weekend In Sha Allah Last few days to register See the link below for further details and registration,Negative
This doesnt also include the numerous hours spent teaching books and also the travelling done to teach the muslims in various cities and countries around the world,Negative
LIVE NOW Three Fundamental Principles Explanation of shaykh Shaykh Abdul Azz b Bz Read by Abu Zayd Mohamed,Positive
Radhi Allahu Anhu has two meanings One in the mode of giving news khabariyya and the other in the form of supplication duaiyya Read full answer here,Negative
Seal Ramadn with goodness So far we were able to send much appreciated support to some students in Islamic universities pay tuition for young Quran students amp send books to incarcerated sisters,Negative
Let us all do what is manageable and within our capacities without losing perspective of the objective of Eid and let us also maintain husn alzann give the benefit of the doubt with respect to those who choose a different path from ours,Negative
Tomorrow Monday in north London the th of Ramadhan looking forward to seeing you all,Negative
Eid Mubarak to you all may Allah fill this day with happiness joy amp lots of tasty food,Negative
The more hunger you feel for the sake of Allah while fastingthe more reward you get when you recite Quran while fastingyou get even hungrierlike fasting and reciting the Quran go hand in hand totalling up to a great enumerable rewardRamadan is the month of fasting amp Quran,Negative
The process of preparing this book for publication took a number of years however we are honoured to finally present this translation to the respected readers and we hope that Allh rewards both the original author and the translator for their enormous efforts,Negative
LIVE NOW Jumuah Khutbah by Abu Inaayah Seif MasjidBinBaz,Positive
Dont skip Salah no matter what,Negative
Keep our brothers and sisters in Sudan in your duas It always pains me to see a muslim country destroyed by war The civilians and especially the poor people are always affected the most in war May Allah bring peace to the land of Sudan,Negative
LIVE NOW About people of bidah,Positive
I have always said that Tariq Ramadan was stitched up by bad faith actors and Islamophobes because of his effective Islamic advocacy in France especially And the witchunt against him preceded more draconian measures enacted against Muslims in France Whats more the Muslim,Negative
The reality and hatred of the SHIA towards the true muslims and the misguidance of some muslims who attribute themselves to ahlusunah waljamaah in downplaying their reality and hatred towards us and wanting to unite with them although they the SHIA dont want to unite with them,Positive
Al Hamdulillh our brothers are reaching the target Lets hasten the completion by Allahs permission A big push and lets complete it for Allah sake,Negative
NEW VIDEO Shia Guy Tries to Heckle Shamsi and Gets Exposed,Negative
A sisters appreciation after ordering this free book Ma Sha Allah Still many copies left they are free order from here,Negative
Abu Hurairah reported that the Prophet said The one who has intercourse with a menstruating woman or with a woman in her rectum or who goes to a fortuneteller has disbelieved in what was revealed to Muhammad alTirmidhi no,Negative
When donating in these last nights please remember to donate to your local mosque They may not have huge social media marketing campaigns but they deserve a share of your donations Charity begins at home,Negative
Alhamdulih its arrived May Allah accept our efforts,Negative
SubhanAllah This was hard for me to acceptuntil I understood that victory is with Allah Azzawajal As Muslims who strive to live upon the Salaf in this Dunya we must separate the worldly thinking with the goal of the hearafter Jannah We are but here for a short time,Positive
My dear Sisters in Islam beware of following the ways of the disbelievers,Negative
The Prophet said O Abu Bakr every people have their celebration and this is our celebration Ibn Mjah Aishah May Allah be pleased with her said By Allah I remember the Messenger of Allah standing at the door of my apartment facing the Mosque,Negative
Work on Masjid Drim in Islamabad is progressing in Ramadan even as your donations are coming in Last few days that are left in this month should be days of generosity and giving for Allhs sake seeking His reward DONATE,Negative
This Friday Sunday in birmingham southampton and crawley Hope to see u all inshallah,Negative
The benefit shared by our beloved Shaykh during our private time,Negative
AlAthariyyah will be collecting your Sadaqah amp Zakt upon your accumulated wealth at MasjidBinBaz East Road E QR throughout Ramadan Those unable to fast this Ramadan due to illness or the breastfeeding or pregnant woman who fears for her baby need to pay Fidyah,Positive
The best books on Philosophy in the Islamic World recommended by Peter Adamson,Negative
LIVE NOW Jumuah Khutbah by Abu Ukkashah AbdulHakeem MasjidBinBaz,Positive
his reply would be Alhamdulillah Allah has still allowed me to use my tongue for his remembrance description of Mawlana Moosa Kholwadia d father of Shaykh Amin Kholwadia,Negative
As some of you may have seen some of my social media accounts have been hacked May Allah reward the brothers who brought it to my attention May Allah give these devils what that deserve and protect us from their evil,Negative
Live on With our teachers Ustadh Abul Abbaas Ustadh Abu Muawiyah Ustadh Muhammad Huzaifah Last push for todays Sunnah Campus Appeal,Negative
Reminding of the virtue of the first ten days of Dhul ijjah and encouraging to strive hard in worship Via Ustadh,Negative
Very important reminder for practicing Muslims who end up quarrelling in polemical disputes Let not your polemics be a sign of you going astray May Allah protect us all,Negative
Whatever hurt you are experiencing relief will undoubtedly arrive Allah accentuates this and makes it clear Based on this verse many scholars have said that for every hardship there are two easements,Negative
Jumuah Prayer Who are the Awliy Khutbah Starts Near Colindale Station Colindale Avenue NW GX Brothers only Live broadcast,Negative
Zayd reported The Messenger of Allah saidThere are three qualities by which malice cannot enter the heart of a Muslimsincere deeds for Allah good will to the leaders of the Muslimsand keeping to the united community Verily their call to Islam is protected behind them,Negative
Jaabir Ibn Samurah may Allah be pleased with him narrated I saw the Messenger of Allaah sallallaahu alayhi wa sallam,Negative
More feedback on the Discussions in the Beliefs of Ahl AlSunna course taught by Mufti Muhammad ibn Adam As soon as you register the full content is available to study in your own time till the end of July Details amp registration,Positive
Is it true that if a person performs one Qad alh on the last Friday of the month of Raman this suffices for all the Qad prayers,Negative
Sneako recently became a Muslim May Allah bless him and preserve him It is a collective obligation on us to ensure that new Muslims such as him have our full support and guidance unconditionally My brother my DMs are open for you and other Muslims anytime you want,Negative
Subhaan Allaah The people of the Qurn the people of Allaah and those are closest to Him Subhaan Allaah may Allaah make us from them,Negative
And sisters leaving it too late How some Parents even allow that to happen in this day and age is beyond me Totally out of touch with society and not capable of passing on any spiritual tarbiyyah to their daughters Allahu alam,Negative
Timothy John Winter aka Sheikh Abdal Hakim Murad Islamic Law Professor founder amp dean of Cambridge Islam College Praises King Charles for his fondness of the Islamic faith The Pinnacle of the Islamic th Column,Negative
The CCDworkforce returned to the UK today moments before another earthquake rocked the region we had departed from May Allh make the situation easy for the people there,Negative
Salafi Salafirecording Salaf Muslim Islam Quran Sunnah Salafiyyah,Positive
Genuine question during our Prophet time there wasnt such thing as baby formula so the babies had to drink their mothers milk they survived and grew so why cant that be the case today Not being ignorant genuinely curious,Negative
Ihsan Mosque Norwich Liverpool Muslims Luton Reverts Group Muallif Initiative,Negative
Pregnancy amp Breastfeeding Rulings related to Ramadan Short video lecture,Negative
Students who do not master Arabic end up Relying on translations Cant access original sources Inability to detect distortions In many cases the notes they learned from their teachers are the pinnacle of their knowledge,Negative
The works of Imam Muhammad alShaybani cite Abu Hurayras reports in the context of justifying legal opinions eg alAsl where he is the exclusive authority relied upon There are instances where Imam Muhammad rejects a report from Abu Hurayra but this is,Negative
UmmulMuminn isha said Indeed we do not wear garments that have within them a cross,Negative
Fiqh of Dua amp Adkhar Sunday th February at pm Roundhay Resource Centre Brothers only class Previous lesson Live broadcast,Negative
I advise you with the same advice I and many others received in the past in regards to sheikh Ahmad Watch his explanation of Usul ath Thalathah Understand what kind of scholar he is and see if the slander against him makes any sense Its upon you to verify the truth,Positive
Have you seen the one who denies the Recompense the religion For that is the one who drives away the orphan Al Maun Dont be from those who abandons the orphan They are awaiting our help If youre able then please donate from which Allah has provided you,Negative
There will also be a special appeal for the Masjid to support the maintenance and dawah activities We ask both brothers amp sisters to donate generously,Negative
We initially raised for the masjid above We asked the scholars on what to do they mentioned that we should find a masjid that is in need of a carpet and requires the amount raised Alhamdulillah after a years wait and during Ramadan carpet has been done,Negative
Donate your brick package on the blessed day of Jummah icobritain RamadanMubarak ramadan islam Ummah Muslims Happy sahur iftari donate mosque masjid bricks Appeal JummahMubarak,Negative
Love is the bridge between you and everything Mawlana JalalalDin Rumi RA Continue donating towards the Islamic Centre of Britain icobritain islam Ummah Muslims donate Islamicreminder Rumi donate lovestory Allah,Negative
These books that were translated by Abu Talhah Dawud Burbank Rahimullah Tawassul Seeking A Means Of Nearness To Allah Its Types And Its Rulings The Aqeedah of Imaam AlBukhari The Reality Of Sufism In Light Of The Quran amp Sunnah The Hadith of the Ifk,Negative
Allah says in the Quran And strain not your eyes in longing for the things We have given for enjoyment to various groups of them disbelievers the splendour of the life of this world Surah Taha,Negative
Al Hamdulillh By Allahs grace we were able to spend some time with our brothers in Tobago and at the head of them our noble brother and companion Abu Zaynab and the other brothers and the community in Tobago in general As always excellent organisation and hosting,Negative
The Ruling on saying the Takbir for SajdatutTilawah,Negative
Join us again this Ramadan for the return of our popular Last Ten Nights series with Ustadh Asim Khan This year we will be covering the Prayers of the Prophets amp extrapolating key lessons from each one to help us come closer to Allah and improve in how we formulate our own,Negative
TurkiyeEarthquake By Allhs Permission our phase earthquake response in Turkiye has begun with food amp toiletries distributions taking place in Hac Bayram Veli Mah Gayberli Mah Dou Kent Mah amp Kanuni Mah,Negative
ClickampCollect is back Order from the largest authentic library of English and Arabic titles and a growing Urdu range A huge selection of Prophetic Medicine Vitamins Dates ZamZam Water Snacks and much more Visit and order now at,Negative
Mans faith is not complete until four things have become equal for him in his heart a denial b giving c glory and d humiliation Abu Uthman alHiri,Negative
You will never see Salafis speak about Quran like this Damn text literally means the accursed text in Arabic or Which is huge disrespect to the Book of Allah Will he retract Probably No Will he block me for this Yes Will he call me a madkhali cancer Yes,Positive
The Best of This Worlds Goodness Shaykh Ibn AlUthaymeen islam islamic muslim Help DuSunnah move to a bigger location Donate now via,Positive
Salam to everyone around the world this is a tragic story and my dear Friend is making the most of it Please donate to this cause and spread the message May Allah bless you all abundantly ameen,Negative
We all want our duas to be accepted but do we make our duas in the correct way Check out our selfpaced course Names of Allah to understand the meanings of the names of Allah Most High and how to best supplicate with them to maximise acceptance,Negative
Reminder Class Resumes Today Sharh asSunnah of Imm alBarbahari Sh Uways atTaweel Sunday th May pm UK am USA pm KSA Masjid Bin Baz East Rd London E QR All Welcome,Positive
Is this even allowed What is the correct ruling Is this practise beneficial to the deceased at all Check out our new selfpaced course Fiqh of Death to find out the answers Sing up rayyancourses fiqh death quran sunnah onlinelearning,Negative
Salafi Salafirecording Salaf Muslim Islam Quran Sunnah Salafiyyah,Positive
A Simple Guide to the Eid Prayer,Negative
If however the person fully comprehends that what heshe is saying or doing leads to x conclusion and stands by it this will warrant takfir even if heshe does not believe the consequence to be kufr,Positive
I know one brother who tried to teach his wife the rights of the husband from quduri within the first month of marriage Ps Im sorry if you read this bro I wont mention your name dw,Negative
he never got emotional over the dispute amp then give her divorce like so many fall into today Divorce is a serious responsibility O brother dont give it emotionally and recklessly O my sister dont ask for divorce over disputes and anger Remember blessing of Allah upon you,Negative
Not only does Allah teach tawheed but he reassures humanity why He deserves to be worshiped He instills in the hearts His beautiful names and perfect qualities which leads the reader to develop love for His creator,Positive
Jonas Otterbeck roots out the Sufi tropes and inspirations of Peter Murphys lyrics,Negative
Duas not being answered Have you ever wondered if maybe it could be due to your sins We human beings are sinful and often our sins are the reason why we are unhappy and not successful Also what we are asking for may not be the best thing for us Alhamdulillah always,Negative
Yesterday we raised REMAINING kindly donate and support to open the Salafi Masjid in Colindale Bank Details AlRahma Trust Sort Code Acc no PayPal info,Positive
Coming from Winnipeg in Canada May Allah grant us all the blessings of Ramadan,Negative
The brothers are set up on Coventry Rd in Birmingham calling to the worship of Allh alone amp the Sunnah of Prophet Muhammad with the correct understanding of manhaj amp aqeedah Come amp collect free literature for your family amp friends while doing your Eid shopping InshAllh,Negative
Okay so you have one of two choices either Muslims have high birth rates or we have fertility issues Which is it We arent Schrdingers Muslims,Negative
In Deoband when I was young the voice of Quran would be heard in the morning from every house Mufti Muhammad Taqi Usmani,Negative
Islam is a religion that goes in line with our Fitrah natural inclination The human being is born with a fitrah to submit to Allah This becomes absolutely clear whenever a calamity strikes Tsunamis earthquakes war etc every being turns to God and seeks refuge,Negative
He said If you are mentioned in a persons presence and he does not send blessings upon you and he dies he will enter Hell,Negative
ANNUAL DONATION Make an annual donation of on this blessed day of Friday in the blessed month of Ramadhan We are looking for generous attendees to donate to help us reach our target of for this campaign Donate here,Negative
We both agreed that Islam will be the main religion in the UK within the next years insha Allah,Negative
Ahem Lovely Its interesting to read this from a Muslimah As a Brother in Islam it is not my place to tell a sister what to wear if she isnt my wife unless it is immodest and could cause problems in public,Negative
Ali bin Husain narrated He saw a man at a space that was at the grave of the Prophet and he would go in it and supplicate So he Ali bin Husain prevented the man and instructed him saying Should I not tell you a Hadith which I heard from my father who in turn heard it,Negative
Places are filling up fast the package has been upgraded to a direct flight umrah,Negative
What the Quran asks of children is to behave with them in a dignified way with them ihsan and to treat them well according the customs of the people maruf,Negative
LIVE LECTURE Social Media amp Its Harms Brother Shamsi pm Sunday th May All Welcome,Positive
Hajj Rules It is permissible to wear a ring or a watch in state of Ihram,Negative
Jummah Mubarak During Ramadan Mohammed Ramzan Dabbagh Project Director of the Islamic Centre of Britain shared lessons on SelfPurification on Islam Channel You can now watch the entire series here,Negative
The reward for LaylatulQadr is huge amp the wise individual will increase in righteous actions seeking out this night Tonight could be LaylatulQadr Increase oh seeker of good Donate tonight to MarkazBukhari MarkazBukhari Fundraising,Positive
Trying to eat less and less each suhoor inshallah Cannot deal with any bloating I dont want that type of Ramadan anymore,Negative
So many gatherings of knowledge going on atm may Allaah reward our teachers in this life and the Hereafter for giving from their precious time to teach and benefit the Salafi communities Aameen,Positive
Sharh alJami alkabir and Sharh alJami alsaghir by Abu Nasr Ahmad b Muhammad alAttabi alBukhari d,Negative
Majmoo alFataawa of Shaykh Ibn Baaz amp the Permanent Committee,Positive
Shyness Modesty and Gentleness within Islm Abu Khadeejah Abdul Wahid,Positive
New Video Purify Your Heart Shaykh Salih alFawzan,Positive
A HUGE opportunity to do good for a loved one who has passed away An opportunity to gift rewards to them in their grave,Negative
People actually listened and took from this guy No knowledge no Manhaj nothing Even the Ahmadiyya say theyre Muslim even the RafidhaQuraniyyoon Jahmiyya etc all claim Islam even Alawis Will he make an exception for them too Headless chicken no clue whats going on,Negative
Check out our selfpaced course Essential Fiqh of Ramadan to cover all the necessary fiqh rulings as well as tips and advice for the blessed month rayyancourses Ramadan fasting ILM onlinelearning islamiccourse islamiccourses ramadan,Negative
Time will teach you Sayyiduna Ali Ibn Abi Talib RA Islamic Centre of Britain needs your support icobritain islam Ummah Muslims donate Islamicreminder Ali poetry wisdom donate lovestory Allah wednesdaymood,Negative
HADITH OF THE DAY Shawwal ProphetMuhammad said Look at those below you and do not look at those above you in worldly matters for that is bettersuited that you do not belittle Allahs favours upon you Muslim,Negative
A detailed travelogue of Uzbekistan Order this and my other books from here,Negative
A bit of humility can resolve major disputes Shaykh Muhammad Yunus Jownpuri,Negative
A lovely blog by Dr Ahmed about the first attested Muslim grave in Wales that of Amelia Kadija Baksh ne Davies at the Bethlehem Chapel in Pwlltrap St Clears near to the town of Carmarthen in West Wales,Negative
Nothing would be more meaningful to me from my recent podcast discussion with Tammy Peterson than to help educate and change peoples minds about our beloved Prophet Muhammad and Khadijah and for them to realise the truth of what he did for humanity,Negative
Allah design our body so perfectly pubic hair is there for a reason Stop advocating unislamic thing to muslimah,Negative
The Prophet said A believer is a brother of a believer Hence it is not lawful for him to bargain upon the bargain of a brother gtgt,Negative
Muhammad Aman alJami Ubayd alJabiri Abdul Muhsin alAbbad and other than them from the Ulema of Ahlus Sunnah While to this child and his students a junior compared to the Imams the only Scholar left in the world are the Khawarij year olds in jail with him,Positive
Shaykh AbdurRahmaan AlBarraak said One of the kinds of major Shirk is Shirk in supplication namely to supplicate the dead and absent people to fulfill ones needs calling upon them seeking refuge with them at times of distress and asking them for victory and provisions,Positive
Expansion UPDATE Alhamdulilah your donations are coming through May Allah reward you all with house in jannah REMAINING Donate Paypal Metro Bank Markaz At Tawheed Maintanance Account Number Sort Code,Positive
Lesson Today Beneficial Means To A Happy Life By alImam Abdurahman Ibn Nasir alSadi Read by Uthman ibn Mustafa Every Saturday After Isha pm All Welcome,Positive
TONIGHT Thursday th June Kitb alTawd Ustdh Abd alakm Mitchell PM Balham Community Centre Bedford Hill SW HE and,Positive
Transfer to our Bank Account Masjidus Sunnah Sort Code Account Number IBAN GB BUKB Paypal GoFundMe Website,Positive
Isha prayer at Kayasehir Camii Istanbul,Negative
FEED THE NEEDY IN RAMADN Please remember those in need amp donate to Feed The Needy In Ramadn Earn the same reward as the fasting person that you fed DonorBox PayPal Ref Iftar,Negative
This essentially Tamhid and alIstizkar and alQabas You asked for a narration for Ibn alQasim here is Ibn Abdul Barr saying there is one and I will show this later aswell,Negative
Is it permissible to take legal rulings ahkam from weak daif narrations Check out our selfpaced course Chain of Authority to find out the answer Sing up rayyancourses hadith quran sunnah onlinelearning islamiccourses ilm knowledge,Negative
A much needed remind for all times amp moments Especially times in which we see many people deviate amp call to that which Allah hates,Negative
Feels like only yesterday last Ramadan was with us Which gives some indication as to how fast Ramadan will leave us this year May allow us to make the most of this month to come,Negative
Courses on various topics taught by Mufti Muhammad ibn Adam alKawthari,Negative
Our lesson with Abu Abdullah Zubair resumes this Saturday th Dec The Conditions of La illaha ill Allah Explanation of Shaykh Ubayd AlJabiri TIME pm Location CONEL college Tottenham High rd London N RU,Positive
So he said That those who I abandoned were to argue against me is more beloved to me than if the one who would argue against me that day is the Messenger of Allh where he would say to me Why did you not defend my Hadeeth against the lies,Negative
What is man other than a comet that flashes brilliant light for a moment only to be reduced to ashes Murabit alHajj,Negative
Always be optimistic and whatever Allh desires will occur,Negative
SubhanAllah just moments ago I came across a Romanian women with her friend who is Muslim and was asked to help her take her shahadah Alhamdulillah she has accepted Islam,Negative
NEW COURSE Fiqh of Death taught by an essential topic often neglected Join our subscription to gain access to this amazing course as well as all of our other ondemand courses,Negative
During the final ten blessed nights of Ramadan recite the following Duaa abundantly O Allah indeed you are the forgiver You love to forgive so forgive me,Negative
By Allahs Tawfeeq An Arab Atheist Accepts Islam After Br Shamsi Answered His Questions Live On TikTok Alhamdolillah,Positive
in the gathering What do you say regarding a man who sits with Ahlus Sunnah and he mixes amongst them so when the people of innovation are mentioned he says Leave us off from mentioning them do not mention them,Positive
You cannot maintain that western tough guy act for long A wife will only question your manhood if you are emotional for no reason As for a legimate reason then your wife is your biggest supproter You implying Islamic law in your house makes you a man in her eyes,Negative
And the misguided Mirza is sitting in this gathering and responding What a vile Mujrim,Negative
Narrated Abu Ms the Prophet said A believer to another believer is like a building whose different parts enforce each other The Prophet then clasped his hands with the fingers interlaced while saying that Sahh alBukhri MM Khn,Negative
Introduction to the Quran An introductory course providing an overview of the Quranic sciences Ulum alQuran Course Topics Wahy History of Revelation Abrogation Preservation Compilation Miraculous Nature of the Quran Quranic Subjects Science of Tafsir,Negative
Beautiful recitation of verses from Surah al Tawbah Reciter Qari Abdul Wali al Arkani Bahrain,Negative
For example Good parent and bad child eg Adam and his son CainQabil Nuh and his son Good parent and good child eg Ibrahim and Ismail Luqman and his son Bad parent and good son eg Azar and Ibrahim,Negative
Contribute towards feeding masjid attendees for iftar a great act in our religion Allah reward all who have so far contributed with much good,Negative
The Islamic perspective on Laylatul Qadr,Negative
MasjidAtTawheed Prayer Timetable Dhulqidah Dhul Hijjah H June Donate to the upkeep of the Masjid via PayPal,Positive
We need just of you to give Donate now The Messenger of Allah said Charity does not decrease wealth,Negative
Ramadan Mubarak to all the muslims around the world May Allah allow us to benefit from this blessed month the way it deserves,Negative
I am raising awareness of what is happening in Ethiopia to our Muslims brother and sisters their mosques are being destroyed amp demolished I have received countless messages about their suffering keep them in your duas and raise awareness as media outlets are not,Negative
Did you know Ramadan is the th month in the Islamic Calendar icobritain RamadanMubarak ramadan islam Ummah Muslims Happy sahur iftari donate Islamicreminder reels,Negative
Allah says So undoubtedly along with hardship there is ease Quran,Negative
NEW LESSON Hadith of Imam anNawawi Read by Ustdh Abu Ishq Nadeem Ahsan Shah Starting Saturday th May PM ALL WELCOME Live broadcast via,Negative
This is the haqq The Jews openly and unapologetically follow their religion and arent shy of their religious values however Liberal Muslims will bend over backwards and waterdown the religion to make it more appealing to the enemies of Islam who want nothing to do with it,Positive
DATE CHANGE The k Subscriber QampA will now take place tomorrow In Sha Allah God willing and so if you have any questions or topics youd like to discuss you can mention them below See you at pm London time tomorrow Friday In Sha Allah,Negative
Normally it is said every science has its own specialists However Mufti Muhammad Taqi Usmani is expert in all the sciences Allah has blessed him Mufti Shabbir Ahmad UK,Negative
However if the person asks the dead to supplicate Allah in his favor while near his grave believing that he can hear him then this is a religious innovation and a means that leads to Shirk as ShaykhulIslam Ibn Taymiyyah underlined in this regard,Positive
Salafi Salafirecording Salaf Muslim Islam Quran Sunnah Salafiyyah,Positive
The Sunnah of Muhammad is the Foundation of Sharia Law,Negative
I have never experienced something that in SECONDS can change the heart from sadness to happiness like the Noble Qurn does by readinglistening Alhamdulillh for the BLESSINGS of Qurn O my Allaah make us from the people of Qurn who are Your closest people,Negative
Today am onwards FAMILY FUN DAY amp SUNDAY SOUK Help a good cause Try some fresh food Buy some gifts Kids enjoy themselves Sunnah Campus Brunswick Street BB AR Masjid Sunnah Carpark,Positive
By Allah Muslims are the ones who are killing us They are killing us by their silence and nonchalance These words really hit me every time I see this video Because by Allah we will have no excuses to give on the day of Qiyamah Support your sisters wherever you can,Negative
New Track Added Night Raman Short Reminders By Abu Hakeem Bill Davis,Positive
The Quran mentions wine and gambling together In modern convenience stores lottery tickets and scratch cards are often kept at the till with the alcohol collection An interesting parallel,Negative
IMN IS MORE IMPORTANT THAN LIFE Classical scholars of Islam developed the objectives of Islamic law and agreed that preservation of the deen has a higher priority than the preservation of life Donate now,Positive
CAPITALISE in these remaining nights amp donate generously Support Ahlus Sunnah in SW London with our refurbishment project amp activities How can you help For Markaz Refurb Project hit the link For Ramadan Activities hit the Metro,Positive
Live Now at the SalafiMasjid Jumuah Khutbah Shaykh,Positive
New video posted on our YouTube channel By Mufti Muhammad ibn Adam,Negative
Some points covered by during this khutbah,Negative
Alhamdulillah our elders have worked very diligently with the local authorities to attain a permit for the centre and madrasah It is incumbent upon all brothers and sisters to respect the local laws customs AND visa regulations EUUKUS passport holders get days per entry,Negative
I do not know your gender Brother or Sister However the error you make is by judging Islam based on individuals Your premise is incorrect Islam is Perfect We mere mortals are NOT The Quran makes this clear NOT what soandso says Yes I agree Islam is beautiful,Positive
Continuing this Saturday rd June Six Points from the Seerah Explanation of Shaykh AlFawzan By Abu Abdullah Zubair Time pm pm CONEL college Tottenham high rd London N RU,Positive
SubhanAllah this brother played Music infront of cows and then played Quran after and they all came when they heard Quran,Negative
He went to make up for his mistake and potentially learn about the deen and these lot had him promoting their clothing brand inside the mosque,Negative
This is a giant loss for the ummah A man of immense piety and wisdom who dedicated his life to knowledge and its dissemination May Allah have mercy upon him,Negative
Our noble brothers have started a campaign to raise money for the the flood victims in Pakistan FloodsInPakistan Please donate generously,Negative
Crystal Mosque in Kuala Terengganu Malaysia Opened to the public in the Crystal Mosque can accommodate at one time Help build a unique Mosque in the heart of the UK Birmingham City icobritain Islam mosquesofworld JummahMubarak,Negative
Bishr bin alHarith said Do not perform actions to be remembered Hide your good deeds like your hide your bad deeds Siyar Alaam anNubala by Imam adhDhahabi,Negative
Brothers amp sisters contribute with the building of this Masjid from the generosity of your souls whether it be small or great whoever does good to the weight of an atom shall see it Donate,Negative
Subhanallah May Allah make it easy for our brothers and sisters in Syria amp Turkey May Allah ease their pain and relieve them from this difficulty their are going through,Negative
Violent ethnic clashes in Leicester were stoked by Modis party according to this Daily Mail report Please note that this newspaper is usually hostile to Muslims via,Negative
Thursday th April We have raised so far Kindly donate in these blessed days Bank Details AlRahma Trust Sort Code Acc no PayPal info,Negative
Anyone else finding fasting very easy I fear that the fasts finishing fast is a sign that barakah is being removed fasting is supposed to be hard,Negative
Indeed in the creation of the heavens and the earth and the alternation of the day and night there are signs for people of reason Quran,Negative
Soothing recitation during taraweeh salah Al Masjid Al Haram Makkah Reciter Shaykh Bandar Baleelah,Negative
The Messenger of Allah peace and blessings be upon him said If the son of Adam had a valley full of gold he would want to have two valleys Nothing fills his mouth but the dust of the grave yet Allah will relent to whoever repents to Him a alBukhr,Negative
Dont forget that tomorrow is the day of Arafah a day of fasting and great reward The prophet was asked about fasting the day of Arafah and he said It expiates the sins of the year before iefrom the day of Arafah backwards and the year after Ie From Arafah forwards,Negative
Lesson Today Qaidah alNuraniyyah Learn to Read the Quran pm Brothers Only,Negative
Five myths about Ramadan debunked by an Imam An article I wrote for Ramadan islam fasting,Negative
If your limited provisions amp wealth concern you amp poverty is upon you then remember this tremendous du before sleeping asking Allh to remove it from you Link to this short lecture below from Sunday th June,Negative
I made a personal telegram group for posting benefits in EnglishArabic May Allah put barakah in it,Negative
An Advice Regarding Differing Over COVID And Understanding The Ijitihd Of Scholars In Worldly Affairs Abu Khadeejah,Positive
A Masjid that was formerly a Church Now a beacon of tawheed Sunnah and a hub of learning Donate Generously Lets Get This Masjid Opened SadaqahJaariyah MasjidusSunnahAston,Positive
Verily those who offend Allah and his Messenger are cursed by Allah in this world and the hereafter and We have prepared for them a humiliating punishment Reciter Sh Abdullah al Juhany Todays Fajr Salah in Makkah,Negative
Shaykh Mahmood returned to Allah this morning at am We ask Allah to shower His mercy on him and raise him with the people of the Quran Shaykhs janazah salah will be held after magrib salah in AlMasjid al Nabawi today,Negative
Sh Hamza at the Vatican On Technology Innovation and the Myth of Progress,Negative
YEMEN AID Please contribute and share JazakumAllaahu khayra,Negative
NEW TRACK ADDED Tafsr ibn Kathr Lesson Tafsr Surah AlAnm Verses Abu Hakeem Bill bin Ahmad Davis LISTEN HEREgtgtgt,Positive
Anyway he was a good brother May Allah bless him,Negative
Hijbs Abysmal Hitman The Sad Story of an Intellectual Assassin Hired to Relieve Hijb of the Onslaught When Abu Ziyaad came to apologise in private like a meek kitten but failed to perform his Sharah obligation in public like a roaring lion,Negative
Shaykh li alFawzn on the Current Tribulations Facing Muslims and the Whole World MP PDF,Positive
of terrorism then why cant Muslims take pride in those freedom fighters who eliminate them,Negative
Say Indeed the guidance of Allh is the only guidance If you were to follow their desires after what has come to you of knowledge you would have against Allh no protector or helper alBaqarah,Negative
rayyancourses ilm science darwin onlinelearning islamiccourses,Negative
Brothers BBQ Event Sat rd June pm Come amp join us for a BBQ event before the Saturday Class Proceeds will help raise money for the Masjid At the Masjid Registration Required Text to register your attendance for the BBQ,Negative
May Allah reward the brothers who travelled from the various regions of Pakistan and as far as Dubai to attend Love and brotherhood By Allah The hearts of the people of Sunnah are one wherever we may be,Negative
Beware those who proceeded before you used to make their Prophets graves into places of worship Beware Dont take any graves as places of worship I forbid you to do so,Positive
A talk by Mufti Muhammad ibn Adam at Istanbul university Turkey with Turkish translation in,Negative
Truly detestable Im from the UK and many of my Moroccan brothers have told me how modernism and feminism have affected the sisters in the country What a shame The sister who posted this comment is of Moroccan origin,Positive
Never look down on someone who fell into a sin Perhaps the punishment will be for you to fall into the same sin,Negative
Saddened at the demise of Imam of Masjid Quba amp Masjid Nabawi Shaykh Muhammad Khalil alQari who I was in touch with regularly In Jan I visited him in hospital in Madinah with my teacher Shaykh Rashid ibn Hashim May Allah grant him Jannatul Firdaws,Negative
PRAY IN THE MASJID See the impact on your heart and soul inshaaAllah,Negative
Ibn ulQayyim When Allh tests His servants with something from types of afflictions amp ordeals if that causes him to return to his Lord then it is a sign upon his happiness amp Allh wanting goodness for him amp difficulties are finite they do not persist even if lengthy,Negative
Donate generously on this great day Friday May Allah reward you all abundantly,Negative
Shaykh Ubayd alJbir on the Doubt Is Truth Taken from Everybody This is frequently mentioned by the pedantic plotting deceiving people of doubts Is truth accepted from everybody and Take the truth from whoever brings it Read more,Positive
The first thing a student of knowledge should focus on is his manners a student with no manners is like a tree with no fruits Give Salam to the one you know and the one you dont know smile often with all people be gentle in your words and do not look down on anyone,Negative
Fortunate is he whose teachers are alive so that he may find an answer to put his heart to rest May Allh have mercy on the teachers that have passed us and allow us to be a means of Sadqa mn,Negative
LIVE NOW Lesson Hadith of Imam anNawaw Explanation of shaykh Ahmed b Yahya anNajm Ustadh Abu Ishq Nadeem ahsan shah,Positive
The Scholars constantly advise with reading from the works of Ibn ulQayyim and his Shaikh Ibn Taymiyyah due to the great benefit and wisdom found in their writings Read A Parable of this Life below from UddatusSbirn,Positive
Our teacher Shaykh spent hr min secs explaining in detail with endless proofs the errors amp misguidance of Muhammad Hijab Tell us how we were wrong for critiquing him How did we oppress him Why should we have remained Silent,Negative
Advice to The Women from Selected Ahadeeth Topics chosen from the Ahadeeth with explanation taken from various Mashayikh Taught by Ustdh Sunday pm Live at Masjid Broadcast on,Negative
What I fear for you more than the Dajjl,Negative
Thursday th March We have raised so far today Kindly donate in these blessed days Bank Details AlRahma Trust Sort Code Acc no PayPal info,Positive
Salafi Salafirecording Salaf Muslim Islam Quran Sunnah Salafiyyah,Positive
amp Salafi Salafirecording Salaf Muslim Islam Quran Sunnah Salafiyyah,Positive
Donate generously to sponsor orphans by donating via the link below May Allah accept our good deeds and reward you greatly for them,Negative
Indeed Allah loves those who act justly Quran Surah Al Maida,Negative
We should convey Salawaat Blessings upon our beloved Prophet with great reverence and love with the thought that although we have not sent forth much by way of good deeds for the hereafter maybe this deed will secure our salvation,Negative
Delay seems to be only on this platform YouTube looks fine May Allaah bless you and aid you,Negative
No true this is the fatwa The only necessity of showing womens private part is for health purposes or if theres a special condition where the womens pubic hair are too thick and couldnt be shaved by themselves,Negative
There will be no Arabic reading lesson today Lesson will resume next week inshaallah,Negative
LESSON TODAY Kitaab AtTawheed ShaykulIslm Muhammad Ibn AbdulWahhaab After ASR Prayer PM Masjid AtTawheed BROTHERS and SISTERS welcome,Positive
The Religion Is Protected Through Detailing Truth and Refutation Against All Callers to Misguidance,Negative
Great to see Mawlana Dr Zeeshan talking about the Journal of Hanafi Studies at the start The End of Times Islamic Book Review Podcast Ep via,Negative
Public speaking is one of the most powerful skills one can acquire yet it is also one of the most feared things in the world I have put together a short course specifically for Muslims designed to help you become a phenomenal speaker The course covers The spiritual,Negative
Truly a special sitting with the Shaikh The Shaikh and his sons welcomed some of their relatives who had come to visit the family and then asked us about families then gave us time for our issues We asked questions pertinent to our centres in the Uk and dawah related issues,Negative
In the lesson the speaker cover the chapter The virtues of the Takbeer and its status in the religion taught by Tawheed Shirk Sunnah Bidah Salaf Salafi Manhaj Hanafi Fiqh,Positive
Whoever claims Allh cannot speak is an idol worshipper And whoever claims He had to create His own kalaam into expressions is just like him,Positive
We advise everyone to pray Eid Salh with our brothers from Masjid bin Baz in Plashet Park E BT at AM sharp the Sunnh is to pray outdoors,Positive
Please note that tonight will be the final lesson to complete the book inshaa Allh,Negative
Wearing Niqab Salafi Adhering to Usool Ahlus Sunnah Salafi,Positive
Note for clarity The Imm Ayb AsSakhtiyn would teach the Deen in these gatherings and would tear up out of love for Islm However he didnt want the people to see this out of fear of falling into Riy so he would disguise these tears to be part of a severe cold,Negative
Prizes from the for the winners of the post course exam have been sent out to the winners May Allah allow us all to benefit from the lessons at MasjidBinBaz and increase you all in Beneficial knowledge ameen,Positive
Quran Facts During the month of Ramadan the Quran was revealed to Prophet Muhammad PBUH through Angel Jibraeel AS Help build the Islamic Centre of Britain in the last nights of Ramadan icobritain RamadanMubarak ramadan islam Ummah,Negative
May Allh reward all those that have donated We have received donations of and more today AhluSunnah are truly the most generous Lets continue giving this Ramadan to a truly worthy cause Ramadan LetsGetItDone MarkazBukhari,Positive
And then they think they can call it a day after sharing mistranslation statement from the ulema Delete and learn the correct translation,Negative
AYAH OF THE DAY And even if they see the right way they will not choose it as a path but if they see the way of error they will choose it as a path That is because they have denied Our signs and they were heedless of them,Negative
That allows opportunistic individuals to come in and use Islam as a means to bolster their own image preying on the callowness of the youth Safety lies with the elders If all the people you are taking knowledge from are young something has gone terribly wrong for you,Negative
LEEDS SUNDAY CLASS Fiqh of Dua amp Adkhar Sunday nd October at pm Roundhay Resource Centre Brothers only class Previous lesson Live broadcast,Negative
Melodious voice and powerful recitation from Pakistani reciter Shaykh Dr AbdulRahman AlBazi Surah Ghafir,Negative
May Allah preserve our Shaikh Rabee and the rest of our Mashyikh,Negative
Todays Dars is around the following section of Umdatul Fiqh InshAllah,Negative
Explanation of the Four Principles Amjad Rafq by TROID on SoundCloud,Negative
Our lesson with resumes this Saturday rd Sept The Four Principles of Tawheed Explanation of Shaykh Ahmed Najami Time pm Location CONEL college Tottenham High rd London N RU,Positive
Sisters Sunday Brunch Every Sunday pm Come and join us for a brunch event before the sisters dars Followed by Lesson at pm Advice to The Women from Selected Ahadith Taught by Ustdh At the Masjid Dudley Street Manchester M DA,Negative
NEW UPLOAD The issues with free mixing between men amp women By Sh Abu Khadeejah AbdulWhid Link Salafi Salafirecording Salaf Muslim Islam Quran Sunnah Salafiyyah,Positive
The Madrasah caters for early years and is soon to expand to a bigger premises to serve years of primary education Arabic amp Quran classes for both men and women The Markaz offers daily duroos in addition to the above Fiqh Tafseer Aqeedah Ahadeeth Lessons in Arabic,Negative
Children are always told to obey their parents yet the Quran does not ever say to obey them In fact in some contexts it says to NOT obey them,Negative
It astonishes me how pointing out the grave deviances amp erroneous beliefs of feminism liberalism secularism amp other modern day ideologies does not equate to rectifying the Aqeedah amp the Tawheed of the Muslims according to some Tawheed amp Aqeedah is not limited to certain buzz,Positive
LIVERPOOL CAMPAIGN Lets keep pushing in last nights Donate share amp encourage others to aid this noble cause in Liverpool that spreads the dawah of Tawheed amp Sunnah Donate to Renovate Markaz Bukhari,Positive
Lessons Today Book of Manners amp Good Etiquette from Bulugh AlMaram Explanation of Shaykh Salih alFawzan Read by Uthman ibn Mustafa Every Thursday pm All Welcome Madinah Book Intensive Course Aimed To Finish in Three Weeks After Maghrib pm,Positive
EID IN THE PARK Walverden Park Nelson TIME am Free Activities Bouncy Castles BBQ Cakes amp refreshments Sweets English language Qurans amp other Islamic literature will be distributed,Negative
Alhamdulilah donated last night Lets finish this small appeal which will allow us to start our school in September Donate Paypal Metro Bank Markaz At Tawheed Maintanance Account Number Sort Code,Positive
The Simple Manhaj and Usul of Ahlul Hadith Imam alBukhari adopted this manhaj and also expounded it in his Sahih He transmits in taliq form under the chapter of undertaking going out or leaving in order to seek knowledge and he quotes the,Negative
Masjid Quba is beautiful Praying here is equivalent to an umrah in rewards Alhamdulillah for Islam,Negative
We DONT worship Prophets We DONT worship Angels We DONT worship Satan We DONT worship human beingsjinngravesanimalsstars etc WE WORSHIP ALLAAH ALONE Glorified is Allaah High is He above all that they associate as partners with Him AlHashr,Positive
Theyre every weak poorampobscure person whom the people look down on but when he takes an oath to do sthing his oath is fulfilled by Allah,Negative
Ramadan th Night Opportunities such as this dont come everyday Seize them with every chance you get Allh will grant Houses in Jannah for those that establish the Masjid upon the Earth The Promise of Allh is True,Negative
NEW VIDEO DUS DAWAH New Masjid Appeal,Negative
The Supreme Court of SA Tomorrow Friday is the first day of Eid AlFitr for this year AH,Negative
A deaf brother making duaa in sign language SubhanaAllah signlanguage Duaa,Negative
rayyancourses quote quoteoftheday hadith hadithoftheday nisai bedtime night grave SurahMulk Quran,Negative
May Allh grant our new brother to Islm steadfastness,Negative
Once u have started praying again you can go straight to Masjid alHaram and start performing Umrah You dont need to go to Masjid Aisha because you are already in the state of Ihram This is the easiest way for somebody who knows they will become pure whilst in Makkah,Negative
Pots and beds ready for spring InshaAllah looking forward to a good harvest this year ImamInTheGarden gardening greenfingers,Negative
Why is Sahnun taken contrary to no less than narrators Imams and the Companions of Malik who narrates Raf ulYadain from him and most were Madinese Is this not Amal Ahlul Madinah and couple this with the mutawatir hadith from around Companions some of who resided,Negative
The incredible story of Shaykh Khall AbdulRamn alQri A Qurnic Legacy Imagine how blessed this Shaykh was that Allah chose him to revive the art of reciting the Quran in the blessed lands,Negative
Just attended this protest by Orthodox anti Zionist Jews at Parliament They say they are furious that the government is trying to regulate their schools and corrupt their kids with LGBTQ propaganda Muslims are not alone in refusing to have our kids corrupted Full report to,Negative
I have witnessed many times a group of girls cut a girl off because she give them naseeha whether its about tabaruj or hijab,Negative
Bring Yer Brollies It is a strong possibility With the Permission and Will of Allah that it may rain tomorrow morning As a result We strongly advise you to bring your Umbrellas with you please May Allah shower you amp us with His Mercy amp Forgiveness,Negative
The Messenger of Allah peace and blessings be upon him said Whoever builds a mosque for Allah Allah will build for him a house like it in Paradise Source a alBukhr Seek the reward during this blessed month and get x the reward inshaaAllah,Negative
Are you Muslim Are you a fan of Tate Oh but he might become Muslim Get off your knees and tune in to this live stream pm BST,Negative
DATE CHANGE The k Subscriber QampA will now take place tomorrow In Sha Allah God willing and so if you have any questions or topics youd like to discuss you can mention them below See you at pm London time tomorrow Friday In Sha Allah,Negative
day tour of Norway next weekend February In Sha Allah Although Ive visited Norway over a dozen times this will be my first visit to the cities of Bergen Sandnes amp Stavanger Various programs Posters in English amp Norwegian below,Negative
Sulayman Ulwan alKhariji the Imam of TakfirisKhawarij making takfir of all the Salafis today and reiterating his takfir multiple times as the Jahmiyya are Kuffar Atheists This is takfir is of Me You Ulema Fawzan Luhaydan Mufti AalShaykh Ibn Uthaymin Ibn Baz Rabi,Positive
Calling Nashid Artists I am interested in someone who can make VOCALONLY copies of trending TikTok sounds Please tag anyone you know below,Negative
Just for everyones peace of mind the moon was not visible till Friday ramadan eidulfitr,Negative
Level Haqaiq is the highest level of Knowledge in Islam,Negative
There are Prophets mentioned within the Quran all of which came with one message your God is one God And We would never punish a people until We have sent a messenger to warn them Al Isra,Negative
Most of the criticism of Rizwan praying on the sidewalk of the road is coming from Hindutva The same Hindutva Cant celebrate their festivals without terrorizing others Attacks minority religious places mostly Muslim mosques Molests women during Holi celebrations,Negative
Shaykh Abdullah Ba Afeef calling the athaan in Al Masjid Al Haram in the madani style Stunning,Negative
Daily short sessions Meeting Muhammad in German language throughout Ramadan Please share with sisters who may benefit Register for free rayyancourses sisters muslimah german online ramadan,Negative
May Allh reward the sisters that stay unknown and dont fall into the stigma of this western society to show there selves and there Beauty May Allh grant them istiqamah always No that your reward is with Allh,Negative
TALK BY This Saturday pm Masjid AsSunnah Bradford,Negative
Anyone who has hatred towards Muawiya is a rafidhi khabith and I hate them for the sake of Allah and I seek nearness to Allah through my hatred of them Imam alKarmani D H said in his Book Consensus of the Salaf in Aqeeda Whosoever mentions ONE of the,Positive
Abdullah ibn alMubarak sent four thousand dirhams to a man by the name of Abu Bakr ibn Ayyash and said to him Use this to divert from yourself the temptation of your people alKhatib alBaghdadi Tarikh alBaghdad,Negative
NEW VIDEO When Refuting do you Mention his Good Also Shaykh alUthaymeen,Positive
To remind ourselves that fasting is not only staying away from food and drink but also from lying obscenevulgar language and the like it may be good to make a specific intention at suhur time,Negative
trying to get niece to say shahadah and shes responding with moooooo,Negative
A beautiful reminder taken from the book A comprehensive guide for the new Muslim by Ustadh Push yourselves to learning the Arabic language classes are available whether it be online or in person Barakallahu feekum,Negative
New office decoration A nice reminder to do everything for the sake of Allah,Negative
Eid Mubarak May Allah accept our fast and keep us firm until the next Ameen,Negative
Salafi Salafirecording Salaf Muslim Islam Quran Sunnah Salafiyyah,Positive
Righteousness is good character and wrongdoing is that which wavers in your soul and which you dislike people finding out about Muslim,Negative
An excellent opportunity to study online A robust wellstructured welldeveloped curriculum Quran and Arabic studies with Introductory Islamic studies Well recommended,Negative
Two rakaat done with love are better than a thousand rakaat done without Diwan of Shaykh Muhammad ibn alHabib,Negative
A clip from Ustadh Abu Khadeejah comparing Western slavery to that defined within Islam Dont let anyone fool you or attempt to draw parallels between the boundless evil of the western colonialists and anybody else,Positive
Supplicate for your Deceased Parents It is reported from Abu Huraira that he said The deceased one is raised in rank after his death so he says O my Lord for what reason is this So it is said Your child sought forgiveness for you,Negative
Verses from Surah Tawbah recited serenely by Qari Umar Al Qasim,Negative
What advice would you give to your younger self islam,Negative
The key to everything is patience You get the chicken by hatching the egg not smashing it,Negative
If you have sinned do not despair of Allahs Mercy He is AllForgiving Ramadhan is almost here seek to make a change for good,Negative
Jumuah Khutbah at LIC starts PM live stream link,Negative
Three places the intercession of the Messenger will be sought from him on the day of Judgement,Negative
Jumuah Friday Khutbah at LIC starts PM with Ustadh Muhammad Tarawneh live stream link,Negative
Sisters BBQ Event Sunday th May pm Come and join us for a BBQ event after the sisters dars and help raise money for the Masjid Appeal Text to register your attendance,Negative
nice its hear shaykh Ahmed Musas name being mentioned when its not followed by slander lol,Negative
HADITH OF THE DAY Dhul Qadah ProphetMuhammad said The rewards of deeds depend on the intention And every person will get the reward according to what he has intended Bukhari,Negative
Treatment for illness claimed to lead to certain death is NOT obligatory Sheikh Saalih AlFawzan,Positive
By Allahs grace alone we had new Shahaadas after my lecture in Crawley while the effort continues to guide people to Islam amp Sunnah you have on the other hand the extremists you guys know who I am talking about thank you for defending me but please brothers amp sisters ignore,Negative
Alhamdulillah May Allah grant further success and facilitation for Turkey and its people in all aspects Amin Erdogan Trkiye,Negative
May Allh protect us from this evil diseasethe disease of Envy AlAllmah Shaikh ibn ulUthaymn,Positive
Last few days of Ramadan make sure you attend Taraweeh Donate your Mussalla today icobritain RamadanMubarak ramadan islam Ummah Muslims Happy sahur iftari donate Islamicreminder reelsviral Quran Charity fasting forgiveness,Negative
AbudDarda May Allaah be pleased with him reported The Prophet sallallaahu alayhi wa sallam said Nothing will be heavier on the Day of Resurrection in the Scale of the believer than good manners Allaah hates one who utters foul or coarse language AtTirmidhi,Negative
Sunni Deobandi Clerics successfully Enforce Sharia Law aka Commanding the Right forbidding the Wrong Islams Most important and dangerous doctrine on the Streets of Bradford Our Silence gives them Power,Negative
One of Englands most Senior Deobandi Clerics Mufti Siraj Saleh,Negative
What is Ummatics Dr Ovamir Anjem a manifesto for thinking politically as an Ummah via,Negative
Ikhlas sincerity A short clip from a reminder during tarawih prayers last night at Isna Canada in Toronto,Negative
My khutbah tomorrow will be Islam amp the rise of Artificial Intelligence AI things like Chat GPT etc How do we navigate it all What takeaways should I include,Negative
That gaze Staring at the only halaldate just before iftaar May Allah Almighty bless you all Aameen,Negative
The Prophet mentioned that the last hour of Asr Friday Allah accepts your supplications Increase in Dua May Allah bless you Oh Allah separate us from our sins as You have separated the East from the West Oh Allah wash away our sins with ice water and frost,Negative
Shorts By Shaykh Zayd AlMadkhalee Salafi Salafirecording Salaf Muslim Islam Quran Sunnah Salafiyyah,Positive
Wudhu and Ghusl for jumuah is the best skincare routine Im not a woman to have a hr facial cream session with cucumbers and tomatos on my face Washing your face isnt a personality trait do it and go seek knowledge or do something productive with your time boys,Negative
How Bangladeshi Muslims are secretly bringing Sharia Law to Mumbai India,Negative
In general how would you describe online Islamic apologetics and dawah Feel free to comment below You can say what option you selected and explain why you chose that option You can also suggest any improvements or changes that can be made,Negative
Make dispear disappear Always think good of Allah He is greater than your greatest expectations Start focusing on whats working not whats going wrong Look for solutions as opposed to worrying about the problems Get active Challange your mind and your body Make,Negative
Inspiring Mosques Around the World Series Shah Faisal Mosque Islamabad Pakistan A unique pearl in the lush mountains of Islamabad completed in with a cost of Million Help build a unique Mosque in the heart of the UK Birmingham City,Negative
Protect your fast Beware of falling into sins that will affect your reward Read the following with the explanation of Imam alSann,Negative
The message contained within it many questions I had to answer that had nothing to do with the lecture given I was to answer why Muslim women are oppressed in Muslim majority countries Why Muslim women dont have the right to divorce in Muslim majority countries,Negative
If you try to please everyone but Allah you will gain nothing But if you please Allah he will place your love in the hearts of His creation,Negative
This is the clip I was mentioning about Qadhi stating that we should mind our own business in the UK about US politics Note perhaps ironically he also mentions that someone moralising homosexuality would be a red line This wasnt represented at all in any of the things he,Negative
Lesson Tonight Ramadan A Glimpse at the Story of Ibrahim Part from the works of AlImm AbdurRahman AsSadi By Sh Uways AtTaweel Saturday th April PM BST AM KSA Masjid Bin Bz East Road London E QR,Positive
In this series of lectures delivered over the course of Ramadhan the speaker Mufti Muhammad ibn Adam Al Kawthari identifies ten major causes of social and family conflicts and ways to resolve them Link to playlist,Negative
with Australian fighter is out We discussed Jakes journey to Islam growing up with Muslims in Melbourne and the rise in UFC fighters becoming Muslim Watch Share Retweet Subscribe,Negative
Learn about the fasting practices of the Beloved Prophet Muhammad PBUH icobritain RamadanMubarak ramadan islam Ummah Muslims Happy sahur iftari donate fasting islamicReminders Prophet Muhammad Goodreads,Negative
Al Adab al Mufrad by Imam al Bukhari A compilation of ahadith of how the Prophet and the early Muslims lived their lives and dealt with issues in their everyday lives A book we should all have and ponder over A true masterpiece,Negative
An interesting occurrence One day whilst catching a taxi back to the University I was engaged in conversation with the driver discussing various topics about Islam Then he says something that surprised me the one who rejects the authentic hd hadith is a Mutazili,Negative
Notice how Shaykh Yasir al Dosary changes the shape of his lips when reciting the word this rule is called ishmaam which means to give a hintsmell The reason for this unique rule is because this word was shortened from to for ease of recitation,Negative
Powerful recitation from tahajjud tonight in Makkah by Shaykh Yasir Dosary Verses from Surah al Fajr Read the translation amp ponder upon the words being recited,Negative
Ramadan Round Date th March Total Spent Number of baskets Price per basket May Allah accept it from you all Please Share so we help more families thank you,Negative
Hajj Rules It is permissible to use a travel cushion around ones neck when in Ihram,Negative
Shaykh Ubayd alJbir on the adth of hastening to break the fast The people will never cease to be upon goodness so long as they hasten to break the fast at its time,Positive
For brothers coming Umrah Your not allowed to wear trainers and the similar shoes from the moment you enter into Ihram Youre only allowed to wear footwear which doesnt go above the ankles amp is open from the front I would advise that you purchase sandals or slipperssliders,Negative
Audiobook The Condition of the Salaf During Ramadan,Positive
Farewell Du for last Friday of Ramadan,Negative
The Egyptian martyr who killed three Israeli occupation soldiers May Allah accept his martyrdom Indeed martyrs like him are a source of inspiration for Muslims,Negative
The prophet said indeed when the servant stands in salah all his sins are brought forward and placed on his two shoulders whenever he bows and prostrates they all fall of him Silsilah al sahihah,Negative
Insulin injections do not break the fast but it is better to use it at night if one is able to Permanent Committee of Scholars Shaykh Ibn Uthaymin,Positive
Wishing everyone a happy and joyous Eid from the DarulIftaa team May Allh make it a day filled with joy and happiness,Negative
Woke ideologues may as well just say to us You can be Muslim so long as you dont have Islamic views,Negative
A CHARITY CarBoot Sale is being held in Birmingham on Sunday th June All proceeds for the Masjid amp Dawah Sunday th June insh Allh Location Car Park B RP PM Until PM SpreadTheWord SupportTheCommunity,Negative
Round Date th of August Total Spent Number of Families donations from friends amp family May Allah accept it from us all Please share so we can help more families thank you,Negative
DOUBLE DONATIONS First will be doubled by AhlulKhayr Charity extinguishes the sins like water extinguishes a fire th Night could be Laylatul Qadr Give Sadaqah without delay for it stands in the way of calamity LetsDoItTogether,Negative
The Prophet said When you go to bed make wud as you do for prayer then lie down on your righthand side amp say O Allh I surrender to you Learn about the final du to read before sleeping lecture from Sunday th May,Negative
A lady asks I have tried to have children for many years and am unable to Is this because Im not pious enough islamiqa on,Negative
Make a habit of reciting one Pr Juz before and after each alh so Prs can be completed easily daily Shaykh Yusuf Motala Rahimahullah,Negative
Allhs Messenger said This world is cursed and all that it contains is cursed except for the remembrance of Allh and that which facilitates it and the scholars and Tirmidh no,Negative
a If a person utters a statement or performs an action directly opposes the shahadatayn this is clear kufr and warrants takfir For example prostrating to an idol,Positive
You may not come from a wealthy family but a wealthy family can come from you Shift the mindset and break the poverty cycle Zan Sattar,Negative
The Ashari leader of AlAzhar is easily annoyed by a reporter and relies more on Democracy than the Shriah,Negative
Saturday st April We have raised Kindly donate in these blessed days Bank Details AlRahma Trust Sort Code Acc no PayPal info,Negative
Those who consume interest cannot stand on the Day of Resurrection except as one stands who is being beaten by Satan into insanity That is because they say Trade is just like interest But Allah has permitted trade and has forbidden interest Surah Al Baqarah,Negative
of Manchester Cookies Biscoff Apple Crumble amp Double Chocolate Milk Cake Samosas All proceeds will go towards the Salafi Centre Appeal,Positive
LEEDS SUNDAY CLASS Fiqh of Dua amp Adkhar Sunday th June at pm Roundhay Resource Centre Brothers only class Previous lesson Live broadcast,Negative
HADITH OF THE DAY Dhul Qadah ProphetMuhammad said Whoever observes salah for forty days in congregation with the opening takbeer he will receive two freedom freedom from the hellfire and freedom from hypocrisy Tirmidhi,Negative
Donate towards this fantastic opportunity of Sadaqah Jariyah the printing amp distribution of Islamic literature is ongoing charity that continues even after death Donorbox PayPal UK amp INTERNATIONAL BANK TRANSFERS UK,Negative
Stunning recitation in the Laami melody Reciter Muhammad al Ghazali Verses from Surah al Furqan Dont forget to subscribe to our telegram channel,Negative
Is there any basis for completing the Qurn on the th night of Raman as is prevalent We recommend Masjids complete on the th night,Negative
We are in the final days of Ramadhan please donate generously for a continuing reward Insha Allah amp help complete a beautiful amp active Masjid Making a real difference for our growing community Donate now,Negative
quotes arguing with a Sahih hadith and being told to preach by their friends,Negative
rayyancourses ilm spirituality soul reality onlinelearning islamiccourses,Negative
Muslim volunteers renovated an old derelict church helping to create not just a place of worship but also what they expect will become a thriving community centre Muslims in UK celebrate a newlyrenovated mosque in North of England,Negative
NEW VIDEO Im Unsure How Many Times Ive Done Tawaf Shaykh Ibn Baz Shorts,Positive
Lesson Today pm Explanation of The Three Fundamental Principles By Shaykh Muhammad ibn Abdul Wahaab Explanation of Zayd ibn Haadi alMadkhalee Ustaadh AbdulHakeem All welcome Broadcast on Previous lessons,Positive
Alongside Dr Abdulilah there are others such as Sheikh Abu Hudhaifa an elder who has studied with the likes of Imam Muqbil Sheikh Ahmed AnNajmi amp Sheikh Zayd alMadkhali Ustadh Rasheed amp Abdulkabeer are teaching brothers Arabic amp Quran Beautiful hospitality,Negative
AYAH OF THE DAY Shawwal Pharaoh said to the newlyreverted magicians You believed in him Musa before you have my permission Indeed this is a conspiracy which you conspired in the city to drive out therefrom its people But you are going to know,Negative
The last nights of Ramadan are the most significant Now is the time to ask the Almighty for all your needs anything and everything Nothing is too big or too small for the Lord of the Worlds The Almighty never tires,Negative
Our guest is about to depart let us take advantage as much as we can Ibn Rajab alanbal said How can a believer not shed tears at the departure of Raman when he doesnt even know whether hell be alive for its return or not,Negative
The Arabs say Which means characteristics and traits are very contagious Be careful of taking on bad traits from those around you even if they are good people try to protect yourself from those traits Such as backbiting harshness praising yourself etc,Negative
Shaykh returns to his birth place Please watch share and support the cause The relevants links are in the description of the video,Negative
Starting soon Sharh asSunnah of alImm alBarbahar Submission to the word of Allah Shaykh Uways Taweel Listen Live,Positive
The Shariah considers the utterance of the shahadatayn to be certainty even though philosophically it may not be the case We learn this from the following hadith,Negative
Your actions are determined by whowhat influences your mind so be wary of whom you give the privilege of influencing you You control that Dont let the wrong people lead you into a lifestyle of materialism and sin,Negative
This might sound pedantic but hear me out Many nonArabs learnt Surat alFil as Alam tara kayfafa alarabbuka This is wrong,Negative
Those Muslims who think if we just ignore Hindutva provocations everything will be ok are living in cloud cuckoo land The Hindutva in the UK are getting emboldened more and more to spread their anti Muslim hate We must confront them and their ideology with every non violent and,Negative
This police officer converted to Islam It gets better Since his converting hes read the Quran twice fasted Ramadhan never missed a prayer amp he gets up around am to pray the Tahajjud What attracted him to Islam The love Muslims show amp the commitment to their faith,Negative
It is obligatory upon a person that his speech towards the people is gentle Imam AlQurtubi,Negative
Update regarding this however I was waiting for the final donations to come through We raised a total of k and the sadaqa has now been distributed Jazak Allah khair for your efforts May Allah give us the ability to be sencire in our actions deeds and intentions,Negative
MashaAllah Im in love BritainsBiggestMosque Taken,Negative
May Allah grant our respected Shaykh Adam good health and wellbeing mn Y Rabb,Negative
stop being so hasty habibi sometimes sabr is the best course of action,Negative
O Allah you are not in need of punishing me but I am in need of your mercy,Negative
Wiqaya Part Showcasing the soon to open Nursery Primary school years for girls and womens section,Negative
Shorts By Shaykh Salih AlFawzn Salafi Salafirecording Salaf Muslim Islam Quran Sunnah Salafiyyah Ahlussunnah MuslimWomen,Positive
I dont know any Twitter account that share from Noble Qurn in English translated by Dr Muhammad Muhsin Khan and AlHilli EXCEPT this one,Positive
Explanation of The Three Fundamental Principles By Shaykh Muhammad ibn Abdul Wahaab Explanation of Zayd ibn Haadi alMadkhalee Ustaadh AbdulHakeem Mitchell All welcome Broadcast on,Positive
Likewise if the person offers an interpretation in a way that does not lead to the conclusion of kufr or they reject the logical conclusion then too takfir would not apply even if said interpretation is incoherent and frankly wrong,Positive
Refutation on the Ignorant opinion of Mohammed Hijab and Ali Dawah by Sheikh Ibn Uthaymeen,Positive
A Must in the Salafi Library A short yet concise manual on the legal rulings of marriage authored by one of the beacons of light in his time Shaikh Muhammad Ibn Salih AlUthaymn with comments from some of the scholars past and present ORDER NOW,Positive
Shaykh AbdulLateef ibn AbdurRahmaan Aal AshShaykh wrote It should be said to this polytheistIf you supplicated this dead person believing that he knows your situation best and he is more able to answer your supplication and fulfill your need or is more merciful towards,Positive
Not trying to be a looser out here inshallah,Negative
Those of you who givereceive Eidi what ethnic backgrounds do you come from,Negative
NEW UPLOAD Being dutiful to your parents By Sh Abu Hakeem Bill Davis Link Salafi Salafirecording Salaf Muslim Islam Quran Sunnah Salafiyyah,Positive
New Audiobook Forty Hadith Concerning the Fast of Ramadan is now available on Audible A great listen during these last ten days and nights of Ramadan May Allah accept our sincere worship,Negative
For Balagha and Usool Fiqh lovers,Negative
Taj AlDin AlFakihani D H The Mawlid Is a Bidah Not Practised by the Salaf,Positive
You will surely enter alMasjid al Haraam if Allah wills in safety Surah al Fath Reciter Shaykh Bandar Baleelah,Negative
Sad news that Sadio Mane will not be a part of Senegals World Cup campaign due to injury Of all people he deserved to be a part of it but Allahs plan is always better May Allah grant him a speedy recovery,Negative
Antilockdown protests fighting for our freedom and rights for our childrens futures antilockdownprotest london BBCYourQuestions,Negative
This is why Islam will prevail alhamdulillah,Negative
Catching the Takbir of commencement with the Imam is a trait of true students of knowledge The Salaf would say so long as one gives importance to catching the Takbir of commencement with the Imam one would know that this is a student of knowledge,Positive
Brief Explanation of Srah alIkhl By Abu Iyaad Amjad Rafiq,Positive
Last verses of Surah Zumar recited last night in salah Reciter Qari Saad Azzouait,Negative
Muslim migrant in Toronto Canada explains its very normal to have Sex with year old girls in Islam,Negative
My dear friend and colleague Shaykh Imran Moosas father Haji Yusuf Moosa has passed away today He was very happy when I visited him with Shaykh Imran in December at his residence in Durban Allah Almighty grant him Jannatul Firdaws and grant the family Sabr Jamil,Negative
Sheikh Mohamed Hassan ge dheenee naseyhai dhinumuge huhdha hifehehtee ragalhakah noon High Court Dhiyares,Negative
Ibn Taymiyyah said The Salaf and the leading scholars are agreed that the first of which the servants are commanded with are the Shahdatn and that whoever does that before maturity is not commanded to renew them following maturity Dar alTaru,Positive
Al HamdulillhThe sisters veranda area is ready for the flooring to be laid This is effectively an extension of the extension A nice touch for our sisters and our children,Negative
He continues Sadly most of the Muslims FORGOT about fasting Mondays and what is in it from gratitude to Allah and love of the Messenger to the point that majority of them are IGNORANT of it and I have never seen throughout my lifetime ANYONE that fasts with that intention,Negative
Did you know The Quran was revealed over years in Makkah and in Madinah Help build the Islamic Centre of Britain in the last days of Ramadan icobritain RamadanMubarak ramadan islam Ummah Muslims Allah Amanah Quran donate,Negative
Allhumma Brik What a marvellous structureA Bayt from the Buyt of Allh Have a share in something special Rush to secure your khirah on a day when the only currency that counts is our deeds Hit it,Negative
Who from the selef considered tawassul through the anbiya in their graves shirk what is common is many scholars say its haram bidah a mistake munkar incorrect but hardly ever shirk why is that Comment below Key destination here is the selef,Positive
And your Lord inspired to the honey bee Take for yourself among the mountains houses and among the trees and that which they construct Quran WorldBeeDay,Negative
On this day the great scholar of TafsirFiqhamp Usul Ul Fiqh Ibn Jzay was killed in the battle of Rio Salado in southern Spain against SpanishPortuguese forces defending Grenada against Christendom Almost years after the battle his books are still studied and read today,Negative
Calming rendition of Surah al Ahzab by Shaykh Adel Rayyan,Negative
Alhamdulilaah ashShaykh Abdullah alBarbarawi gave us beautiful heartfelt advice on benefitting from Ramadan along with QampAs We continue today after Asr with the next talk in sha Allah If youre in Makkah youre more than welcome to join Brothers amp Sisters,Negative
The sentences are describing the word and its adjective Ibn Taymiyyah is describing and not negating or affirming himself,Negative
On Smallpox and Injecting Impure Harmful Substances into the Body Verdicts From Scholars of the Dawah,Negative
Incredible recitation by Shaykh Muhammad Ayyub And it will be said Today qiyamah We will forget you as you forgot the meeting of this Day of yours,Negative
Salafi Salafirecording Salaf Muslim Islam Quran Sunnah Salafiyyah,Positive
Concerning the History of the Mawlid Between the Imitation of the Companions and the Innovation of the Baatinee Ismaaeelee Shiite,Negative
And they have helped so many other reverts like me So when you next see a speakers corner video or street dawah conversation Remember its the results off screen that is the goal of this work,Negative
amp Salafi Salafirecording Salaf Muslim Islam Quran Sunnah Salafiyyah,Positive
May Allh increase those numbers amp grant them all success in this life amp the next,Negative
I dont like posting about my past life but this month of Ramadan is very special to me and was the month I changed my life Alhamdulilah I hope this motivates someone to take the rest of this month seriously or even perform Iticaaf in the mosque for the last ten days,Negative
New Lesson Explanation of The Book of Tawheed by Shaykh Saleh AlFawzaan Read by Ustadh Uthmaan asSudani Live at Masjid Daarussunnah amp on Sundays at pm All Welcome,Positive
Salafi Salafirecording Salaf Muslim Islam Quran Sunnah Salafiyyah,Positive
They are all ready here in large numbers the Taliban leaders are just Deobandi Clerics England indoctrinates more of these Clerics in Seminaries than Afghanistan amp the whole of the western world Combined in Mosques,Negative
Soften your hearts so that you may be inclined towards the recitation and listening of the Qurn,Negative
If things like Incest Qawmul Lut Consumption of alcohol and pork sicken you more than things like Worshipping the Dead Slaughter for other than Allah Claims that Allah has a son And other than that from Shirk Then you have not truly grasped on to Tawheed,Positive
And submit yourself before them in humility out of compassion and say My Lord be merciful to them as they have brought me up in my childhood Quran,Negative
Asalaamu Alaykum No Manhaj AlAnbiya amp Riyadh asSaaliheen Reading at the Salafi Centre today we will resume next week You can benefit from amp access many recorded lessons online at Barakallahu Feekum,Positive
Tarwh Prayers starting tonight for many Muslims read this short advice from alAllmah ibn ulUthaymn Tarwh is not a burden it is a great act of worship do not forget that,Negative
AFRICAS RICHEST SLAVE TRADER MUHAMMAD BIN HAMID,Negative
Duas requested for our brothers and sisters of Sudan,Negative
Masjid AsSunnah Broadcast Palestine Fundraiser Update Total raised so far Ref Palestine Masjid AsSunnah Paternoster Lane Bradford BD DS,Positive
Post Ramadan Reminder Tomorrow Beware Of Following The Footsteps Of Shaytn Ustdh Abdul Hakeem Mitchell Friday th April pm BST pm KSA Masjid Bin Bz East Road London E QR,Positive
Another reason why these people who push maqamaat are ruining themselves May Allah protect us from Innovation in the deen,Positive
Firstly what does Islam mean The word Islam means Submission moreso Submission to God or Submission to the will of God,Negative
When you find yourself surrounded by problems and difficulties go into a quiet room sit down think about the positive points in your life and smile Remember Islam does not approve of indulging in ones sorrows and magnifying them,Negative
NEW VIDEO An Opportunity To Earn Allahs Reward After Ramadan New Masjid Appeal,Negative
Lesson on tonight pm InshaAllah on The Fiqh of Salah Sign up in the link,Negative
In specific the Mashaikh who participated and then the various brothers from masaajid in the US May Allah bless us to repeat these gatherings,Negative
Sharh asSunnah of Imm alBarbahari Sh Uways atTaweel Sunday th May pm UK am USA pm KSA Masjid Bin Baz East Rd London E QR All Welcome Previous lessons,Positive
From the salafi manhaj to hear and obey the Muslim rulers even if their oppressive As the Prophet said even if the rulers beats your back and takes your wealth hear and obey Oh takfiri or khawarji you have no daleel Turn back to the Sunnah,Positive
People mock him but hes done an amazing job at pulling people off the road with this type of dawah Many brothers I know personally came off that lifestyle by the will of Allah through to his dawah,Negative
adth When fornication and usury appear among a people they have brought upon themselves the punishment of Allh,Negative
The last Jummah of Ramadan SubhanAllah how quickly this month passed by We muslims are so blessed to experience jummah Its truly the best day of the week and it can really bring peace and tranquillity to a chaotic week May Allah accept our ibadah and make us strong,Negative
May Allah aid us all and give us all a good ending ameen,Negative
Obligation of Following the Messenger salallhu alaihi wasallam and know that every Innovation is Misguidance Imm Ahmad bin Hanbals Usl AsSunnah The Foundations of the Sunnah with the explanation of Shaikh AnNajmi Abu Khadeejah,Positive
LEEDS SUNDAY CLASS Fiqh of Dua amp Adkhar Sunday th May at pm Roundhay Resource Centre Brothers only class Previous lessons Live broadcast,Negative
Salafi Salafirecording Salaf Muslim Islam Quran Sunnah Salafiyyah,Positive
BRAIS Being Muslim in Britain Personal and Institutional Responses Room from takes his audience on eyeopening journey behind the lives of an Imam,Negative
Raman a month of opportunities devils are chained gates of Hellfire are closed gates of Paradise are opened and an angel calls,Negative
Become a learner of sacred knowledge More than selfpaced courses Taught by qualified scholars Available ondemand Join our subscription today rayyancourses ilm onlinelearning islam authentic,Negative
At the turn of every century Check out our selfpaced course Breaking of the Two Desires to learn more about the great Imam Abu Hamid alGhazali rayyancourses ghazali ilm knowledge islamiccourses onlinelearning,Negative
Basic bundle Subjects included Minhaj Aqeedah Hadeeth Fiqh Mannerisms and Usool AsSunnah Priced at but buy as a whole and save shipping Only one available contact us now to avoid disappointment,Negative
The Sunnah the better This is the Islamic way,Negative
Visited the grave of Shaykh Mawlana Shah Hakim Muhammad Akhtar Rahimahullah in Karachi who died in He touched the hearts of many across the globe left behind many studentsdisciples amp visited UK and other countries often May Allah shower him with His mercy Ameen,Negative
The most powerful Sunni Deobandi Cleric in Pakistan and the world Was in England a few years ago meeting his underlings and checking his ever growing movement in the UK,Negative
Part of NEW VIDEO Liverpool is a Major City and We Do Not Allow These Opportunities To Slip Whilst We Can Establish Yet Another Centre of Sunnah amp Salafiyyah Lets Renovate Markaz Bukhari Together Donate,Positive
and alIstizkar One of the most expert scholars who knew the Maliki Madhhab him not being taken because he was not early is wrong He is credited with direct chains of tranmission of hadith as evidence Lets not forget his less we third on the Muwatta of atTaqsa,Negative
Im seeing so many people going wondering when my time will come inshaAllah,Negative
NEW VIDEO How To Defend Prophet Mohammed,Negative
An Excellent Opportunity to Benefit from our Mashyikh hafidhahumullh We encourage our brothers and sisters in South London to attend on Saturday in sh Allh May Allah bless our noble teachers and the organisers for facilitating this event,Negative
Live Now Shaykh Hassan Somali The view of the Salaf on working and earning a living Listen in,Positive
In the two Rakah Sunnah Salah before Fajr and after Maghrib Salah it is recommended to recite Surah Kafirun in the first Rakah and Surah Ikhlas in the second Rakah Negate Kufr and affirm Tawhid at the beginning of the day and night,Positive
May Allah bring us back to the blessed city of our Beloved again and again,Negative
JUMUAH COLLECTION TODAY RAISED TOTAL RAISED TARGET REMAINING kindly donate and support to open the Salafi Masjid in Colindale Bank Details AlRahma Trust Sort Code Acc no PayPal info,Positive
In essence the sister saw me as a personification of every problem present in the Muslim worldhowever the issue was the prism she was looking at these countries through Due to her Islamic ignoranceshe fell victim to a lot of the antiIslamic slogans used in the west,Negative
that the Quran is created the ruler Al Wthiq Billh summoned the Imm before him He then put to him a Qdh from the Mutazilah by the name of Ahmad b Ab Dwd in order to refute the beliefs of Ahlus Sunnah So Imm AlAdhram engaged the Qdh to defend the belief,Negative
The Miracle of the Qurn amp its Amazing Effect on the Heart a collection of statements from the Salaf and generations of Ulem is now available in the US I thank and praise Allah I have never enjoyed preparing anything educational as much as,Positive
If anyone has made the blood of the Muslims cheap its people like you,Negative
Allah has made it easy for us to view the words of the scholars and see the reasons why they saw it necessary to partake in refutation All it takes is a sincere heart to be able to leave a person you may have followed for the sake of Allh,Negative
All Classes are Cancelled over the course of this weekend due to the conference taking place at Birmingham We Encourage all our brothers amp sisters to attend amp benefit from our Elder brothers who are known to Ulama amp praised by them Alhamdulillah,Negative
Palestine Fundraiser Final Update Total Raised A great community effort May Allh accept it from you all mn All donations will now be wired over to reach the needy in Palastine inshAllh Campaign closed Please remember Palestine,Negative
Lineage will not push one forward if held back by absence of righteous deeds,Negative
Fasting and spirituality means that every Muslim should Focus on getting closer to Allah Study and recite the Quran plentifully Improve obedience to Allah Give in charity Pray the night prayers Show kindness and generosity Seek forgiveness for sins,Negative
NEW VIDEO Selected Scholars shortsvideo shortsfeed shorts salafi,Positive
LEEDS SUNDAY CLASS Fiqh of Dua amp Adkhar Sunday th November at pm Roundhay Resource Centre Brothers only class Previous lessons Live broadcast,Negative
Well my sister in Nigeria they say we give tanks for each day to tell the tale Allah has given you the strength to overcome this experience,Negative
were authentic however all of them are lies false and without any basis Futya Fit Takbir Khalf ulImam p,Negative
Advice to Those who Have Doubts Surrounding Maktabah Salafiyyah by Masjid bin Baz Radio on SoundCloud,Positive
Something exciting coming soon insha Allah,Negative
REMINDER Kitb AtTawheed class is postponed for the next weeks and will resume on th April Please use this time to make benefit of the days that remain of Ramadan and to also revise previous lessons May Allah accept our good deeds and pardon us for our shortcomings,Positive
Allahs timing is perfect No need to stress by comparing your progress in life to others,Negative
Do you not know the story of Dhat Anwat That revert sahaba asked the Messenger of Allah about doing something which was literally shirk Whatd he do Did he say youre all mushriks go away No He advised them and they moved on their journey,Negative
Any Bengali Muslim blaming amp hating Pakistani Muslims for what happened in is ignorant amp has a preIslamic Jahiliyah mindset This is not according to Islam However if any Pakistani justifies or makes a case for what happened in then hatred against him is justified,Negative
We have a bone to pick with pseudo intellectuals and their path to rectification in Islam,Negative
Someone asked Imam Bukhris teacher Abdullh ibn Mubrak for advice so he said Abandon unnecessary looks towards women amp youll be granted devotion Abandon excess talk amp youll be granted wisdom Abandon excess food amp youll be granted ability to worship more,Negative
Doesnt speak Arabic but recites the Quraan like this Miracle of the Quraan Allahumma Barik,Negative
LIVING ISLAM TARBIYAH SESSION This Sunday am to pm Masjid AsSunnah Bradford You must sign in your child BEFORE pm today to get a place Please also register if you did not do so in the previous session Compulsory,Negative
Ibn alJawzi said When the race horse knows that it is nearing the end of the track it exerts all of its effort to win the race Do not allow the race horse to be more clever than you For verily deeds are judged by their conclusions So if you didnt do well with welcoming,Negative
Allaah the Most High said And whosoever fears Allaah and keeps his duty to Him He will expiate from him his sins and will enlarge his reward Srah AtTalq,Negative
The balance of a believer is to have a heart that thinks good of people yet has a mind that remains watchful so as not to be hurt by them,Negative
Topic of this weeks lesson Tafsir of surah AlAsr Delivered by This Saturday th Sept TIME Location CONEL college Tottenham High rd London N RU,Negative
Unfortunate but plenty of our public speakers within the Muslim community who really arent well If they put their cameras away left socials amp gave up the fame for just days to focus inwards theyd see how broken they are Fame is one hell of a drug though,Negative
Kickboxing amp Defence Classes An essential skill for Muslim girls in these times Teach amp Aim Disciplinerespectconfidence Improve health and fitness Circuit training Guard amp Stance Boxing Shadow amp pad work,Negative
Our minor sins become more serious to Allh when we trivialise them amp they become more forgivable to Allh when we take them seriously May Allh forgive us for all our shortcomings the major minor and those we have trivialised for so long Ameen,Negative
Sheikh Saalim has greatly benefitted us by Allah If anything many people didnt take advantage of his presence by attending the beautiful lessons set up by our brothers May Allah reward them with much khair alongside the translators Waleed Somali amp Uthmaan Sudani,Negative
A snippet from the lecture lessons from the Hadith of the man who killed Separate yourself from the sin if you want to make changes London Manaar masjid,Negative
A message by Mufti Muhammad ibn Adam about his book Travelogue of Uzbekistan,Negative
Listen to Day Sittings in Ramadan The Virtues of Dua By Sh Uways atTaweel Masjid bin Baz Radio,Positive
Facts about Birmingham Series Birmingham city council is the largest council in Europe Help build the Islamic Centre of Britain in the heart of Birmingham icobritain Birmingham unitedkingdom Islam Community History School educateyourself,Negative
and died in Madinah To complete and repeat this you take Sahnun who quotes Malik but you know direct students like Ibn Wahb Ibn alQasim in fact in total narrators narrate Raf ulYadain from Malik,Positive
Live Now at the SalafiMasjid Jumuah Khutbah By,Positive
The sisters of Masjid Bin Baz invite the women of London amp boys under yrs old to attend their Turkiye amp Syria Earthquake Appeal Fundraiser on Sunday th March at Durning Hall Earlham Grove Doors open from pm,Positive
As well as duas we need to use the wealth Allah has blessed us with to help those who have been afflicted by this lifechanging calamity Their lives have been turned upside down overnight Donate via now using the link below,Negative
When to Say the Dua of Breaking the Fast Shaykh AbdulMuhsin alAbbad The thirst has been quenched the veins have been moistened and the reward has been earned if Allh wills Is this dua only said during extremely hot days When should one say this dua,Negative
Ahlan wa Sahlan to our beloved brother and companion of over years Shaikh Abul Hasan Maalik who is with us from the USDont miss out on these beneficial sittings with our noble brother,Positive
BACK IN STOCK The work of Imm AlLlik d H is one of the monumental compilations that document the creed of the Salaf in the first three centuries of Islm and the author brings over narrations with the chains of narration ORDER NOW,Positive
filled with humility amp one the most softest amp kind hearted people I have meet The shaykh is a blessing for the Muslims in Minessota A statement that really touched me was when Sh Hassan Saleh The renowned reciter said at the end of the Quran competition that recently,Negative
And keep yourself patient by being with those who call upon their Lord in the morning and the evening alKahf Reciter Shaykh Hassan Saleh MashaAllah tabarakAllah,Negative
Listen to Raman Short Reminders by Abu Hakeem Bill Davis a playlist by Salafi Publications on SoundCloud,Positive
No lesson this Saturday th Feb We advise everyone to attend and benefit from a weekend of knowledge in East London May Allah reward the teachers and all who contributed to facilitating this conference,Negative
O Allah help us help our communities indeed you are the one who puts things right Ameen Start your week by donating your Sadaqah Jariyah to the Islamic Centre of Britain icobritain islam Quran Allah mosquesofworld mosque bricks Donate,Negative
Ramadhan is coming to a close race towards good Still Time to Give Time to Earn Reward Time to Capitalise Donate Lets Open Masjidus Sunnah Bank Account Name Masjidus Sunnah AC Number SC Barclays Bank PayPal,Positive
Ibn alQayyim says that alRahman refers to Allahs attribute of mercy while alRahim refers to His treatment of the creation In other words in alRahman the focus is on Allah and in alRahim the focus is on us,Negative
This was the queue for each person to receive Im lost for words Allahul Mustaaan,Negative
We took our group to the desert for some fun everyone enjoyed themselves Ma Sha Allah If you missed this trip catch the next one in August In Sha Allah,Negative
Many people seem to be in Umrah this Ramadan If youre one of them and seeing this please make special Du for myself the teachers and students of and the entire Ummah,Negative
The dus to read before going to sleep amp method of wiping over oneself as well as yatulKursamp story of Ab Hurairah amp Shaytn,Negative
The Parable of Light and Darkness from the Quran with,Negative
There are brothers who take pictures of themselves for the sake of keeping memories and they use as a proof the actions of some of the shaikhs They claim that modernphotography is not like the picturemaking of olden times And they say photography is an,Negative
Alamdulillh After a superb fundraising campaign at the end of Ramadan culminating in us buying the buildingThe Team are still herestill pushingamp still meticulously working hard to execute the construction phase of the project Stay tuned more exciting updates,Negative
Dear Brothers amp Sisters any of u need to do Qurbani for eid ul adha this year in India done by my team on the ground alhamdulilah,Negative
Abi alSaib reported Ali ibn Abi Talib may Allah be pleased with him said Do not frequently scold others for scolding leads to resentment and hatred and too much of it is bad manners Source Rawat alUqal,Negative
Allahuma Barik guy looks leng tho,Negative
The main Sharh of Sunan Abi Dawud of Shaikh Shams ulHaq Azimabadi while Awn alMabud is a summary of Ghayatul Maqsud,Negative
BRAIS Navigating Power and Otherness Identity Exclusion and Gender Room Qudsia Mirza of explored the denial of agency and autonomy of repatriated women in postpartition Pakistan,Negative
Outrage at my last thread have centred on personal insults being called a kafir because I mentioned Marxism which wasnt central to any of my argument and a gotcha that my pic is me in Turkey The only real argument is Islam allows wealthwill return to this at some point,Negative
My sister you are absolutely right It is forbidden as a Muslim to take an oath by anything except The Almighty Allah It is also forbidden to associate oneself with a form of government that is based on the laws of man ie diabolical democratic system,Positive
Todays dars will revolve around the following passage of Umdatul Fiqh Inshallah NOTE The passage with its explanation will contain a discussion of male and female genitalia and a discussion of sexual relations thus parental discretion is advised,Negative
The Ahadith About The th Night of Shaban Are Not Authentic Ibn Dihyah alKalbi died H,Negative
The Ahbash Sufi sect is from the most dangerous of sects today They permit calling upon other than Allah They declare Muawiya to be a Fasiq in Names and Attributes of Allah they are Jahmi in Iman they are Murjiah Regarding the Quran they do not,Negative
No Akhi it is for the greater good,Negative
And so the journey of the hujjj begins tomorrow May Allah accept their efforts and make their hajj a means of their forgiveness and entry into jannah Aameen,Negative
Salafi Salafirecording Salaf Muslim Islam Quran Sunnah Salafiyyah,Positive
Journey through Surah Kahfs main stories from the struggles of the Companions of the Cave to the lessons learned from the relationship between Musa AS and Khidr AS and beyond Learn more,Negative
Thugs Breaking into my home Yelling free Palestine Ive always been pro Palestine but spoke of realistic solutions of state or Hijra This is a consequence of all those hate mongering agaisnt me Mixing my words Cut amp Pasting Disgusting May Allah take you all to task,Negative
Good to see visiting and asking Shaykh Islam Scholars,Negative
Ramadan is over but a reminder for me first and foremost and everyone else One of the Worst Prayers is Watch full lecture here,Negative
Shaykh Dr Asim alQuryooti is one of the well known students of Shaykh Albaani rahimahullah and a Professor in Fiqh asSunnah He also said travelled to and studied with the Ahl alHadith Ulama in Pakistan,Positive
cmon akhi whats wrong with pork and alcohol being in the TV show am watching its not like am eating or drinking them is it fardh to watch tv cmon akhi so what am playing call of duty its not like am killing real Muslims is it fardh to play video games cmon akhi so,Negative
Not taking anything away from tarawih prayers it is an important sunna but staying away from sinful acts during Ramadan such as swearing backbiting quarrelling harming others casting lustful gazes consuming haram etc is far more important,Negative
My monthold Son gives DAWAH My wife is of Pakistani heritage but my son looks like me hes white When shes out at the park or at playgroup with the kids she meets nonMuslim mums and because our kid is white I come up in conversation that I am a convert,Negative
Ten Points Regarding Eid in alIslam,Negative
tickets now sold The online ticketing system will close at pm today inshaaAllah for anyone who still wants to join,Negative
Accidentally Inhaling Perfume whilst Fasting Read,Negative
great slander And before this there were those who slandered the Messenger Muhammad claiming that he had reviled Jesus the son of Mary may Allahs peace be upon them and that he reviles the righteous So their hearts resemble one another in their fabrication of lies,Negative
REMASTERED Mohammed Hijab and The Double Standard Deobondis Extended Edition,Negative
LEEDS SUNDAY CLASS Fiqh of Dua amp Adkhar Sunday th October at pm Roundhay Resource Centre Brothers only class Previous lessons Live broadcast,Negative
The Taliban follow the Hanafi School of Jurisprudence All their leaders are Deobandi Scholars of all UK Mosques follow identical Rules amp Laws as the Taliban,Negative
Someone who does not believe in Allah will be free to do anything they desire in this world Their disbelief will not prevented by Allah from them fully exploiting their acts But that is the end of everything and they have no worth in the Akhira Tafsir Ibn ashoor,Negative
The Origin of Fasting is not established as being connected to the story of dam,Negative
Allaah the Most High said And let not Shaitn Satan hinder you from the right religion ie Islmic Monotheism Verily he Satan to you is a plain enemy Srah AzZukhruf,Positive
Salafi Salafirecording Salaf Muslim Islam Quran Sunnah Salafiyyah,Positive
Following someone on social media will never replace being in their company With just one tweet or video clip you can go from supporting them to despising them The second will always require you to understand the individual first and humanise them before passing judgement,Negative
He who forgives the faults of his fellow Muslim Allah will forgive his faults on the Day of Judgement Sahih ibn Hibban,Negative
There is not enough praise and exaltation that I can give to Allah that will be enough for His Favour of good brotherhood and its gatherings The gatherings of Sunnah are based on love and hate for the sake of Allah Unity upon the truth alone not aligned agendas,Negative
PLEASE NOTE There is no Tafsr class this evening Lessons resume tomorrow insh Allh,Negative
Moon sighted in Birmingham tonight Eid Mubarak May Allah swt accept our fasts and ibadah over the blessed month of Ramadan,Negative
RAMADHN UPDATE Total raised May Allh bless everyone who donated Wa Jazaakamullahu Khayran Eid Mubarak Help Us Open Your Masjid Donate,Negative
From the signs of Lailatul Qadr,Negative
May Allh place the seed of generosity in our hearts and nurture it so that we may become from the most generous of people BuildMasjidusSunnahAston DONATE PayPal GoFundMe,Positive
New Lesson Markaz Abdullah ibn AlMubarak are pleased to announce a new fortnightly lesson studying AlFiqhul Muyassar Book of Fasting Taught by Ustadh Abu Rayhaana Yahya in person Starting Jan pm All welcome Balham Community Centre,Positive
As Muslims we should never feel that another person is intrinsically below usneither should we have Hasad envy of what Allah has given to others,Negative
Outside the Dar al Iftaa of Dar alUlum Karachi Pakistan This place is where all the fiqh brainstorming takes place Read all about it in my book Two Weeks in Pakistan available here,Negative
Such horrific news from Burkina Faso where terrorists have brutally murdered Ahmadi Muslims See the full Press Release below,Negative
They will still scream Saudi imprisons scholars These are the Scholars theyre referring to Those who would have me you Albani ibn Uthaymin Ibn Baz etc and all salafis executed as apostates if they ever had power like their brothers daesh the satanic goons did,Positive
The one fiqh topic out of the s that even uncle and aunty find the energy to discuss on whatsapp,Negative
I said Do you need something Oh Ab Abdillh He said Yes you have occupied my heart today I said With what Oh Ab Abdillh He said I passed by you today narrating to the people whilst you were sat in the shade And the people were under the sun with their pens,Negative
Its that simple Men and Women are CREATED UNIQUELY DIFFERENT by The Most High Allah in order to COMPLIMENT one another,Negative
rayyancourses ilm knowledge travel holidayseason spirituality etiquette onlinelearning islamiccourses,Negative
Build a daily habit of reciting Quran,Negative
NEW UPLOAD Both sides have proof in matters of Fiqh which one should we follow By Abu Khadeejah Abdul Whid Link Salafi Salafirecording Salaf Muslim Islam Quran Sunnah Salafiyyah,Positive
In our times all half of these mullas want is Chanda on laylatul qadr a packed out mosque for a month thats empty other months of the year not even explain basic things like differences in moonsightings amp the adab of ikhtilaf to the masses Same nonsense every year,Negative
This is a Great Initiative Very beneficial Much needed Easy to follow amp understand New Seerah Resource AUDIOBOOK on the Life of the Prophet in D,Negative
JazakAllah my brother a fantastic event organised by,Negative
with Ibn alQasim who said his response need reviewing Sahnun quotes people like Ibn Mahdi who he did not meet but through others and it might be the case such reports also need reviewing There is a discussion whether scribes added names in Sahnuns compendium,Negative
Some of these possibilities are unlikely but if anyone has any further information on the ascription of this text to alShirazi please feel free to clarify the matter,Negative
How amazing were those taraaney MashaAllah JalsaQadian,Negative
Since you are zombie scrolling stop and say,Negative
Usool asSunnah of Imam AlHumayydi explained by Shaykh Abdullah AlBukhari,Positive
Jumuah Prayer Reflecting over the statement Khutbah Starts Near Colindale Station Colindale Avenue NW GX Brothers only Live broadcast,Negative
Live Now Tafseer Juz Tabrak Srah alMuddathir Read by Shaykh Abdulilah Lahmami Listen via,Positive
Now Available The Precious Jewels In Establishing the Foundations for Beginners An excellent new book for children Suitable for Islamic studies for school and weekend programs Supervised by Shaikh ORDER NOW,Negative
Advice of Umar Bin AlKhab to Sad Bin Ab Waqq I order you and those with you to take more caution in guarding against sins Indeed sins are to be feared more to an army than their enemy Read full,Negative
LEEDS SUNDAY CLASS Fiqh of Dua amp Adkhar Sunday th February at pm Roundhay Resource Centre Brothers only class Previous lessons Live broadcast,Negative
The word Tawhid is used to describe the oneness of Allah which is the fundamental belief of Islam It means believing in Allah believing that he is the one and only God,Positive
Become more patient and correct our akhlaq manners and most importantly our heart May Allah allow us all to implement this,Negative
Advice from Shaikh Araft for all intelligent Salafs who love Knowledge amp the Scholars,Positive
When will you change if not in Ramadan MSNShorts,Negative
it is true that our brothers and sisters who go beyond what is necessary to show their allegiance may make some grave mistakes it is not Islamically permissible to mock them and rebuke them publicly,Negative
And I have not created the jinn and the humankind except for my worship Surah al Dhaariyaat Reciter Muhammad al Ghazali,Negative
A brother has just dropped off in cash for the Turkiye Syria earthquake relief fund Alhamdulilah CCDworkforce are preparing to return to the region so please try to forward all contributions for this project asap so your donations are utilised the way you intend,Negative
I ask my brothers to send this to anybody new to Dawah Salafiyah who may have come across this tweet from the Hizbees as their evidence for the ghuluw Madkhalis have for Spubs to clarify the erroneous nature of my statement and to study the Deen from its correct sources,Positive
LIVE NOW Advice to The Women from Selected Ahadith Topics chosen from the Ahadeeth with explanation taken from various Mashayikh Taught by Ustdh Abdul Hakeem Mitchell Sunday pm Live at Masjid Broadcast on,Positive
After months of preparation we are pleased to announce will be coming to the Netherlands from the th of May th he will make a tour covering all areas of the Netherlands More information about the topics and exact locations will follow in sha Allah so stay,Negative
I put on Al Haqqah and she went quiet and has been hugging me ever since I wonder if she knows,Negative
True Knowledge And Its People By Abu Khadeejah Abdul Wahid by Salafi Publications on SoundCloud,Positive
Khalid bin Waleed at is absolutely outrageous more achievements than the entire list combined,Negative
Whoever said Muhammad was Black was to be killed,Negative
LEEDS SUNDAY CLASS Fiqh of Dua amp Adkhar Sunday th May at pm Roundhay Resource Centre Brothers only class Previous lessons Live broadcast,Negative
All the ahadith that mention virtue of praying at night in the middle of the month Shaban are fabricated and very weak Also the Hadith that mentions you cannot fast after the middle of Shaban then it is Munkar very weak and what is correct is you can fast after it but you,Negative
An example of one the duas to be recited in the morning read by Islam Muslim Tawheed Shirk Sunnah Shirk Hanafi Fiqh Salaf Salafi Manhaj Dua,Positive
Being nice gets me nowhere dont expect anything from people in this world Continue being good and your reward lies with Allah The reward will be bigger amp better,Negative
In ajj the farwell awf is necessary wjib Is it the same when a person travels for Umrah,Negative
Great atmosphere and brotherhood annual conference May Allah reward the organisers duaat and the attendees,Negative
May Allh reward everyone involved with and especially the noble amp respected alUstdh alFdil in arranging this series of lectures during Ramadan aimed at youngsters amp parents alike,Negative
Salafi Salafirecording Salaf Muslim Islam Quran Sunnah Salafiyyah,Positive
Tawakul relying upon Allah is an act of worship that comes under Tawheed AlUluhiyyah,Positive
people have accepted Islam throughout Ramadhan at Masjid Sunnah Nelson Ramadan EidUlFitr,Positive
Tonight PM Fundamental Principles Lesson Read by Abu Zayd Mohamed ALL WELCOME,Negative
Scholars were practical and insightful Imam Muhammad al Shaybani the student of Abu Hanifa was asked have you written anything on abstinence zuhd To which he replied I have written a book on buying and selling,Negative
That amazing mens fragrance that we brought back is now available Name Mystery shipping for each Only remaining The smell is amazing Ma Sha Allah,Negative
Our lesson with resumes this Saturday th Sept The Four Principles of Tawheed Explanation of Shaykh Ahmed Najami TIME pm Location CONEL college Tottenham High rd London N RU,Positive
Rare visit by our shaykh to the North An opportunity not to be missed Allah grant him a safe and easy journey as he comes to benefit us here in Bradford West Yorkshire,Negative
Eid ul Fitr AH Khutbah By Shaykh Abdulilah Lahmami,Positive
Oh Allah guide us with your Quran,Negative
Im excited for Ramadan We have started decorating our house Do you decorate for Ramadan or Eid If so share your pictures below I want to see,Negative
Support Sapience Institute that is focussed on developing individuals and organisations to preserve the deen which includes preserving peoples imn and intellectually defending and sharing Islam Donate now,Negative
NEW Lecture by Mufti Muhammad ibn Adam entitled Sincerity of Intention in all Walks of Life Audio A highly thoughtprovoking talk that discusses things not often discussed Listen here,Negative
Were Hanafi Still insist on eating crows amp making blag Islamic banks that charge interest Were maturidi too Still insist on believing its intrinsically possible for Allah to tell a lie Some of us accept mawlid Never seen a deo masjid partake in a mawlid gathering,Negative
It is a sad reality that individuals who sin openly have now become the primary source of seeking knowledge for many These socalled Muftis who perform their own principleless Ijtihad are in reality leading people away from the pristine teachings of Islam Sheikh Awwaamah,Positive
Salafi Bookstore online orders delivered to your door anywhere in the world Getting knowledge made easy and all praise is due to Allah Through you can donate to any worthy cause you want just a few clicks away,Positive
NEW VIDEO What Would You Do shorts shortsfeed shortsvideo imagine lifehacks islam,Negative
LIVE NOW Sharh asSunnah of alImm alBarbahar Buying and Selling is Lawful by Shaykh Uways Taweel MasjidBinBaz Listen Live,Positive
May Allah guide James to Islam year old non Muslim who has memorised parts of the Quran this was heart drenching,Negative
HADITH OF THE DAY Dhul Qadah ProphetMuhammad said about a person supplicating He will definitely be granted what he is asking for if he seals his supplication with saying Ameen For if he ends it with Ameen he will definitely be granted Abu Dawud,Negative
If you could convey only one ayat to a non Muslim to give dawah what would it be,Negative
This is the result of being from the Ruwaybidah Those who speak on the huge affairs while possessing no knowledge whatsoever Befriending innovators and people of desires Chasing clout likes and follows Developing arrogance and doubling down on your near kufr statements,Positive
It is said that some men have the best manners out in the market but when he goes home he is a ferocious lion May Allaah protect us from Salafi men who perhaps have deen but very poor character and harsh mannerisms towards their wife Aameen,Negative
scholars who have given considerable attention and time in explaining aqidah texts classic and contemporary are Shaikh Salih alFawzan Shaikh Abdul Aziz arRajihi Their works are easy to follow while simplifying important creedal matters Benefit from their durus and books,Positive
There will be no Arabic reading lesson today Lesson will resume next week inshaallah,Negative
Lesson Today Weekly Quran Memorisation Circle Every Tuesday Brothers Only Personal Mushaf Required We will be continuing from the last two pages of Surah Taha,Negative
I found his work invaluable when writing and thinking about Dar al IslamHarb,Negative
Shaykh Ubayd AlJbir Allhs Attribute and Act of Creating Question Esteemed Shaykh what is the meaning of the statement of Shaykh alIslm that the category or genus of creating is eternal Read full article,Negative
LESSON REMINDER The Rulings of Tajweed Tonight pm Markaz Daaruttawheed Unit Plumstead High Street SE SL Brothers only,Positive
Monday th of March RAISED SO FAR Who will donate every day of Ramadan Generously donate now to establish the masjid Bank Details AlRahma Trust Sort Code Acc no PayPal info,Negative
Three Fundamental Principles Ust Abu Ukkashah AbdulHakeem Brothers amp Sisters Welcome Stifford Centre E JG Tunein via,Negative
A very good and detailed answer by Mufti Yusuf on this sometimes contentious issue May Allah give us all the tawfiq to pray in the Haramayn,Negative
This can lead them to say something about the religion which is totally unacceptable or even harbour hatred towards the religion itself So before you speak about the religion or speak about a current day issue you need to know the paradigm your speaking from,Negative
The man is the authority of the house whether liberals disbelievers islamaphobes or even Iblis himself like it or not Allah has placed the man to be the head of the house and for the women to obey him as long as this doesnt lead to them disobeying Allah,Positive
Hajj Rules It is permissible rather praiseworthy to intend Umrah or voluntary Hajj on behalf of many people amp extend its reward to them But if upon specific request then must be on their behalf only,Negative
PART trip to Dubai with amp Round trip from JFK to Dubai Sittings with the scholars Four Wheeler rides in the desert Aquarium in zoo Visits to different tourist attractions and more Price per person Dates August nd to,Negative
Huzoors humility Taqwa amp fatherly care for us is shown by how he happily repeats a word or even times till correct just so the record amp information given to us is accurate Otherwise so many speakers care only about APPEARING eloquent or scholarly in front of an audience,Negative
Interesting poll on views of GenZ British Muslims aged,Negative
May Allah reward for their second to none hospitality Nice sitting with amp jazahumaAllah khair We also managed to squeeze in a visit to the coast Alhamdulillah,Negative
The great scholar Abd alRamn ibn asan l alShaykh the author of the renowned work Fatul Majd the explanation of Kit AtTawd mentions that there were people in Somalia familiar with the dawah and were upon Tawd,Negative
Are the Rafidha from the sects in Jahannam Shaykh AbdulAziz Ibn Baz,Positive
A person who has completed their Umrah whether male or female if they want to perform a second Umrah they can make their intention for Umrah from Masjid Aisha If youre performing it on behalf of somebody else you say Then mention the individuals name,Negative
OPEN MARKAZ RAHMA K LEFT Donate in these remaining days Bank Details AlRahma Trust Sort Code Acc no PayPal info PLEASE SHARE WITH CONTACTS,Positive
Im still conflicted on the issue about the spin on Prophet Sulaymans rule over the jinn as Im generally against merging religious history with fiction see my episode on the podcast why However I must say it was skilfully done,Negative
This is Islams plan for our Grandkids Resist it while you can,Negative
Intellectual war against the Muslims export ideologies to pollute the Aqdah removal of al wal al Bar blame Islm for lack of progress lobby for sociocultural change focusing on the education system spread liberal ideas in the societyThe defence Return to the Deen,Positive
A beautiful Najdi Recitation By Sh Abdullah AlQaraawi the Imam of the Grand Mosque in Buraydah Amazing,Negative
Zaragoza is in northern Spain close to France again this is more proof against the claim that Islam is new to Europe When the Grand Mosque of Zaragoza was a place of worship countries like Poland and other Eastern European countries had not even entered Christianity,Negative
The food shall be distributed in Bangladesh Pakistan Somaliland Gambia Uganda amp Zimbabwe InshAllh Pay your ZaktulFitr for yourself and your family this Ramadn it is being sent to buy staple foods rice flour etc and it will be distributed prior to the Eid prayer,Negative
Lesson Today The True Meaning of La Ilaha illa Allah Every Thursday After Isha pm All Welcome,Negative
LEEDS SUNDAY CLASS Fiqh of Dua amp Adkhar Sunday th December at pm Roundhay Resource Centre Brothers only class Previous lessons Live broadcast,Negative
Rasoolullah advised us to give gifts to each other as this will increase love amongst us Narrations indicate that no gift was too small for Rasoolullah this illustrates his sublime humility Rasoolullah after accepting gifts would also give something in return,Negative
Learn about the benefits of fasting in our lastest blog icobritain RamadanMubarak ramadan islam Ummah Muslims Happy sahur iftari donate fasting islamicReminders Goodreads,Negative
Aalam meaning universe is derived from Alam meaning a sign Thus the entire Aalam the entire universe is a combination of signs leading to Allah Shah Abdul Ghani RA,Negative
Short clip from last nights talk at Darul Iman masjid here in Toronto Canada,Negative
Listen to Day Sittings in Ramadan Seeing the Face of Allah By Sh Uways atTaweel Masjid bin Baz Radio,Positive
NEW TRACK ADDED Tafsr ibn Kathr Lesson Tafsr Surah AlAnm Verse Abu Hakeem Bill bin Ahmad Davis LISTEN HEREgtgtgt,Positive
LEEDS SUNDAY CLASS Fiqh of Dua amp Adkhar Sunday th January at pm Roundhay Resource Centre Brothers only class Previous lessons Live broadcast,Negative
Sh AbdurRahman Muallamy for many years in his later years would be in this Library in Masjid alHaram Makkah Hafidh alHakame met him here and alMuallamy even supervised the printing of some of his books whilst Hafidh returned to Jizan,Positive
Shaikh Ubaid AlJbiree may Allah have mercy on him said And this era the men are tested by asking them about Shaikh Rabee may Allah preserve him And this is not an exaggeration or excessiveness concerning him refuge is with Allah However it is as Imm Abu Htim,Positive
The harder the situation is the closer you are to Allh,Negative
Salafi Salafirecording Salaf Muslim Islam Quran Sunnah Salafiyyah,Positive
New Muslim in the Philippines after learning the adhan for one month,Negative
Help renovate MarkazBukhari Ways to donate,Positive
Whole land of Makkah means haram boundary,Negative
Usool asSunnah package Sh Abdullah AlBukharis explanation to Usool asSunnah of Imam Ahmad Sh Abdullah AlBukharis explanation to Usool asSunnah of Imam Abi Bakr AlHumaidi Sh zayd AlMadkhalis explanation to Usool asSunnah,Positive
Riyadh ul Haq One of Englands most Senior Deobandi Clerics,Negative
Some points covered by Abu Fuayl Abdur Raqeeb during this khutbah,Positive
NEW VIDEO Shia Scholar Caught Out Lying shortsvideo shortsfeed shortsyoutube shorts,Negative
LIC presents The Quranic Story The Destroyed Garden By Ustadh Abu Taymiyyah Brothers and Sisters welcomed After Asr prayer today pm Live streaming,Negative
For those who watched the podcast about Shaykh Muqbil heres a picture from his house,Positive
rayyancourses ilm knowledge Tasawwuf Tazkiyah spirituality Sufism onlinelearning islamiccourses,Negative
You will live with the person for who they are on the inside The outer of a person or what they possess outwardly is a delusion Thats why our Prophet told us to choose a spouses religioncharacter over their beauty family status amp wealth,Negative
Resuming TONIGHT Thursday th May Kitb alTawd Ustdh Abd alakm Mitchell PM Balham Community Centre Bedford Hill SW HE and,Positive
GiveAQuranInRamadn THE LAST NIGHTS When you give in charity that which is legally earned Allh accepts it amp fosters it for you until what you have given becomes like a mountain SadaqahJariyah Donate to print amp distribute the Qurn in the English language,Negative
My khutbah tomorrow will be Islam amp the rise of Artificial Intelligence AI things like Chat GPT etc How do we navigate it all What points would you include,Negative
NEW VIDEO We Were Packing Up Our Dawah Table amp THIS HAPPENED Shamsi amp CCDawah,Negative
Every brick donated is an everlasting Sadaqah Jariyah for YOU Donate yours in the last hour of Jummah icobritain RamadanMubarak ramadan islam Ummah Muslims Happy sahur iftari donate mosque masjid bricks Appeal,Negative
Alhamdulillah today we spent for food baskets and distributed it Only was used from GoFundMe the remaining were cash donations and bank transfers,Negative
Live Lecture Friday th June pm Hold Firm to the Sunnah Abu Maymunah Said All Welcome,Negative
Dont abandon seeking Lailatul Qadr Even on the last night of Ramadhn,Negative
Divorce law has different legal ramifications in Islam then in western law whether than be the division of assets or the Iddah period so Islamic divorce has a completely different legal process This sister did not know this and didnt understand the nuances and therefore,Negative
th Night at Masjid Sunnah Tonight will be the final night of Taraweeh with Shaykh Uthman alQari as he leaves to return back to Saudi Arabia We want to thank him for being with us throughout Ramadhan may Allah reward his efforts,Positive
This iswas also a weekly lesson at Masjid AbdulAziz Ibn Baz in London,Positive
AlAllmah Rabee bin Hdee alMadhkalee said It is a must for AhlusSunnah to build Masjid mosqueswhere they can pray and establish the true Religion of Allh and the true call Without these DONATE Paypal,Positive
Islam only becomes difficult for those whose emaan is weak For those whose emaan is firm and strong youll find them practising and implementing Islam easily in their lives Islam has been easy by Allah and is a light for those whose hearts are filled with high emaan,Negative
Cutting of the hair and nails while intending to sacrifice for Eidul Adha Shaikh Abdul Azeez bin Baaz may Allah have mercy upon him,Positive
Sunday th March RAISED REMAINING kindly donate and support to open the Salafi Masjid in Colindale Bank Details AlRahma Trust Sort Code Acc no PayPal info,Positive
Abu Zurah AlRz wrote to Ishaq b Rahawaih Do not be alarmed by falsehood as falsehood makes its rounds then disappears Introduction of alJarh wa alTadeel,Negative
HADITH OF THE DAY Shawwal ProphetMuhammad said When one of you asks Allah for his needs then he should ask in abundance for he is asking his Lord whose treasures are unlimited Ibn Hibban,Negative
TONIGHT Thursday th June Kitb alTawd Ustdh Abd alakm Mitchell PM Balham Community Centre Bedford Hill SW HE and,Positive
Day Session Panel includes Amina Inoles Imran Visram Akif Tahiiev Aslisho Qurboniev,Negative
The Almighty tests us with success as He does with failure Some find it so easy to forget Him when success comes their way But if you remember that your success and everything else comes from Him you will pass the test with flying colours,Negative
Whoever leaves something for the sake of Allah then Allah will replace it with something that is better Leave off haram and Allah will open the doors for you Put your trust in Allah and go get your Halal,Negative
The religion of Islam is also a religion of intellect The religion of Islam goes in line with sound reasoning and logic Its such a logical religion that it doesnt just explain the origins of the universe and our existence but also the purpose mankind was created for,Negative
When youre under your body can handle a lot of the crap you put in it tbh But quarter a century of predominantly junk does catch up Better late than never amp the body can amp will heal inshallah if you put the right fuel at the right time amp the right amount,Negative
Nikh Islamic marriage is for life The vows of qabl accepting one another at the time of Nikh are serious intentions to stay together for life Stop treating Nikh like a light matter almost as if you bought something from the shop with a returning policy,Negative
Abu taymiyah is known to sit with the opponents of salafiyah just like he went on M Hijabs podcast where he watered down salafiyah to please him in hopes to oppose a common enemy ahlus sunnah this was whilst Hijab was attacking the salafis ulama and slandering them,Positive
NEARLY WAY THERE GiveAQuranInRamadn Donate Donate Donate Donorbox PayPal,Negative
Lesson update Qaidah alNuraniyyah is cancelled today due to unforseen circumstances We apologise for any inconvenience caused Jazakum Allah khairan,Negative
Al Rahma Mosque Liverpool American born British Imam Abu Usama at Thahabi explains the evils of the LGTB community and the Punishment for them under Sharia Law video courtesy,Positive
SATURDAY MASJID FAMILY NIGHT PM TO PM Team Building Pizza Night Purchase your ticket now,Negative
Resurrection will be the imagemakers Both Sahih by Imam Albani Anyone who opposes the Sunnah of the Proohet after the truth is made clear to them leave them they made their desires the legislator over Allah and His Messnger via false opinions and Shaytans waswasa,Positive
His Awrah is covered and why do people think they can start shortening words what is astugz,Negative
Mashallah a good man and scholar Shaykh Yasir alHanafi,Negative
Amin May Allah bless you and your travels and keep you safe on your journeys,Negative
Anil Arya Vs Mufti Yasir Nadeem Debate On The Creation Of Universe Urdu language smashed it Mashallah,Negative
None of the Imaams of Salafiyyah of our time objected to the books and authorship of Shaykh Rab Not Ibn Bz AlAlbni Ibn Uthaymn rahimahumullh,Positive
Understanding Taqld Madhabs Ijtihd amp Fiqh Methodologies Course Includes Hours of PreRecorded Session with Hours of Live QampA Session Detailed course notes Access to recordings until th Jan More info,Negative
The benefit shared by our beloved Shaykh during our private time,Negative
Madinah Book Today From pm UK Time Abu Kenzah Jamal Live on the DUS Dawah channel Inshaallah,Positive
Stop your mindset of I cant be happy unless I have this or that Happiness has no requirement unless you set it so There are depressed rich people in the world and on the other hand there are happy people who have only the bare necessities Contentment is a choice,Negative
Sahoor Dua Start your fasting by donating to the Islamic Centre of Britain icobritain RamadanMubarak ramadan islam Ummah Muslims Happy reelsvideotrending reelsvideo sahur donate JummahMubarak,Negative
ANNOUNCEMENT th July Tonights Kitaab at Tawheed Lesson with is cancelled Sorry for the inconvenience The lessons will resume next week InshaAllaah BarakAllaah Feekum,Negative
Theres no need to put a brave face on when you talk to Allah in fact being a real as possible with Allah is the best way to approach Dua This is how the Prophet began his Dua at Taif To You my Lord do I complain of my weakness lack of support and the humiliation I,Negative
New Video Am I a Good Muslim Shaykh Ibn Baz,Positive
Sincere advice to my revert brothers and sisters Alhamdulillah that Allah chose you and guided you to success Use this time to better yourselves and to work on your emaan Dont become hasty and involving yourselves in debates and discussions regarding Islam,Negative
The Eid Prayers in Lenasia South Africa marking the end of Ramadan brought together tens of thousands of Muslim in a historic gathering Subhanallah lenasiaeidgah EidCelebrations EidMubarak,Negative
To feel good about ones Hizb party heads amp callers impressionable youth ignorant simple minded insignificant people whom should be prevented from teaching online amp offline to see how I and others respond or act to their whispers to prove themselves right is stupid,Negative
Narrated Ab Hurairah The Prophet said Whoever performs Hajj for Allaahs sake only and does not have sexual relations with his wife and does not do evil or sins then he will return after Hajj free from all sins as if he was born anew,Negative
Tonights Lesson InShaAllaah Continuation of Chapter Do they attribute as partners to Allaah who created nothing but they themselves are created,Negative
Waswas is something that I noticed is WIDESPREAD amongst the Muslims and people are silently struggling with Knowledge is the cure to this and similar problems we face in our lives Have a quick listen to where we discuss Waswas,Negative
Hassan alBasari RahimuAllah said Everyday in which Allah is not disobeyed is an Eid day,Negative
So something that sufficed the Messenger and his Khulaf yet it doesnt suffice you The Qdhi paused and went silent Then the ruler Al Wthiq who was present said May Allh not increase the one who is not sufficed by that which sufficed them,Negative
Uthman Bin Affaans Statement I will not be the first to unleash the sword after departure of Muhammad,Negative
Taraweeh Day On the day of judgement everyone of us will feel a great deal of regret Every heart will experience the feeling of being fooled In the end well admit that the dunya didnt provide us with what we were desiring,Negative
Do not despair from the mercy of Allah Abu Inaayah Seif Whitechapel Tower Hamlets,Positive
Wallahi this shows how fortunate we are Uthman ibn Affan The Messenger of Allah peace and blessings be upon him said Whoever builds a mosque for Allah Allah will build for him a house like it in Paradise Source a alBukhr,Positive
Alhamdulilah a beautiful end to the first day of the conference Inshallah tomorrow we start with sheikh Umar Quinn The Tremendous Status of the Prayer with the Salaf,Positive
Knowledge unlike many other forms of power cant be taken away from a person This should illustrate its importance for an individual in the Deen and the Dunya It has a transformative effect on a person and and can change the heart of a sincere seeker of truth,Negative
He described the impact of Muslim school kids in encouraging their friends to embrace Islam Bunch of yearolds turned up with one of them wanting to take Shahadah The kids mum was happy he was converting,Negative
Two important reminders I believe the imams of masajid should remind their public of this Its not only about ritually gathering at the mosque,Negative
AYAH OF THE DAY But when his Lord unveiled His glory to the mountain He crushed it into fine dust and Musa fell unconscious And when he awoke he said Glory be to You I have repented to You and I am the first of the believers,Negative
Shaykh Abdullah Kamel returned to Allah yesterday at the age of May Allah raise him as one of the true people of the Quran Ahlul Quran amp enter him into Jannah without reckoning,Negative
These new Muslims can sometimes become isolated from friends family and social media And are subject to attack and vilification It is our duty to welcome our brothers and sisters into Islam and help them stay in their new found home until we meet in paradise inshaAllah,Negative
Eid takbeerat from Masjid AlAqsa FreePalestine EidUlFitr,Negative
Session now LIVE SUNNAH CAMPUS Appeal Join us on this blessed th night of Ramadhan Watch Call in support amp donate Donate here,Negative
Continuing this Saturday th March The Conditions of La illaha ill Allah Explanation of Shaykh Ubayd AlJabiri By Abu Abdullah Zubair Ibraheem New time pm pm CONEL college Tottenham high rd London N RU,Positive
Donate to help build a Masjid and Youth Centre,Negative
Ibn Salih Imam Maliks Student said to Imam Malik You enter upon the rulers while they are oppressors and are tyrannical Imam Malik said May Allaah have mercy on you where then is the proclamation of the truth Jarh wa Tadil of Ibn Abi Hatim alRazi,Negative
High recommend Very easy to read everything is broken down nicely Some really good advise thats helped me through my fasts a lot Link is in the brothers bio and its free or you can pay whatever you want inshallah,Negative
Fasting of Muharram and the day of shoor by Shaikh AbdulAzz Ibn Bz rahimahullh,Positive
Two WhatsApp Advices by Mufti Muhammad ibn Adam alKawthari,Negative
Same Dunya different priorities May Allah ease all our affairs,Negative
Janazah Announcement The Janazah of our respected uncle Mohammad Latif Railway Street Nelson Originally from Mandhi Bauddin Pakistan will take place today Thursday rd March Immediately after Isha pm and before Taraweeh,Negative
Alhamdulillh for the BLESSINGS of the Noble Qurn Alhamdulillhi katheeran for that tranquility peace and HAPPINESS that brings to the heart and soul Alhamdulillh infinity times for that SPECIAL SWEETNESS that the heart and soul feels,Negative
This may seem weirdcringe to us now But in the time of the Ottoman empire this was the norm And the graves had masajid built on top of them where other than Allah was worshipped for centuries Alhamdulilah the Salafi rulers of Saudi flattened the graves and eradicated shirk,Positive
Allaah the Most High said O mankind Be afraid of your Lord by keeping your duty to Him and avoiding all evil and fear a Day when no father can avail aught for his son nor a son avail aught for his father,Negative
Oh you who believe Do not lend your ear to those who belittle the Companions of Islam It is from the ways amp acts of the Heretics which they intend to pass on to those who listen to them They aim for the Religion amp hope to tamper with the Correct Methodology So Beware,Negative
Pausing Seeking Knowledge in Ramadan Shaykh alAlbani,Positive
Jummah Mubarak If you enjoyed our recent Mosques Around the World Series then youll ensure our latest blog Help build a unique mosque in the heart of the United Kingdom icobritain mosquesofworld Mosque Masjid goodread,Negative
MashaAllah Inni meeenun man irada iaanataka,Negative
The non practising men enter haram relationships and multiple times because they know they can satisfy their desires without entering a marriage which we all know is a difficult procedure due to the demands of the societies and cultures Its a lot easier to do haram for them,Negative
Their efforts in travelling and teaching us amp the various communities Spreading Dawah Salafiyyah is truly amazing We ask Allah to reward them greatly May Allah reward the brothers who travelled USEU amp Holland,Positive
Almost got a rash in jumua how you might be wondering The brother next to me recently shaved him arms and had these really pricky hairs like a hedgehog and they were so sharp that they were poking through my thobe and stabbing me,Negative
Chapter Making Clear that Allaah is Living Never Sleeps and His Veil is Fire and Light By Abu Isml AlHaraw d H Abu Khadeejah,Positive
As the Magnum Opus of Salafi Publications this valuable book is a musthave for every Islamic library Bound within the finest quality of hardback printing you will find a treasure trove of information surrounding the tremendous,Positive
and test No one should expect the good to simply fall into their lap without any effort Why arent these scholars on Youtube or TikTok to reach out to me and connect Why do you not value your Islam enough to seek them out,Negative
Lesson Tonight Friday rd February Kitaab AtTawheed Taught by Ustdh Abdul Hakeem Mitchell in person pm pm inshaAllaah All welcome Balham Community Centre Bedford Hill SW HE amp,Positive
Prophet said Among the people who will be most severely punished on the Day of Resurrection will be the imagemakers And The makers of these images will be punished on the Day of Resurrection and it will be said to them Breathe life into that which you have created,Negative
NEW TRACK ADDED Tafsr ibn Kathr Lesson Tafsr Surah AlAnm Verse Abu Hakeem Bill bin Ahmad Davis LISTEN HEREgtgtgt,Positive
AYAH OF THE DAY Dhu lQadah Indeed those who took the calf for worship will obtain anger from their Lord and humiliation in the life of this world And thus We reward those who fabricate lies,Negative
This is recited not only after reciting alQuran but its recited after ending majlis too,Negative
The Ramadan routine of these oppressors May Allah deal with them as they deserve Ameen,Negative
Salafi Salafirecording Salaf Muslim Islam Quran Sunnah Salafiyyah,Positive
The FA cup was made in Birmingham and the first football league in the world started here Help build the Islamic Centre of Britain in the heart of Birmingham icobritain Birmingham unitedkingdom Islam Community History School educateyourself,Negative
There is no one more generous than Allhs Messenger and he was never more generous than he was in the month of Ramadhn Lets put something forward,Negative
May Allah make us say la iaaha iAllah when we die amin,Negative
Castle Sohail a large castle built by Abdurrahman III in AD AH as a Muslim fort Its now a venue for music concerts for partygoers They dont want you to know how far reaching Islam really was Some Muslims have no idea about Islams reach historically,Negative
This lesson covers the virtues of thankfulness and gratitude to Allah Islam Muslim Tawheed Sunnah Shirk Bidah Salafi Manhaj Hanafi Fiqh,Positive
Announcement There will be no Kitaab AtTawheed lesson this evening We encourage our brothers amp sisters to benefit from Shaykh AbulHasan Maliks visit by attending in person or listening online The Kitaab AtTawheed lessons will resume Friday Jan inshaAllaah,Positive
Due to unforeseen circumstances the lesson today with our brother Abu Ukashah in Tower Hamlets is cancelled May Allh grant him good health We look forward to continuing this lesson next week in sh Allh,Positive
Is the importance given to the knowledge itself or merely the one teaching it When it comes to weekly lessons at the Salafi masjid we find individuals absent from that which is close and easy to them But when a prominent individual comes to teach people flock to them,Positive
Beautiful recitation from Surah AlQiyamah Masjid AnNabawi Reciter Shaykh Ahmed Talib Bin Hameed,Negative
Allahu Akbar we received a donation May Allh reward the individual immensely in this world amp the hereafter Amn Do not be left behind whilst others race to opportunities of good deeds Donate today Ramadan LetsGetItDone,Negative
Allaah the Most High said And remember when Luqmn said to his son when he was advising him O my son Join not in worship others with Allaah Verily joining others in worship with Allaah is a great Dhlm wrong indeed Srah Luqmn,Negative
JazaakumAllahu Khairan to all the attendees amp volunteers who helped assist with the sisters BBQ event last week Alhamdullilah we managed to raise towards the masjid appeal Donate today and help support the Masjid Appeal,Negative
May Allah free from the shackles of the Tawaghit,Negative
Duas are accepted at the time of rain In some countries the masses are so aware of this that when it rains we see people standing and making dua from wherever they may be,Negative
Narrated Ab Abs while he was going for the Jumuah prayer I heard the Prophet saying Anyone whose feet are covered with dust in Allaahs Cause shall be saved by Allaah from the HellFire,Negative
Todays dars is around the following section of The Book of Retribution from Umdatul Fiqh of Imaam Ibn Qudmah Rahimahullah,Negative
One day Im going to deliver the Friday sermon at a mosque wearing the Vision Pro Inshaallah,Negative
LEEDS SUNDAY CLASS Fiqh of Dua amp Adkhar Abu Mudh Taqweem Sunday th June at pm Roundhay Resource Centre Brothers only class Previous lesson Live broadcast,Positive
Muhammad stopped a Slaves freedom Then Sold him instead,Negative
Sharh asSunnah of Imaam al Barbahari Explanation of Shaykh Saaleh al Fawzaan Taught by Ustdh Live at Masjid All welcome both sides open Broadcast on,Positive
Like life wasnt confusing enough now modern liberals need to decide their gender,Negative
Burial Process in AlMadnah AlMunawwarah Updated This brief blog details an uptodate processs of burial in AlBaq Graveyard AlMadnah AlMunawwarah It includes important contact numbers locations and web links,Negative
Al Hamdulillh a beautiful weekend with Ahlus Sunnah here in the UK joined by our noble brothers from the US May Allah reward all who participated and took the time and effort to attend this monumental event All a memorable occasion,Negative
A heart without Qurn is an EMPTY and DEAD heart,Negative
O Allah I am Your slave and the son of Your male slave and the son of your female slave My forehead is in Your Hand ie you have control over me Your Judgment upon me is assured and Your Decree concerning me is just I ask You by every Name that You have named Yourself,Negative
New Track Added Night Raman Short Reminders By Abu Hakeem Bill Davis,Positive
The last nights of Ramadan are almost upon us learn about the Ramadan and the Quran icobritain RamadanMubarak ramadan islam Quran Ummah Muslims Happy sahur iftari donate fasting islamicReminders Prophet Muhammad Goodreads,Negative
Give us a smile lad Is it really that miserable being a deviant,Negative
Imagine the immense reward in saving thousands of Muslims and empowering numerous dut and organisations You will share in the reward of their worship dawah and impact The Messenger of Allah said Charity does not decrease wealth,Negative
If you have any doubts about Islam dont ever be ashamed to ask someone knowledgeable as Islam has the answers Allah says in the Quran Ask the people of knowledge if you do not know,Negative
NEW TRACK ADDED Tafsr ibn Kathr Lesson Tafsr Surah AlAnm Verses Abu Hakeem Bill bin Ahmad Davis LISTEN HEREgtgtgt,Positive
The noblest people amongst humankind faced the greatest hardships in the path of Allaah,Negative
Jundab reported The Messenger of Allah peace and blessings be upon him said A man said By Allah Allah will not forgive this person Allah Almighty said Who is he who swore by Me that I will not forgive someone I have forgiven him and erased your good deeds Source,Negative
The understanding of the Sahbah and their knowledge Take this oh person of deluded hopes AlImm ibn Al Qayyim said The understandings of the Sahbah are above the understandings of the entire Ummah And their knowledge of the objectives of their Prophet and the,Negative
This book is the perfect gift for the new Muslim and those who want to ground themselves in the basics of the religion by which if it is not understood then his worship will not benefit him,Negative
Son Of Famous WWE Wrestler Umaga Converts To Islam Describes Journey As Beautiful,Negative
Hijra soon inshallah lol I used to think some of my own shuyookh who recommended this ten years ago were totally misinformed Where when amp practically how is the only conversation now before it was why would you life is good here,Negative
Ameen Historical indeed Allah Akbar All Praise to Allah who brings His slaves out from darkness into light May Allah bless and reward you all,Negative
While I disagree with much of the content perhaps a post for another day heres some reflections by Imam Razi on the story of Prophets Musa and Khadir that I translated around,Negative
Masjid AsSunnah BRADFORD Broadcast Masjid Carpark Clean Up This Sunday pm inshAllh JazkumAllhukhair,Negative
HADITH OF THE DAY Dhul Qadah ProphetMuhammad said There is a surah in the Quran consisting of verses which will intercede for its recitor until he is forgiven It is Tabaarakal ladhee biyadihil mulk Ibn Majah,Negative
At the end of the presentation and I will be speaking about the very exciting interactive Muslim History Map we have been working on as interns for Sign up below,Negative
AL FURQAN CENTRE NATIONAL WINTER CONFERENCE Fri th Dec Sun st January Overnight Stay Registration is NOW OPEN brothers and sisters Please note for those under the age of a parentguardian will need to also be present at the overnight stay,Negative
All humans make mistakes and the scholar may err at times and he may get it correct He was an Imam of Ahlus Sunnah about whom many lies were spread For example Mutazila would spread kufr and attribute it to him to gain legitimacy as they claimed to be his students,Positive
swallow them up and he will turn some of them into apes and pigs Source Sunan Ibn Mjah,Negative
Kalaam is a Muslim startup which is creating a halal audio platform for the Muslim world Please complete this questionnaire so they can understand how best to support everyones spiritual goals and provide the best halal content,Negative
We also have an appeal for regular STANDING ORDER or DIRECT DEBIT To set up a standing order or direct debit press the link below,Negative
Salafi Salafirecording Salaf Muslim Islam Quran Sunnah Salafiyyah,Positive
companions of Muhammad with evil or slanders them or disavows any of them or insults them or exposes them by insulting them and cursing them then this one is a Rafidhi Opposer To the Sunnah Khabith Misguided Abdullah bin alMubaarak d H Muaawiyah is a,Positive
When youve seen so many people go from one Ramadan to the next Ramadan it really hits home that we just make it to the month inshallah,Negative
rayyancourses friday jumuah FridayFeeling fridayvibes quran surahkahf,Negative
Sincere Advice Narrated that the Imm Hrn b Abdillh AlHamml said Ahmad b Hanbal came to me one night and knocked on my door so I said Who is this So he said It is I Ahmad So I made my way to go out to him So we exchanged greetings for the evening,Negative
Narrated Ibn Abbas The Prophet said There are two blessings which many people lose They are Health and free time for doing good Bukhari,Negative
We are not ones to reject neither outright nor reject the truth nor look down on people water down or compromise nor change colours and play games obscure matters mix the truth with falsehood nor defend it nor oppression transgression condemnation we strive to be with the,Negative
Recite the Quran in Salah as much as you can Shaykh Muhammad Yunus Jownpuri,Negative
AlAllamah Salih AlFawzan Taking photographs in the Haram by the Kabah is from riya showing off,Positive
Two kinds of admissions that remove arrogance and ingratitude Admission of fault Admission of blessing,Negative
Islam is the fastest growing religion in the West Most of the reverts are white amp a significant portion of them are women despite the false propaganda portraying Islam as antiwomen This mass conversion is not due to Muslim conquest of Europe or the USA rather it is because,Negative
THE SPIRIT amp FIQH OF RAMADHAN One day prerecorded course with live Q amp A session Refresh your your spirit and fiqh taught by Mufti Muhammad ibn Adam alKawthari Full details and registration here,Negative
The great Damascene scholar Ibn Qayyim alJawziyyas d authored the masterpiece of Islamic psychology Madrij alSalikeen Ranks of the Divine Seekers It sets out the great Hanbalites advice on how to journey to Allah and reach the ranks of a loving believer of our,Negative
London is hot right now so you know that means more fitna brothers we must lower our gazes and sisters may Allh preserve you for covering for his sake Our reward will be everlasting,Negative
O you who believe Take not as your consultants those outside your religion since they will not fail to do their best to corrupt you They desire to harm you severely Hatred has already appeared from their mouths but what their breasts conceal is far worse,Negative
Anas reported The Messenger of Allah peace and blessings be upon him said Two deeds are quickly punished in the world transgression and disrespect to parents Source alMustadrak al alaayn,Negative
Live Now Shaykh Abu AlHasan Malik The stance of the Salaf against those who oppose the Sunnah Listen in Masjid atTawheed,Positive
Muslim charities value to soar sixfold to bn by report from,Negative
With a hard heart how will you receive guidance and the benefit of the Quran,Negative
See below the hadith of the Messenger of Allh on the topic of Isbl,Negative
NEW BOOK THE PRAYER OF THE BELOVED PROPHET SHAYKH MUHAMMAD ISMAIL ASSALAFI D,Positive
Ramadan Live The Battle Within Dealing with the Diseases of the Heart Today April PM UK time PM Mecca PM Texas PM New York,Negative
Valuable things are concealed Thats why people whisper their prayers and dont shout them,Negative
May Allah make it easy for you You got this,Negative
Hadith Bukhari total words Hadith Bukhari total Jihad Hadith Bukhari total kafir IMPORTANCE OF HADITH Jihad against the Kafir their planning our demise in front of our eyes and we do nothing,Positive
For scholars amp students of sacred knowledge a fascinating discourse of our Shaykh Mufti Muhammad Taqi Usmani in eloquent Arabic introducing his two recent masterpiece works Fiqh alBuyu and Tawthiq alDuyun,Negative
This Sunday in Sheffield a Live TeleLink with Shaikh Mustaf Mabram Brothers from various markiz joining us with food served afterwards Invite friends amp family to come amp benefit Details below,Positive
Salafi Salafirecording Salaf Muslim Islam Quran Sunnah Salafiyyah,Positive
Good character beautifies everything Thats why the Prophet was sent to perfect good character May Allah make us from amongst those people who are softspoken pleasant kind and cheerful to every person they encounter,Negative
The description of the Prophets prayer from the opening Takbeer to the Tasleem,Negative
Facts about ZakatulFitr Must be given before the Eid Prayer Every Muslim must give ZakatulFitr It is also known as Eid Fitrana You can donate your Fitrana to Qadria Trust icobritain RamadanMubarak ramadan islam Ummah Muslims fitrana,Negative
A short clip from part of the interview amp discussions with Mufti Muhammad ibn Adam Watch the full part here,Negative
When giving dawah do not break the commands of Allah Being tolerant does not mean being lax with the ahkam of Allah,Positive
Everything that Allah has commanded on us is good for us and everything that Allah has prohibited from us is bad for us even if we dont the wisdom behind themWere limited in everything therefore its best we summitampobey our creator if we want to have a happyampcontent life,Negative
Iftar Dua This Ramadan help build the Islamic Centre of Britain icobritain RamadanMubarak ramadan islam Ummah Muslims Happy reelsvideotrending reelsvideo FastingMonth iftari dua,Negative
May Allh have mercy upon Shaikh Al alWasf May Allh forgive him and enter him into Paradise And may Allh reward him for the time and care he gave in teaching and benefiting others,Negative
The Janazah will be held at Masjid Sunnah Brunswick Street BB AR Location Note There is ample space for sisters to also attend the Janazah Salah For condolences or queries ring Atiq Latif eldest son,Positive
Ramadan Live Allahs Arguments Achieving Intellectual and Spiritual Tranquility Today April PM UK time PM Mecca PM Texas PM New York,Negative
Iftar in the village of Kartung in Gambia amp a message from our assistant on the ground there,Negative
Sh Gibril Haddads Review of The Quran Beheld by Sh Nuh Keller,Negative
NEW TRACK ADDED Tafsr ibn Kathr Lesson Tafsr Surah AlAnm Verse Abu Hakeem Bill bin Ahmad Davis LISTEN HEREgtgtgt,Positive
Salafi Salafirecording Salaf Muslim Islam Quran Sunnah Salafiyyah,Positive
It was truly a blessing amp honour to spend the holy month of Ramadan with the community amp to see the community growing All praise is for Allah I thank Abu Ibraheem and the community for their care and kindness May Allah continue to bless the dawah in Jamaica,Negative
Tonight A Glimpse at the story of Yusuf PART from the works of AlImm AbdurRahman AsSadi By Sh Uways AtTaweel Saturday th April PM BST AM KSA Masjid Bin Bz East Road London E QR,Positive
HADITH of Imam An Nawawi Lesson Hadith no The danger of the tongue TODAY Broadcast live,Negative
Explains a lot why Muslims are the way they are now when their hostility and behaviour towards is just shocking Were not allowed to hate or have rancour in our hearts towards a Muslim in but they make it pretty hard The only way break the cycle of hate is to have patience,Negative
LESSON TODAY Kitaab AtTawheed ShaykulIslm Muhammad Ibn AbdulWahhaab After ASR Prayer PM Masjid AtTawheed BROTHERS and SISTERS welcome,Positive
The benefit shared by our beloved Shaykh during our private time,Negative
An Insight into Why Hijb and His Coconspirators Slander People of the Sunnah Part Playing the Victim After You Get Caught Red Handed Combining Arrogance With Sophistry and Remaining Unrepentant upon Lies and Oppression PDF pages,Negative
Dispraiseworthiness of Bigotry for Individuals Shaikh Abdullh adDhafr,Negative
An Exposition Of The False Principle Of Unity In Light Of The Quran Sunnah And The Fatawa Of The Scholars A Simple Guide to The Prophets Prayer Plus the leaflets hundreds of hours teaching the books of the Salaf amp Ulema s of Air miles in the way of Allah,Positive
Its either between Erdogan or the filhty secular kemalist Atleast with Erdogan the hijab and muslims have more freedom The Kemalists would rather see Islam perish and fade from Turkey May Allah aid the muslims of Turkey,Negative
Facts about Birmingham Series Birminghams Spaghetti Junction Help build the Islamic Centre of Britain in the heart of Birmingham icobritain Birmingham unitedkingdom Islam Community History School educateyourself mondaymood,Negative
The Messenger would supplicate to Allh in the morning dus O Allah I ask you for beneficial knowledge good amp hall provisions and righteous accepted actions Full lecture from th March,Negative
Since you are zombie scrolling stop and say,Negative
rayyancourses ilm spirituality hadith islam madina ahlbayt,Negative
Alhamdulillah great response from our community last night with donations exceeding to complete the expansion project Remaining Paypal Metro Bank Markaz At Tawheed Maintanance Account Number Sort Code,Positive
Update Our first translation titled The easiest way to memorize The Noble Quran Is currently being reviewed and it has to go through a checking process of not only the translation itself but any grammatical or punctuation mistakes And an extensive review before it can,Negative
Exciting announcement for our US customers AlFusul Chapters from the life of the Messenger is now available with Prime delivery in the USA Get your copy now at AlFusul AmazonPrime USCustomers OrderNow,Negative
Fasting Every Monday for example and then later adding Thursday Pray every night Rakat and then Rakat Witr Every night Read a portion of the Quran a specific set time every time every day example when I wake up after Fajr read a Juz in mins or commuting to work,Negative
WHY DO MUSLIMS NOT DRINK ALCOHOL A brief explanation of the wisdoms behind Islams prohibition of alcohol and its benefit to society Via Ustadh,Negative
LESSONS TO RESUME THIS WEEK HADITH of Imam An Nawawi Lesson Saturday th April Broadcast live,Negative
May Allh bless our brother for a wonderful meal with some of the Salafi brothers this afternoon A lovely way to end a year of arduous studies,Positive
Biography Shaykh Muhammad Ismail asSalafi d One of the scholars who shaped Dawah Salafiyyah in the subcontinent He spent years giving Dawah in Gujranwala and when he first arrived in the city the Ahlul Hadith only had one masjid,Positive
The Prophet peace and blessings of Allh be upon him ascended the minbar and said mn mn mn,Negative
Part The Roots of Kalm Theology and Why the Jahmites and Their Offshoots Accuse Ahl alSunnah of Being MujassimahMushabbihah,Negative
Look at those who have less than us with regards to propertywealth family health strength ability situation so that we dont belittle The Bounty of Allah upon us to thank praise be grateful to Allah People who can pay Zakat amp give Sadaqah after themselves help them,Negative
Ilm al Saheehah Alhamdulillah for Salafiyyah,Positive
I was warning about these mob operations headed by some individuals and supported by some politicians who are in government will lead to injusticeampoppression and we witness that ElvisNyathi I hope it doesnt get worse,Negative
Mohammed Hijab Character Assassination Gone Wrong Shamsi Responds,Positive
NEW LESSON Sharh asSunnah of Imaam al Barbahari Topic Introduction Ustaadh AbdulHakeem of Manchester,Positive
RasulAllah SalAllahu alayhi waSallam Know that victory comes with patience relief with affliction and ease with hardship alTirmidhi,Negative
Exposing the Innovated Practice of the Mawlid Important Facts Related to Celebrating the Prophets Birthday,Negative
Salafi Salafirecording Salaf Muslim Islam Quran Sunnah Salafiyyah,Positive
Salafi Salafirecording Salaf Muslim Islam Quran Sunnah Salafiyyah,Positive
FEED THE NEEDY RAMADN TARGET COMPLETE After thanking Allh we thank everyone that supported this project May Allh reward you all with good All focus is now all on GiveAQuranInRamadn,Negative
LIVE NOW Beware Of Following The Footsteps Of Shaytn Ustdh Abdul Hakeem Mitchell Friday th April pm BST pm KSA Masjid Bin Bz East Road London E QR,Positive
The Misconceptions Around The Dawah Shamsi P,Positive
CCDworkforce has returned to the UK after completing phase in TurkiyeSyria to prepare for Ramadn Preparations are now underway for phase which will take place near the end of Ramadn InshAllh Donorbox PayPal,Negative
Yesterday was our first Eid prayer at Masjid AdDrim Islamabad Pakistan May Allh bless it and give us the ability to complete the project successfully,Negative
on the Hadith of Intention Open Access,Negative
The Quran is Ever relevant to our lives,Negative
Riyaa in Islam is showing off It is a major sin which renders that good deed null and void Its definition is to do a good deed with the intention of people seeing you and praise you for it Heres one of its consequences,Negative
With the permission of Allh we have left lets make them benefit us,Negative
The Prophet was an embodiment of Love,Negative
One of the best ways of having clarity about your priorities in life is to write them down Make a note of what means the most to you in your life amp then strive to work towards improving those things Whether its your salah or your relationship with your familyparents,Negative
Islamic Cleric explains how Koran Verse Legalises Sexual Intercourse with Prepubescents under Sharia Law,Negative
NEW UPLOAD The Muslim who makes fun of the Religion By Abu Khadeejah AbdulWhid Link Salafi Salafirecording Salaf Muslim Islam Quran Sunnah Salafiyyah,Positive
Have trust in Allah He has your life in control better than you do,Negative
A person may sleep at night and Allh withholds his soul so he never wakes up amp instead dies in his sleep others Allh releases their souls back so they awaken the next morning Important reflections for every servant amp what to think about before sleeping Short lecture,Negative
New Audio Shaykh Uways Taweel A Glimpse at the Stories in the Quran Story of Prophet Yusuf Part,Positive
Sunnah Campus LIVE Appeal There will be a LIVE YOUTUBE appeal THIS Saturday th April to help reduce Sunnah Campus debt Call in and join us on the night from pm onwards Meanwhile you can donate here Masjid Sunnah Nelson,Positive
AYAH OF THE DAY Dh lQadah When Musa returned to his people angry amp grieved he said How wretched is that which you followed after me Could you not patiently wait for your Lords decree He threw down the tablets amp seized his brothers head pulling him to him,Negative
Ibn Bals Commentary on Leprosy Contagion and Rulings Pertaining to Lepers,Negative
LEEDS SUNDAY CLASS Fiqh of Dua amp Adkhar Sunday th June at pm Roundhay Resource Centre Brothers only class Previous lesson Live broadcast,Negative
Ramdan is less that days away May Allah allow us to reach the blessed month,Negative
Fasting daily planning to finish Quran X amount of times From the lessons we benefit from Ramadan is consistency and meeting goals After Ramadan we should continue applying this Start by,Negative
To have trained women dealing with womens issues eg female doctors treating women so that the fitna of men and women intermixing in society can be eliminated To not give people an excuse to spread propaganda against the Taliban using this issue of female education,Negative
Our goal should not be to eventually enter Jannah our goal should be to directly enter Jannah without having to first suffer the fire of Jahannam,Negative
They made not a just estimate of Allah such as is due to Him And on the Day of Resurrection the whole of the earth will be grasped by His Hand and the heavens will be rolled up in His Right Hand Glorified is He and High is He above all that they associate as partners with Him,Negative
Lesson A continuation of the different types of dua and remembrances before sleeping Islam Muslim Tawheed Shirk Sunnah Shirk Hanafi Fiqh Salaf Salafi Manhaj Dua,Positive
AYAH OF THE DAY Dhu lQadah The people of Musa made after his departure from their ornaments a calf a sculpture with a moaning sound Did they not see that it could not speak to them nor guide them to a way They took it for worship amp they were unjust,Negative
When Allah loves a servant he tests him Tirmidhi,Negative
Hajj Rules Its sunnah for men to expose right shoulder amp upper arm idhtiba throughout Tawaf after which there is Sai But this should not be done when not in Tawaf,Negative
It is recommended to read the following Durud on our beloved Prophet at the end of Qunut in Witr Salah Narrated in Sunan alNasai,Negative
The wisdom of Allah is greater than our wisdom Theres a reason why its recommended for women to be away from the public eye as much as possible This isnt because were scared of your potential or we dont want to see you winning Its to protect you,Negative
NEW UPLOAD How to become close with your children amp How to discipline a son By Sh Abdulilah Lahmami Link Salafi Salafirecording Salaf Muslim Islam Quran Sunnah Salafiyyah Muslimhome,Positive
Were now taking international orders Please send an enquiry to Daralhadith,Negative
The strong man is not the good wrestler but the strong man is he who controls himself when he is angry Prophet Muhammad,Negative
Pray to the One who granted you the ability tawfiq to fast in Ramadan and even perform the Sunna tarawihqiyam prayers to grant you the ability to perform the five daily obligatory prayers throughout the year Allahumma Ameen,Negative
AYAH OF THE DAY Dh Qadah Decree for us good in this world amp the Hereafter we have turned to You He said I will afflict with my punishment whom I will amp My mercy encompasses all things I will decree it for those who fear give zakah amp believe in Our verses,Negative
People are saying finance exists but those contracts tend to have late payment fees which are Riba I have come across many practicing Muslims who took out car finance or lease deals due to finance and have not been aware of this,Negative
Listen to Day Sittings in Ramadan The Virtues of Obligatory and Nawafil Prayers By Sh Uways atTaweel Masjid bin Baz Radio,Positive
Wifely obedience taa is an idea that features regularly in the classical Islamic tradition in discussions on marriage Absolutely no scholar presented this as husbandly control or being domineering Telling someone to be obedient telling another to be controlling,Negative
LIVE NOW A Glimpse at the Story of Musa PART from the works of AlImm AbdurRahman AsSadi By Sh Uways AtTaweel Listen at,Positive
And may I inform you of the people of the HellFire They are all those violent arrogant and stubborn people Bukhari,Negative
Fighting wasnt legislated for every single Prophet However all of them had knowledge and all of them engaged with and answered questions posed to them by those who doubted their message or even tried to disprove it as ancient stories of generations past,Negative
Keep up with your daily athkaar and protect yourself from the evil eyes of humans jins and animals,Negative
Allahu Akbar dayswith under k to raise This a noble causeThe spread of authentic ilm to the masses Lets do what Ahlus Sunnah do BestDig Deep in our pockets walletsamp purses amp support each other to achieve our goals Let of us step forward ampdonate today,Negative
ANNOUNCEMENT st July The weekly Kitaab at Tawheed Lessons with are cancelled until further notice Sorry for the inconvenience Please keep an eye on our Twitter account for further announcements BarakAllaah Feekum,Positive
Chai This has been my thought process for years prior to embracing Islam Many of our brothers and sisters in Islam erroneously believe that if you are not being served pork or you request that you do not want to eat pork somehow magically the establishment is Halal,Negative
In yesterdays jummah the imam addressed the pressing issue of the earthquake in TurkeySyria through a theological lens and how the Islamic tradition has responded to the question of evil In itself I think this is an important issue and something that should be addressed,Negative
Sisters Sunday Brunch Last Sunday of Every Month PM Update Next event will take place on Sunday th May InshaAllh Come and join us for a brunch event before the sisters dars Followed by Lesson at pm Advice to The Women from Selected Ahadith,Negative
Alhamdulillah amazing feedback coming through from our NEW course The Contemporary Muslimah SubhanAllah only sessions in and already making a difference a must for every muslimah today Shameem Vavda Still time to register before tomorrows session,Negative
Who is reviewing Yaqeen Institutes papers and books via,Negative
New Track Added Night Raman Short Reminders By Abu Hakeem Bill Davis,Positive
Almighty Help us realise our Ramadan goal in getting closer to You Soften the hearts of those whove yet to feel the sweetness of this month dont let us give in to despair Give us the strength to keep trying We ask for Your Mercy amp Forgiveness Aameen,Negative
Special Duas are requested for our brothers and sisters in Pakistan May Allah Almighty grant the country peace and prosperity and safeguard the faith honour and dignity of every person Amin,Negative
By the tawfq of Allah and His favour upon us we host weekly Islamic lessons in North East London For those who would like to financially contribute towards the running cost of these lessons our bank details are as follows May Allah bless and reward you all,Negative
Muslims should not boast about their glorious past and should be apologetic about Islam otherwise it will cause hatred towards Islam and some weak Muslims may leave the religion This is a wrong assumption as all other religions did the same and changed their scriptures,Negative
Lesson today at pm Sharh asSunnah of Imaam al Barbahari Explanation of Shaykh Saaleh al Fawzaan Taught by Ustadh Abdul Hakeem Mitchell Every Sunday at pm Live at Masjid All welcome both sides open Broadcast on,Positive
New Recitation video uploaded to my channel The meaning of Surah alHaaqa is so powerful It sends shivers down my spine every time I read it,Negative
As a leader in the Muslim community and a businessmen two categories that I dont think are fundamentally opposed necessarily Im more interested in how you conduct your business than whatever nice car you may possess,Negative
Get that last Khatma finished before sunset guys,Negative
Ive met and spoken with Abdurahman Hassan in real life and he is Salafi without a doubt These people are scared of ever actually confirming what they are fed and just engage in gossip,Positive
Salafi Salafirecording Salaf Muslim Islam Quran Sunnah Salafiyyah,Positive
THIS FRIDAY nd June Insh Allh Holding on to the Religion in Times of Fitan Guest Speaker Small Heath Birmingham,Negative
EidMubarak to all of the Muslims and may Allah accept it from us and you,Negative
InDepth Books Educational Retreats The Visionaries Retreats Debates The impact we have had in under years is nothing short of remarkable Alhamdulillh,Negative
There are some weirdos out there Keep yourself to yourself and dont let the whole world know what youre on And yes Tabarruj is a sin A horrible sin with huge consequences But theres wisdom to this being impermissible,Negative
Your lord is telling you So Remember Me and I will remember you Allah can sort out all your situations and knows whatever you are going through So why not turn to your lord,Negative
Allaah the Most High said And seek forgiveness of Allaah Verily Allaah is OftForgiving MostMerciful Srah AlMuzzammil,Negative
More amp more Hindus are accepting the truth amp leaving their religion of oppression which is based on casteism amp discrimination The more Islam is criticized amp attacked the more nonMuslims will research it amp accept it May Allah bless her amp keep her steadfast Ameen,Negative
Starting this weekend inshaAllah Dont miss on this unique opportunity Registration closes soon Dedicated for our sisters,Negative
Dont forget Tomorrow is a day of fasting The th of MuharramThe day of shr If you didnt fast today you still have a chance to earn the great reward of fasting tomorrow The expiation of the sins of the past year Dont let the opportunity pass you,Negative
We are continuing to raise funds to complete the Masjid expansion We ask that you continue to donate towards this noble cause Paypal Online Donations,Negative
Allah does not disappear it is us who turn away and stay away Turn back struggle to amend your ways and seek his pleasure,Negative
SubhanAllah SubhanAllah a brother who allowed his brother to be free to teach and give dawah This is actually emotional how many people are reasons for the dawah of Islam to spread but nobody knows them Maybe Allah provides for them because of the dawah of his brother,Negative
Lesson Today Last lesson of the book After Maghrib pm Madinah Book Taught by Abdurrahman Mawsili All Welcome,Positive
classes that will be starting next week In Sha Allah Both books are from the curriculum of the university of madinah in Saudi Arabia The first is lessons in reading which is a book geared to aiding the student to building their capability to reading the Arabic language more,Negative
Dont keep grudges Grudges are for those who insist that theyre owed something Its one sure way to become miserable Let it go amp heal your heart Youll find it easier to move on Looking back isnt going to help you Moving forward is what we all must do,Negative
I had the privilege of visiting and meeting the brothers at Dar Hadeeth Tanger The school is very active MashaAllah for boys and girls Also I would like to thank the brother Hisham for his amazing hospitality and showing me around this beautiful city,Negative
Khawarij and Anarchists are two sides of the same coin Khawarij dont recognise any government and hold rebellion against them to be from the deen Anarchists dont recognise any government and rebellion against them is from their main philosophy CommiesAnarchists Khawarij,Negative
Visited our noble Sheikh and had a private sitting at his residence Mainly discussed matters related dawah in the Maldives and Sheikh answered some questions presented to him,Negative
A brother of mine will be travelling to Uganda to the Islamic orphanage he is collecting for in Sha Allah Please donate generously for this cause for the sake of Allah The reward of providing for an orphan is immense,Negative
LIVE NOW He it is Who has sent His Messenger with guidance and the religion of truth by Shaykh Hassan asSomali MasjidBinBaz Listen Live,Positive
We also had a beneficial sitting with Sh Arafaat Al Muhammadi this evening we discussed a number of dawah related matters That was followed by dinner with the noble Sh Abdul Hakeem Dahhs of Algeria His ability to extrapolate benefits from the book of Allah is truly amazing,Negative
Islamic knowledge is a double edged sword It can either increase you in godconsciousness or make you completely arrogant because you think you know better than everyone else The latter is a result of insincerity when seeking knowledge,Negative
Australian Cleric Missing one prayer is worse than being a Murderer Rapist or Pedophile in the eyes of Allah Insane,Negative
Lesson today at pm Sharh asSunnah of Imaam al Barbahari Explanation of Shaykh Saaleh al Fawzaan Taught by Ustadh Abdul Hakeem Mitchell Every Sunday at pm Live at Masjid All welcome both sides open Broadcast on,Positive
Dont give misled people access to your ears You have no idea what kind of trouble that can create within you Imam Malik,Negative
Ma Sha Allah great turn out this evening here at the University of Bergen Norway at my lecture on the topic of marriage Event was organised jointly by the MSN amp the local Bergen Mosque After the event our hosts took us out for a healthy dinner May Allah bless them Ameen,Negative
One of the signs of your Ramadan being accepted is that you carry on doing the good you were doing during Ramadan Dont let your deeds and efforts in Ramadan be in vain but a stop to re charge and go again Oh changer of hearts keep our hearts upon your deen Ameen ya rabb,Negative
Continuing Tomorrow Six Events from the Prophetic Seerah Ustadh Mon th Feb Every Other Monday pm Centrecom Meeting Place N Row Milton Keynes MK BJ All Welcome Tune in live,Negative
Concluding part of the Explanation of the Hadith of Jibreel Islam Muslim Tawheed Shirk Sunnah Shirk Hanafi Fiqh Salaf Salafi Manhaj,Positive
When you take your Shahada Its not the END of your journey Its the BEGINING The Shahada is not the end of the game of life you do not need to complete all the quests side quests and achievements before taking your Shahada You havent even started the game You are,Negative
Sh Uthaymn lowering the garment below the ankles is of types with pride amp without pride Both are major sins with severe punishments as per the narrations Thus saying I am not doing so out of pride is a valid excuse,Positive
Jumua Khutba tarawih reminder and knowledge retreat all this weekend at the Grand Mosque of Winnipeg Manitoba Canada Listen live to the second day programs begin after Zuhr at the official Mosque YouTube channel,Negative
Imagine the impact of the great work of the organisations that we have supported The numbers are astronomical You can share in similar reward Be smart with your sadaqah Save Sapience Institute from reducing its work Donate,Negative
The Salaf would travel for days maybe months to just ask one question Now we WhatsApp the Shaykh Blessing Camel Marrakech,Negative
By contemplating the many favours of Allh the seed of the love for Him will be planted,Negative
At the same time we see how our sisters May Allah hasten their release are imprisoned in Iraq and Syria because of the war While the rest of the ummah even those with corrupt aqidah raised awareness for them the madakhila remained silent,Negative
Brilliant News We are thoroughly pleased to announce our Summary of Zakah Distribution Alamdulillh we received a whopping in Zakatul Maal donations amp in Fitr which we gladly distributed before Eid day May Allah accept this beautiful endeavour Ameen,Negative
Alhamdulilah we had our first session last Saturday amp already receiving amazing feedback Subhanallah thank you for putting this course together its been so far exactly what I needed Alhumdulilah Alhumdulilah May Allah increase the sister in every way and Rayyan Courses,Negative
Open to all no registration required Darussalam Masjid amp Cultural Centre,Negative
Hot Topics X Wives Marrying A Drug Dealer Laziness USA tripLaziness amp More Ust Abu Taymiyyah,Negative
Blessings are with the elders In the UK they proceded us in good deeds and dawah Whatever good we do they too will share in on the reward InshaaAllaah and others,Negative
Oh we believe in sulook When their scholars and followers go to shaam Tarim etc to show a different face to our sunni ulema strange how they dont even give bayah of barakah to anyone there and their own Hazrat sahibs have no khilafa off anyone,Negative
Being pious doesnt give you the right to be harsh to those around you If at all you should be gentler kinder amp always willing to extend a helping hand Be strict with yourself by all means but when it comes to others a softer approach will often achieve much more,Negative
The Fundamentals of Tawheed Monotheism Part Tawheed and its Categories in the First Surah of the Quran the Last Surah and in the First Command Abu Khadeejah,Positive
Taraweeh Day When there is conflict among Muslims it is because of the interference of the Shaytan and a lack of Sabr Few who can defend themselves from Shaytans whispers and demonstrate Sabr will bring about unification,Positive
ANNOUNCEMENT th July Tonights Kitaab at Tawheed Lesson with is cancelled Sorry for the inconvenience The lessons will resume next week InshaAllaah BarakAllaah Feekum,Positive
AYAH OF THE DAY Dhu lQadah He Allah said O Musa I have chosen you over the people with My messages and My speaking to you So hold fast what I have given you and be among the grateful,Negative
Beginners Class A Comprehensive Guide For The New Muslim by Sh Anwar Wright Yahya Teaching important matters of belief amp worship to new muslims and those newly practising Saturday rd June pm BST Masjid Bin Bz East Road E QR,Positive
Shaykh Ubayd AlJbir on Investigating the One Whose Condition Is Unknown or Hidden When the condition of a man is unknown or hidden mastr ulhl and nothing is known about him is it permissible to ask about him Read the answer,Negative
LIVE NOW Sharh asSunnah of alImm alBarbahar Submission to the word of Allah by Shaykh Uways Taweel MasjidBinBaz Listen Live,Positive
Who when Allah is mentioned their hearts are fearful and to the patient over what has afflicted them and the establishers of prayer and those who spend from what We have provided them Reciter Shaykh Ahmad al Hudhaify al Masjid al Nabawi Madinah,Positive
I am not a Mutashaddid I am a Mutasaddid ie I do not force upon others rather I understand my stance to be correct Shaykh Mawln Muammad Ilys Ghumman Db,Negative
Anyone else go to bed nowadays praying and hoping that tonight is not the night that they get that evil legfoot cramp that has you rolling around the bed like youve been shot,Negative
Ramadan Lecture Series Parables from the Quran The slight change in the lecture schedule sees our Ustadh Muhammad Huzaifah starting the series Saturday th March after Asr pm Masjid Sunnah Nelson BB AR TheSunnahCampus MasjidSunnahNelson,Negative
Category is almost never discussed in religious circles We always hear about Ismails readiness to actualise Ibrahims dream but we never hear about Ibrahim having a conflict with Azar to the point that his own father threw him out on the streets,Negative
This is part of a paper I am writing with tentatively titled The Three Muslim Publics of Islamic Theology in the West Framing a Methodology,Negative
could not differentiate the Prophet from the most downtrodden of his followers where Umar refused to own more than two pairs of clothing and Ali who would eat stale bread out of fear of eating better than anyone living under his rule,Negative
The Prophet Sallallahu Alaihi Wa Sallam said May I tell you of the people of Paradise,Negative
Look to a person and who he has taken as a close friend you will learn a lot from this As Muhammad said Sunan alTirmidh Just as the types of people they follow and propagate will tell you a lot about them likewise,Negative
Tomorrow Hadith of Imam anNawawi Ustdh Abu Ishq Nadeem Ahsan Shah KSA Jeddah PM ALL WELCOME Colindale Avenue NW GX Colindale London,Positive
Its also haram to eat an amount that will give you stomach problemspain after the meal Makruh tahrim when you do so without knowing it will give you post consumption issues The exception being if a host encourages you or going slightly over ones fill for suhur not iftar,Negative
Our beloved Prophet said I and the one who sponsors an orphan shall be in Paradise like these two and he raised his index finger and the one next to it holding them together barely separate Bukhari No,Negative
Allaah the Most High said Verily along with every hardship is relief Verily along with every hardship is relief ie there is one hardship with two reliefs so one hardship cannot overcome two reliefs Srah AshSharh,Negative
Muslim charities need to go easy with emails and text messages Ramadan is not for spamming worshippers,Negative
Rather than becoming angry and hating a muslim walk off before giving them an opportunity to make you hate them resulting in your deeds being stationary Think about your salah dhikr Quran fasting umrah and Hajj being stuck because you have rancour in your heart,Negative
Due to unforeseen circumstances Todays lesson Fiqh of Dua with has been postponed We will resume next week InshaAllah,Negative
May Allah make us amongst those who are on the right of him and save us from being amongst those who are on the left,Negative
The Islamic Dawah Centre of Montego Bay Jamaica is inviting you to a series of lectures on the book Al Qawaaid Al Arbaah The Four Principles of Imaam Muhammad Ibn Abdul Wahhaab Speaker Abu Hakeem Bilal Davis,Positive
By Allah If you were to stand on top of a Mountain a scream at the top of your lungs amp red in the face that you are a Salafi amp you oppose the Salaf It is only a matter of time before you get exposed for the Khalafi that you are Just like all of those who preceded you,Positive
My Sister may The Almighty Allah Bless you with an upright Pious and understanding Man Ameen,Negative
Eid conformation for tomorrow Eid mubarak,Negative
Narrated Ibn Abbs The Prophet was the most generous person and he used to become more so generous particularly in the month of Ramadn Give generously and support the Markaz in all of its endeavours,Negative
The Team has shown so much zeal in their defence of prophet Sulayman alayhissalam Are we going to witness that same energy for Musa alayhissalam LINK TO FULL VIDEO,Negative
Then if that is the case what are we doing to save our families from the fire of Hell THINK about this yah May Allaah guide us and our families and protect us from Hellfire,Negative
Ab Dwd said I entered upon Kurz alHrithee and found him crying so I said to him What makes you cry He said I did not read my daily portion from the Qurn last night and I think it is due to a sin I committed,Negative
Verses from Surah al Waaqiah Recited beautifully by Shaykh Hassan Saleh,Negative
Is the lettuce halal Everything HAS to be halal,Negative
d Mubarak to all May Allh bring you joy happiness peace and prosperity on this blessed occasion Wishing you and your family on this happy occasion of Eid a wonderful day May Allh accept our worship throughout the month of blessed month of Raman mn Y Rabb,Negative
Sultan Salahuddin Abdul Aziz Mosque Malaysia The mosque has the distinction of having one of the largest religious dome in the world Help build a unique Mosque in the heart of the UK Birmingham City icobritain Islam mosquesofworld Malaysia,Negative
If only Ahlul Bidah would accept the truth and admit their mistakes they wouldnt be in situations like this But unfortunately thats the reality,Positive
A beautiful amp the most authentic Masnun Iftar Duaa to be read after eating dates amp drinking water Trans The thirst has gone the veins are moistened and the reward is established if Allah wills,Negative
On this blessed th night of Ramadhan kindly donate as much as possible amp encourage others to donate too,Negative
Todays schedule for the conference First talk is after Dhuhr with Shaykh Abul Hasan Malik,Positive
To mark first Day to Combat Islamophobia Im delighted to cochair this panel event on March with Speakers include Register via,Negative
LIVE NOW Advice to The Women from Selected Ahadith Topics chosen from the Ahadeeth with explanation taken from various Mashayikh Taught by Ustdh Abdul Hakeem Mitchell Sunday pm Live at Masjid Broadcast on,Positive
Due to unforseen circumstances todays lesson with Abu Abdullah Zubair is cancelled We ask Allah to cure our noble brother and grant him a swift recovery Apologies for any inconvenience caused,Negative
Leaving aside the details of this for now it is certainly incorrect to blankly state that Imam Muhammad rejected the authority of his adth in fiqh and even more baseless for so to suggest that the early Hanafi masters deemed Abu Hurayra unreliable or impugned his character,Negative
Sexual intercourse with a very minor girl even with the chance of inflicting a Recto Vaginal Fistula due to her size is a non punishable offence under Sharia Law From Bahishti Zewar the UKs most popular Sunni Deobandi Sharia manual for women,Negative
Assistance for a family whove lost their father A close brother of mine in his early s lost his father yesterday under tragic circumstances May Allah forgive him and have mercy upon him He now faces the being the head of the household looking after his mother amp siblings,Negative
Why Society is Suffering from Changing Gender Roles Sheikha Fatima Barkatulla with Tammy Peterson via,Negative
What are the different type of Sabr Salafi Salaf Dua Tawheed Sunnah Bidah Hanafi Fiqh,Positive
Dont let Ramadan pass by without seeking amp being granted Forgiveness Dont let ignorance amp negligence overtake you Seek Forgiveness and get closer to the Almighty Do it in these last days,Negative
Yahya b Yahya alLaithi Again note the variant transmissions from those who transmit from Malik,Negative
LIVE NOW Taraweeh Prayer Markaz Rahma,Negative
Alhamdulillh a payment of received from Malaysia Support from the people of Sunnah all over the world May Allh strengthen the love AhluSunnah have for one another Continue to donate to help renovate Markaz Bukhari LetsGetItDone,Positive
Lol I have never heard such balderdash in my life Pray in his or her heart Well your profile bio says it all Show me an authentic Hadith or in The Holy Quran where praying in our heart is valid to praying in the Islamic way,Positive
They wash their heads and faces with the dirtiest filthiest water there is every day without fail Every morning a young serving girl arrives bearing breakfast and a large basin of water,Negative
My sister I approve of this solid message After embracing Islam there was no other type of woman that I would want After all marriage is half of our Deen,Negative
NEW TRACK ADDED Tafsr ibn Kathr Lesson Tafsr Surah AlAnm Verse Abu Hakeem Bill bin Ahmad Davis LISTEN HEREgtgtgt,Positive
The Shahada is how you initially become a Muslim announcing and testifying to the Oneness of Allah and that Muhammad is his messenger,Negative
Jumuah Khutbah at LIC starts PM live stream link,Negative
Did you know Masjid Nabwi in Madinah is now one of the largest Mosques in the world Donate your bricks and help build the Islamic Centre of Britain icobritain RamadanMubarak ramadan islam Ummah Muslims Allah Amanah mosque masjid bricks,Negative
Didsbury Mosque responds to Manchester Arena report findings,Negative
Hagia Sophia Salaah tul Fajr Reciter Shaykh AbdurRasheed As Sufi,Negative
Its essential to stay connected to the shuyookh by holding regular lectures and lessons and seeking advice on dawah affairs Sheikh Saalim Baamihriz has delivered several lectures for us and was very happy to hear the news we had purchased a building,Positive
Our colleaguesclients at work may not read the Quran or study the life of the Prophet but they will surely see us as a representation of Islam If they see good in us they will see good in Islam,Negative
AYAH OF THE DAY Dhu lQadah This mercy is for those who follow the messenger Muhammad the unlettered prophet whom they find written in what they have of the Torah and the Gospel He enjoins upon them what is right and forbids them what is wrong,Negative
Turkish secularists are criticizing Erdogan for promoting the hijab in Turkey Confused secularists dont seem to know their own nations history amp are claiming that there was no hijab in Izmir However the reality is that there was no hijab because Ataturk forcefully removed it,Negative
May Allah reward and protect our brothers from Markaz Anas Our trip there was extremely beneficial and motivating They have truly built and building a community on Quran Sunnah unlike anything Ive ever seen in Australia It was a trip Ill remember for the rest of my life,Negative
The Prophet said Detach yourself from the world Allah will love you Detach yourself from what the people have the people will love you Ibn Mjah,Negative
I want to mention to the brothers who share some of the works of Sheikh Ahmad Musa Jibril Dont tarnish the name of the Sheikh with bad akhlaq and unjust takfir Not only are you throwing yourself into a pit but people are looking at those who take from sheikh Ahmad,Positive
A Weekend of Knowledge The Way Of The Salaf is the path to SUCCESS Weekend Sat th Sunday th SPEAKERS LIVE AND IN PERSON Sh Abu AlHasan Malik Sh Sh Sh Hassan Somali Sh,Positive
You know whats sad instead of tweeting about following the sunnah of Eid prayer and what to do instead every year we have to remind people not to indulge in haram during that blessed day Its supposed to be a celebration an act of worship A celebration in pleasing Allah,Negative
Do we say SadaqAllhulaeem after reciting Qurn,Negative
NEW VIDEO The Only Scripture shortsvideo shortsfeed shortsyoutube quran,Negative
The beauty of Masjid alHaram is unrivalled The hearts ache upon departing not knowing whether ones striving is accepted and not knowing if well ever be blessed with another opportunity to visit,Negative
Children at LIC for Taraawih Dear brothers and sisters For safeguarding reasons LIC has the following policy on children attending the taraaweh prayer no children under the age of five to attend Children under the age of must be accompanied by an adult at all times,Negative
The idea that being impartial silent or balanced in the face of fitnah is a means of decreasing or preventing fitnah is void of all logic How quick are people to defend themselves over the smallest incorrect detail But silent when lies are spread about Allah amp his religion,Negative
Tonights Lesson Continuation of Chapter What has been reported concerning slaughtering for other than Allaah,Negative
innovator in the name of unity So they will allow shirk to take place as long as it continues to secure their leadership positions and maintains their power and authority Such is the importance of Salafiyya and Tawhid in the Arabian Peninsula,Positive
Ramadan Round last round Date th of May Total Spent from FampF Number of baskets Price per basket May Allah accept it from those who donated during Ramadan,Negative
The scholars of the past would spread the knowledge of their teachers amp it was a huge cause as to why their works reached the corners of the world a great example of that is what Sakhaawi did for his teacher imam Shaatibi the least I could do is raise awareness,Negative
and Allh will cast him far away Say mn So I said mn,Negative
Starting soon Sharh asSunnah of alImm alBarbahar Buying and Selling is Lawful Shaykh Uways Taweel Listen Live,Positive
Post fajr reflections No matter what fantasises amp excuses you want to tell yourself amp make for yourself as a Muslim man If youre and have not done your nikah or its not even on your mind it is a problem,Negative
NEW UPLOAD The response of Shaykh Ibn Bz regarding his view on Ikhwn alMuslimn By Sh Abu Khadeejah AbdulWhid Link Salafi Salafirecording Salaf Muslim Islam Quran Sunnah Salafiyyah,Positive
Answering Philosophical Objections to Prayer with Dr Safaruk Chowdhury via,Negative
The Greater Understanding The Obligation Of Verifying News Dont forget they have more than Videos with various Statements amp Fatawa from the Ulema,Negative
Some points covered by during this khutbah,Negative
Ramadan has left us so quickly and I feel like I didnt even take full advantage of it I pray that we all can see another Ramadan,Negative
Benefits related to Ramadan from AlAllmah Shaikh Ubayd alJbir from the account,Positive
The transformative effect the Messenger of Allah had on his companions shows us that the greatest form of capital is human capital If you give a person the mechanism to become the very best version of themselves theres no telling what they can achieve,Negative
A good portion of this book deals with the science of mantiq It is written by Shaykh Muhammad AlAmeen AshShinqiti and is a good resource for those brothers who dislike taking from innovators on this subject,Positive
My Brother I currently study LLM Islamic Finance amp Business Law in the UK InshaAllah it would be a dream to further study Arabic at Madinah or in Egypt Unfortunately I am reading and I have heard from family that many Gulf states are becoming liberal This leads to Fitnah,Positive
Sisters Sunday BBQ Event Sunday th May pm All confirmed attendees have been sent a confirmation text BarakAllahu Feekum,Negative
Tip Fasting or Feasting Focus on fasting and less on feasting icobritain RamadanMubarak ramadan islam Ummah Muslims Happy sahur iftari donate foodie feast eatingout tips,Negative
Salt AtTasbeeh Ten things if you say them Allah will forgive your sins the first of them and the last of them the older sins and the newer sins the unintentional ones and the deliberate ones the minor sins and the major ones,Negative
I appreciate you highlighting this my sister As one who has recently embraced Islam this was my presumption I was actually trying to explain this to my siblings and mother all nonMuslims the other week on why some Muslimahs adorn themselves in Niqab My ignorance,Negative
Wiqaya Part The area of the new womens and girls section This area is new and much construction is taking place most of the brothers whove recently moved have taken residence here An average furnished bedroom large apartment is dh per month,Negative
If youre purchasing Mukhtasar Fawaid alRustufaghni give this edition a miss Not only does it have several typos there are pages completely out of order I havent compared it to the Hashimiyya edition but it surely couldnt be as bad as this one,Negative
This evening by Allahs permission we sat with two of our brothers in Islam one from San Diego the other from Seattle They told us of the state of the dawah in their locales and sought advice We advised them with sincerity patience diligence and steadfastness We,Negative
journey of Abdullah b Jabir RadhiAllahu Anhu from Madinah to the levant in order to acquire just one hadith He purchased a camel and travelled for approximately one month in order to hear the hadith from Abdullah b Unays alAnsari RadhiAllahu Anhu directly Bukhari no,Negative
A short reminder in these last days of Ramadan,Negative
What Is The Belief Of Muslims Answered By Abu Khadeejah by Salafi Publications on SoundCloud,Positive
LESSON TONIGHT Kitaab AtTawheed ShaykulIslm Muhammad Ibn AbdulWahhaab After MAGHRIB Prayer PM Masjid AtTawheed BROTHERS and SISTERS welcome Please bring notebooks and pens to maximise benefit,Positive
Lesson In this lesson the speaker covers the chapter on The Virtue of Reciting the Last Two Ayats of Surah al Baqarah Islam Muslim Tawheed Shirk Sunnah Shirk Hanafi Fiqh Salaf Salafi Manhaj Dua,Positive
Alhamdulillah many sisters amp brothers have enrolled into this Marriage Course Registration ends on th Feb but the sooner you register the earlier you get access to the content Register share with others or consider gifting to someone,Negative
Hasan alBasri ra said The intelligent man has his tongue behind his heart If he intends to say something he consults his heart whether he should say it or be silent The foolish man has his tongue in front of his heart If he intends to say something he lets his tongue,Negative
Virtues of reciting Srah alKahf on Friday,Negative
Sunan Abi Dawud Deep words from Shaykh Uthaymn Salafi Salafirecording Salaf Muslim Islam Quran Sunnah Salafiyyah,Positive
All the great muhaqiq ulema of moon sighting seem to come out on Twitter this time of the year The reality is most people just follow what their families and local mosques do,Negative
Sharh asSunnah of Imaam al Barbahari Explanation of Shaykh Saaleh al Fawzaan Taught by Ustdh Every Sunday At pm Live at Masjid All welcome both sides open Broadcast on,Positive
Its not about how you begin but how you finish You can still complete another Khatmah of the Quran you can still pray the night with the Imam you can still give charity Dont procrastinate finish this Ramadan strong it could be your last one,Negative
Bismillah Quran Reminders Recite Surah AlIkhlas Sincerity with meaning Help build the Islamic Centre of Britain icobritain islam Quran protection Ummah Muslims donate Islamicreminder donate lovestory Allah,Negative
And those who were mindful of their Lord will be led to Paradise in successive groups Surah AzZumar Beautiful Verses from Fajr Salah Shaykh Bandar Al Baleelah Masjid Al Haram Al Makki,Negative
Masha Allah may Allah bless this project Ameen,Negative
Salafi Salafirecording Salaf Muslim Islam Quran Sunnah Salafiyyah,Positive
Lets keep the save energy for the Mufti amp Sh Saleh Ala Shaykh These extremist haters amp sick criticisers who Jump on anything they find not asking for a context or how things come about can go live in rage After lectures the attendees ask for pictures and I have never,Negative
No single woman has been known to fabricate a Hadith,Negative
Imam Ahmed May Allah Be Pleased With Him said I worship Allah for fifty years and I did not taste the sweetness of worship until I left things The Pleasing of people Championship of a sinner Sweetness of the worldly Life,Negative
Abdul Hamid SPfiles speaking the truth though hes a liar,Negative
One of the most significant challenges to the preservation of our Muslim civilization is the presence of Muslim men who lack strength and resilience WEAKNESS IS A CRIME,Negative
LEEDS SUNDAY CLASS Fiqh amp Ruling of Ramadhan Sunday th March at pm Roundhay Resource Centre Brothers only class Live broadcast,Negative
Part Shaykh Ibn Uthaymn Following the Way of Ibn Taymiyyah in Affirming the Attributes of alIzz and alKibriy Without Tamthl and Invalidation of the Maturd Jahmites Claim Video minutes,Positive
Three Fundamental Principles Ust Abu Ukkashah AbdulHakeem Brothers amp Sisters Welcome Stifford Centre E JG Tunein via,Positive
SPECIAL EVENT IN BRADFORD LIVING THE DEEN By Sheikh This Saturday st Jan at pm Masjid AsSunnah Paternoster Lane Bradford BD DS will address both parents and children so please bring your children along to benefit,Positive
Hajj Rules The absence of a mahramhusband is a valid excuse for a woman to delay her Hajj even if she has financial means However she must note that in her Will so Hajj Badal can be done on her behalf,Negative
Madinah Book Today From pm UK Time Abu Kenzah Jamal Live on the DUS Dawah channel Inshaallah,Positive
Lesson Today Weekly Quran Memorisation Circle Every Tuesday at pm Brothers Only Personal Mushaf Required,Negative
Marrying a divorced or widowed Women should not be a problem However the difficulty we face today is that many divorced women are no longer submissive Unfortunately we are witnessing a trend amongst Muslimahs in the west who file for divorce due to selfishness and feminism,Positive
The commentary of Kashf asShubuht by Imam Muhammad ibn Abd alWahhaab by Shaykh Zayd alMadkhali,Positive
Note Im not talking about physical abuse which is Haram amp a persons life might be in danger or an argument about a person completing leaving off prayer which is a major issue Talking about petty common every day disputes between a husband and wife that occurs,Negative
I hope Islam Makhachev manages to fight a good opponent and win so he can fight for the title after Ramadan,Negative
Having this flu reminds of being sick in Saudi a million miles away from family on your own and feeling homesick with nobody even asking how you are Some of us endured that for years You brothers out there seeking knowledge properly May Allah continue to bless you,Negative
Student feedback on the Discussions in the Beliefs of Ahl AlSunna course taught by Mufti Muhammad ibn Adam We are currently offering a repeat of this course Details and registration here,Positive
Im helping raise funds for a Masjid in Ridgecrest California which has been set up for Muslims in the area who have no other masjid within commutable distance The area is rural and requires our support please donate here InshaAllah,Negative
Virtue of The First Ten Days of DhulHijjah,Negative
Support our much needed work that helps preserve peoples imn defends Islam against the Godless ideologies of our time develops and empowers s of people and numerous organisations to intellectually defend and share the deen Donate,Negative
Mufti Abdur Raheem Limbada and Mufti Siraj Saleh Senior Deobandi Clerics at Darul Uloom England,Negative
GIVE A QURN IN RAMADN The blessed month is back amp so is the opportunity to donate to this great cause Donate to print the Qurn in English amp to distribute them around the world SadaqahJariyah Donorbox PayPal RefGiveAQuran,Negative
Being a medium sized town you wont find malls or much by way of western brands in Tetouan There are a few large supermarkets Marjane amp Carrefour and thats pretty much it Every place comes with pros and cons Visit and see for yourself Sun scenery natural food gt Malls,Negative
Hijrah is commanded upon all Muslims Opinions like this have no room within the Deen May make it easy for us muslims in the west to make hijrah Amn,Negative
however throughout I found myself questioning the approach that he took The foundation for the khutba was dividing evil into two categories natural which occurs outside of human control and moral which is the result of human action,Negative
After a fews days each in Melbourne and Sydney I am at Masjid Ibrahim in Perth Australia for the next several days of Ramadan for itikaf inshaAllah Public programs after Tarawih and Fajr and a dhikr session after Zuhr,Negative
By Shaykh Salih AlUthaymn Salafi Salafirecording Salaf Muslim Islam Quran Sunnah Salafiyyah,Positive
And know that verily your wealth and your offspring is a trial Reciter Shaykh Muhammad al Faow,Negative
More people have found Allah at night than during the day Thats why when Allah speaks about the angels glorifying Him He mentions the night before the day those who are with your Lord glorify Him by night and day Quran,Negative
Important The Coronavirus Conspiracy Theorists Hasan asSomali Short Clip from Shaykh Hasan Soml regarding the Coronavirus,Positive
The Dajaal has arrived end times are coming for Islam,Negative
When the going gets tough Surah AlKawthar was it helpful leave a comment Make the Quran a daily part of your lives mi gente Much love StayBlessed,Negative
One of my teachers of Aqeeda and tafseer Baydawi passed away Despite having an impediment in one of his legs he would walk it to class every day and refuse to get someone to chauffeur him May Allah grant him forgiveness and Jannah,Negative
SajdatutTilawah is a Sunnah Shaykh AbdulAzeez Bin Baz,Positive
Taraweeh Day Your hard work for the worldly life may or may not be rewarded before you die But your struggle for Allahs sake will never be in vain Even if you dont see it in this life you will undoubtedly see it in the next,Negative
Interesting apparently my parents North Indian tribe are descended from the early Muslims that arrived in India in Sindh with Muhammad bin Qasim and relatives of Abu Ayub alAnsari Hence their name the Momin Ansaris Probably some marriages with Hindu converts along the way,Negative
Muslims taking lessons from Kuffaar on YouTube regarding family structure gender roles LGBT and other societal issues embodies everything wrong with the Muslims in the West We have the best examples in the Prophets and we resort to philosophers amp lowlife sinners on tiktok,Positive
A reminder that there is no lesson in Liverpool this weekend Lessons to resume next week Friday nd and Saturday rd June inshaAllah,Negative
PLEASE NOTE There is no Tafsir Class online today Classes resume tomorrow insha Allah,Negative
When I express criticism towards ur country it is important to understand that I am referring specifically to its govt amp policies and not the ordinary people In fact I hold great admirationrespectamplove for ordinary Muslims for the sake of Allah amp this is the part of Imaan,Negative
May Allah guide us and protect us from going extreme in exaggeration or extreme in negligence when it comes to the matters of the religion and we stick to the way of the salaf,Positive
Our Hanbali friend trolls us on the th night of Ramadan Jokes aside the mainstream position is to pray both Eid and Jumuah Skipping Jumuah was only for those who lived in the village and came to the city for Eid then returned to the village before noon,Negative
Jumuah Khutbah pm LIC Live link,Negative
Continuing this Saturday th May Six Points from the Seerah Explanation of Shaykh Fawzan By Abu Abdullah Zubair Time pm pm CONEL college Tottenham high rd London N RU,Positive
Experience Ramadan at Masjid Sunnah Nelson Taraweeh for all Iftar for the family Daily Hadeeth amp Quran Classes Inspirational weekly lectures Quran Contemplations And so much more Masjid Sunnah Nelson BB AR,Positive
Salafi Salafirecording Salaf Muslim Islam Quran Sunnah Salafiyyah,Positive
Eid AlAdh Regulations of the Sacrifice AlUdhiyah When is done Who does it What about my family Can a women slaughter Which animals are best What age of animal Withholding from cutting hair and nails Can I send the sacrifice abroad,Negative
Please watch donate and share The masjid needs you,Negative
Arrived in Norway for the weekend Beneficial private gathering with old friends and brothers last night in the capital Oslo and then woke up at fajr to beautiful snowy forest Alhamdulillah,Negative
Is life weighing you down Youve come this far because the Almighty has a plan for you Otherwise you wont be here Believe it Embrace the journey Dont see each day as a chore Treat it as a blessing Not all get to experience it Be grateful Thank Him,Negative
I know that people are aware that those who attend the Eid prayers then its not a must that they attend Friday prayers and they can pray duhur prayer instead However its still more rewarding and better to pray jummah as well,Negative
Alhamdulillah we will be finishing the first part of Fiqh next week InshaAllah We will be starting the Fiqh of Salah covering the rulings to do with the prayer Its not too late to join join before next week so you dont miss anything All recordings provided,Negative
For the Love of Allah Donate brick for Today Make your donation count this Ramadan icobritain RamadanMubarak ramadan islam Ummah Muslims Happy reelsvideotrending reelsvideo donate JummahMubarak OneBrickAtATime,Negative
You possess two qualities that Allah loves These are lenience and tolerance Muslim,Negative
Yes the Al Jafariyyah Palace Ma Sha Allah,Negative
Escape from tribulations Fitn by Shaykh Rabee,Positive
I have a hypothetical rule for when my kids grow up that if they outsmart me in a way that leaves me impressed I would let them off scot free Lets see how long that lasts,Negative
Whenever RasulAllah sallallaahu alayhi wa sallam was happy his face would shine as if it was a piece of the moon Bukhari,Negative
Beautiful recitation by Abdul Badee al Ghaylan Listen to the verses and read the translation,Negative
Ramadhan is almost upon us A time for us to reflect and better ourselves To seek forgiveness and purify our souls and our heart,Negative
Muhammad Hijab at Speakers Corner The Koran allows intercourse with five year old Prepubescent Girls,Negative
NEW VIDEO The Ottoman Empire Shamsi Speakers Corner,Positive
Do not ruin your Ramadan with evil speechtalecarrying is one of the most evil of sins that will harm your fasting and take away your reward Short but powerful reminder from AlAllmah Shaikh Slih alFawzn,Positive
NOW AVAILABLE AlFusul Chapters from The Life of the Messenger authored by the great Imm AlHfidh Ibn Kathr and translated by the erudite translator of English descent the Shaikh Ab Talhah Dwd Burbank ORDER NOW,Negative
Verses from Surah anNaaziaat Recited in the mujawwad style by Shaykh Ali Salah Omar,Negative
Muslims are the most frequently targeted group for religious hate crimes in England and Wales So what do the Tories do Things that will allow Islamophobia to prosper,Negative
If the Prophet used to ask for steadfastness most frequently then what she we be doing,Negative
A big red flag if an Islamic personality slides in your DMs to engage with you my sister Its unacceptable and you should not entertain a discussion he should not be randomly messaging you,Negative
Pakistani liberals and YouTubers have once again launched a campaign to deceive Pakistani Muslims regarding the case of Dr Aafia Siddiqui They are spreading propaganda against her and portraying her as a terrorist aiming to divert the attention of Pakistanis who are expressing,Negative
New publication coming soon InshaAllah The Virtue of Sending Salat upon the Prophet,Negative
NEW VIDEO Is It Too Late Shaykh Hassan Somali islam allah shorts,Positive
Mufti Muhammad ibn Adams famous book can be ordered from here,Negative
Second year in a row and my tl was super clean Didnt see a single picture of a muslim girl Its either our muslim sisters have become wiser and intelligent or my k block list has taken its toll Not only is posting pictured dangerous but tabbaruj is a big sin,Negative
Can you be a salafi without taking knowledge from Muhammad Ibn Abdul Wahhab rh As still take everything from the salaf Or would it mean you have problems in your Manhaj and Aqeedah,Positive
Lesson Tonight Friday th December Kitaab AtTawheed Ustdh Abdul Hakeem Mitchell in person PM All welcome Balham Community Centre Bedford Hill SW HE amp,Positive
International Dawah Development Trips This project will support trips to South Africa Australia Pakistan and other countries We will train and empower imams leaders and the general masses on how to intellectually defend and share Islam And much more,Negative
A box of different text of Shaykh Uthaymeen that are a benefit for the Muslims We were only able to find one of these boxes Hurry and order yours now,Positive
after ruku as transmitted by Ibn Asakir Ibn alQasim mentions before and after ruku too in atTamhid in taliq form and also in the recension of Muwatta by Ibn alQasim as the Talkhis of alQabisi The article on the website scanned pages shows the number of scholars who,Negative
The mosques openness and vision is evident The community amp leaderships genuine care for locals even getting involved in making peace between gangs and supporting families of converts is praiseworthy A model mosque Masha Allah Look out for the Ummah Talk episode on,Negative
Online Quran amp Arabic classes for children Contact Ustadh Abdurrahman Abokor for further details on,Negative
Donate generously on these great nights it could be Laylatul Qadr May Allah accept all your deeds and bless you Donate here,Negative
The Attributes of Allh Mentioned in the Book and the Sunnah Directory of Allhs attributes with evidences from Qurn and Sunnah with explanation and commentary from Salaf scholars Arabic with brief explanation in English VIew here,Positive
A message to this generation of Muslims in the west Dont stop what our parents started keep sending your children to MadrasahDugsi to learn Quran It has a huge impact on their life,Negative
Make it your life mission to help others in any way possible without wanting anything in return Be selfless and Allah will love you,Negative
Dont forget to recite Sura AlKahf,Negative
They hate that one should make tabdee Yet Hijab makes tabdee at least times in less than a minute and then claims that he isnt,Negative
Not saying marriage is the key amp only priority in life but even me personally I couldve put my foot down on myself at instead of waiting till Nobody will do this for you You have to stop messing around amp literally just be a man It is that simple,Negative
The deadly triple train crash in odisha India has left dead and severely injured According to my local contact Muslims passed away and Muslims of the area worked throughout the night to help the affected passengers May Allah relieve them from this difficulty,Negative
Listen to Day Sittings in Ramadan The Dispraise of being Amazed by the Dunya By Sh Uways atTaweel Masjid bin Baz Radio,Positive
Its quite embarrassing that we live in a society where Muslims have a reputation of not being punctual not keeping promises amp generally being unprofessional amp lazy in their places of work Islam teaches the complete opposite,Negative
Ten Points for the First Ten Days of DhulHijjah Rulings,Negative
Ustadh Abul Abbaas today at alHuda Masjid Bradford,Negative
Explanation of The Three Fundamental Principles lesson is postponed today amp will resume from next week InshaAllah Barakallahu Feekum,Negative
Allhu Akbar A generous individual has donated today We ask Allh to grant that person Firdows Amn Ramadan will indeed end in a few days be from those who seize the opportunity to help establish a place of worship this Ramadan,Negative
Sh Abu Khadeejah When preachers khutab among ahlulahw ahlulbidah and the callers to sin and disobedience and the ignorant callers become numerous they will misguide the people causing more corruption in the Ummah than rectification,Positive
Tomorrow is the day of ashura,Negative
Alhamdulillah we are now restarting regular posts on Instagram Please do follow our account and share with others by retweeting so that it can be a means of us gaining reward,Negative
As the new Islamic year begins we need to familiarize ourselves with our Islamic calendar Living in the west we are all familiar with the months amp years of the Gregorian calendar We all know when it is Ramadhan and maybe Dhul Hijjah but what about the other months,Negative
Round Date th of July Total Spent Number of Families donations from friends amp family May Allah accept it from you all Please Share so we help more families thank you,Negative
Unfortunately many people are only exposed to the toxic side of MT Allah has really really blessed me with some amazing people wallahi when I tell you I get people making dua for me Donating on my behalf and checking up on me I love you guys for sake of Allah,Negative
On behalf of Rayyan Courses Ramadan Kareem to you and your families Keep us in your duas wherever you may be ramadan ramadankareem ramadanmubarak rayyancourses,Negative
New Track Added Night Raman Short Reminders By Abu Hakeem Bill Davis,Positive
LESSON TONIGHT Kitaab AtTawheed ShaykulIslm Muhammad Ibn AbdulWahhaab After MAGHRIB Prayer PM Masjid AtTawheed BROTHERS and SISTERS welcome,Positive
Know yourself to know God Sayyiduna Ali Ibn Abi Talib RA Islamic Centre of Britain needs your support icobritain islam Allah Ummah Muslims donate God Islamicreminder Ali poetry wisdom donate lovestory wednesdaymood,Negative
From the many benefits of the masjid,Negative
What a fantastic initiative MashaAllah Tabligh done right This is the power of Im told guests also enjoyed a tour exhibition refreshments a myth busting table henna stall and so much more May Allah reward all of those involved,Negative
Our Fatima of Liverpool The Victorian woman who found Islam I second suggestion that we need to make a tasteful TV adaption via,Negative
NEW ONLINE COURSE amp taught by Mufti Muhammad ibn Adam alKawthari Sat th amp Sun th November More details amp register here,Negative
A quality that sets the select few apart and defines success for any who observe Some lessons from the Quran May Allah bless you all and grant you abundant success Leave a comment with your thoughts Much love ConnectandReflect MALM,Negative
Did you know When you say Subhn Allh besides being a declaration that Allh is perfect its also an admission that any negative thought you may have had about Allah be that to do with His mercy or Decree was wrong and unjustified Allah is perfect whilst we are flawed,Negative
Three of our publications are available in the bookfair in Madinah Munawwarah A,Positive
Urdu The love for the prophet and celebrating his birthday Milad Various Ulamaa,Negative
HOW DO WE FREE PALESTINE AND ALAQSA SHAMSI via,Negative
Time is a precious blessing amp a great gift the value of which is only realised amp benefitted from by the successful guided ones as indicated by the noble Hadith implying only a minority benefit from it while the majority are wasters amp losers Shaykh Abdul Fattah Abu Ghuddah,Negative
The following books have been translated by our brothers Lessons Learnt From The Story Of Yusuf Warning Those of Little Sense from Attacking the Scholars of Eminence The Islamic Creed and its History The Explanation Of The Fundamental Principles,Positive
Ibn alQayyim said Tawd is the first of that by which Islm is entered into and the last of that by which the world is departed from Zd alMad,Negative
Sheikh Ali AlHudhaifi Al Adeni this is Mohammed Hijabs profession exposure of the scholars of sunnah belittling them attacking them and turning the people away from them Full video,Negative
Causes Of Remaining Steadfast Upon The Truth By Abu Hakeem Bill Davis,Positive
The Chinese proverb says a journey of a thousand miles begins with one step I say the journey to Allah begins with one good deed The point of the quote is to do even the smallest thing but just keep moving,Negative
I come across analysts who suggest that Chinas rise is a positive development to act as a counterweight to US imperialism They throw around terms like multipolar world Chinas treatment of the Uighurs should be a warning to all Its every bit brutal,Negative
We have also a number of works from our teacher May Allah keep him steadfast amp sincere who has a number of books A Simple Guide To Funeral Rites In Islam The Rise of Jihadist Extremism in the West What are the Core Mistakes of the Tablighi Jamaat,Positive
This is a complete distortion of how words with the root flh are used in the Quran which are overwhelmingly in relation to otherworldly success associated with obedience worship good deeds giving etc Eg in v for him whose measure of good deeds is heavy,Negative
The problem with the statement was the following His approach to knowledge was simply theoretical he thought that principles were things you read in a book and are not applied The lack of Fiqh also probably contributed to not understanding how these principles are applied,Negative
injustices of a neoliberal violent system which prioritises profit and power over human life has caused the death of people Only through taking this theological approach based in contemporary realities and not the abstract can Muslims combat the evils of today,Negative
Tonights Lesson Chapter From Shirk Is To Make a Vow For Other Than Allaah,Positive
to give your Zakat directly as cash to poor,Negative
Most people who go astray or even apostate are not really driven by an earnest objective indepth search for truth rather its an emotional reaction to a traumatic event or the pursuit of an unhealthy desires We ask Allh to return their hearts back to the fold of Iman,Negative
Lesson Patience and Perseverance by Abu Aaisha Shamsi Today at pm Live on Channel All Welcome,Positive
Ibn Kathir and AlMawardi were chads on estrogen pills,Negative
This Saturday at MasjidBinBaz we welcome our Teacher Shaykh Hassan asSomali He sent His Messenger with guidance and the religion of truth Surah AlSaff Saturday th May inshaAllah pm,Positive
Due to peoples inability to read and understand precise language and some of Muslim twitters immature fascination with names and specifics I want to highlight I did not say people should put up shut up do not complain etc This is a ridiculous unfair framing In,Negative
The Advice of Luqmn the Wise to his Son by Shaykh AlAllmah Rabee ibn Hdi alMadkhal PART Read by Faisal Abu Ubaydillh This Sunday th April pm Location ARC Community Hub Loughborough LE UP Brothers amp Sisters All Welcome,Positive
Starting soon He it is Who has sent His Messenger with guidance and the religion of truth Shaykh Hassan asSomali live in person at MasjidBinBaz Listen Live,Positive
Its not leaked if the author hooked you up this is sample from the Miraculous Night Journey of the Prophet,Negative
Isha salah tonight by Qari Hazza al Balushi,Positive
Nicely packaged Ramadan dates at with pious commentary Country of origin conveniently hidden Israel where the IDF is currently storming alAqsa Mosque as per its habit during Ramadan Cynical and abhorrent Spread the word folks,Negative
Verses from Surah AlQamar Fajr Salah Shaykh Muhammad Khalil al Qari Madinah,Positive
Pakistan had just been formed then,Negative
Response to Mohammed Hijab Mocking Imam Muhammad Ibn Abdul Wahhab,Positive
If a man rejects what God allowed how can he be accepted by God,Negative
In tonights sitting we begin the Tafseer of Suratul Anm Inshallah,Negative
Aishah said Umm Salamah mentioned to Allaahs Messenger that in Abyssinia she saw a church full of pictures and statues He said When a righteous man or pious worshipper among them dies they build a place of worship over his grave and set up all,Negative
The Prophet Muhammad said Frequently send salutaions to me on Friday Whoever sends salutations to me Allah will send to Him,Negative
Salafi Salafirecording Salaf Muslim Islam Quran Sunnah Salafiyyah,Positive
Tonights Lesson Continuation of Chapter What has been reported concerning slaughtering for other than Allaah,Negative
Status of adth Allah curses women who ride on horses,Negative
BRAIS Shiism Preserving and Recovering Memory Adapting to New Challenges Room Akif Tahiiev of spoke on Dynamic Ijtihad in Shiism in our contemporary world,Negative
Islam is not only the trueampacceptable religion of the creator but its also the best as it should be if its the only true religion of almighty God Allah,Negative
The deen is easy to follow but made complicated by foolish ones,Negative
Come down and support if you have ability each banana pudding Barakallahu feekum,Negative
When Abu Yusuf led Abu Hanifa Haroon Sidat via,Negative
This was the old Darul Iftaa premises established in in Leicester UK The dot org has now changed to dot com,Negative
Ibn Abbs reported Allaahs Messenger cursed the women who visit the graves He also cursed those who set up mosques and lights over graves,Positive
Territories in Europe that were under Muslim rule at some point in history Spain Portugal Sicily Southern Italy Malta Cyprus Greece Balkans including Albania Bosnia and Herzegovina Bulgaria Kosovo Macedonia Montenegro and Serbia Eastern Thrace part of,Negative
They are the worst of all creatures before Allaah They combine the two evils worshipping at the graves and making graven images and statues,Positive
The benefit shared by our beloved Shaykh during our private time,Negative
Intercourse with Prepubescent children is permissible under Sharia Law Muhammad owned Black African Slaves,Negative
Its incredible how many people across the world do not understand the words of the Quran yet despite this the Quran touches their hearts amp changes their lives May Allah give us the ability to also understand the words of the Quran amp act upon them,Negative
Tonight in Finsbury Park mosque North London,Negative
If you are sincere you will be successful Sayyiduna Ali Ibn Abi Talib RA Donate your Sadaqah Jariyah to the Islamic Centre of Britain this Friday icobritain islam Quran Allah mosquesofworld mosque bricks Lord Muslim Ali JummahMubarak,Negative
Many people thought they would reach this Ramadan but unfortunately didnt You did be grateful and treat it like your last,Negative
The most beloved actions to Allah are those performed consistently even if they are few Prophet Muhammad PBUH Sahih Bukhari,Negative
Shaykh Ruhayl explains this issue nicely the rulings arent based on you personal emotions or logic,Negative
LIVE NOW Sharh asSunnah of Imaam al Barbahari Explanation of Shaykh Saaleh al Fawzaan Taught by Ustadh Abdul Hakeem Mitchell Live at Masjid All welcome both sides open Broadcast on,Positive
We have some SHOCKINGLY AMAZING projects planned to be delivered and completed after Eid inshaAllh Do not miss out on the immense reward We need just of you to give,Negative
I wonder who is really behind the people behind the unforgivable criminal efforts to prevent ImranKhan from being reelected Same people whod hate to see Erdogan elected,Positive
Pakistanis should question why many retired army generals choose to leave Pakistan for a lavish lifestyle in West countries while their own country remains one of d poorest amp economically deprived nations in the world No former army chief of Pak currently resides in the country,Negative
Lesson Today Book of Manners amp Good Etiquette from Bulugh AlMaram Explanation of Shaykh Salih alFawzan Read by Uthman ibn Mustafa Every Thursday pm All Welcome,Positive
Expansion Fundraiser Update The Masjid space has been fully utilised by both brothers amp sisters Help complete the rd Floor Total Raised Paypal Metro Bank Markaz At Tawheed Maintanance Account Number Sort Code,Positive
Dont tell me these antiIslam amp antiMuslim movies are not coordinated Indian state propaganda similar to the Nazi regimes efforts to build a case for a fullfledged genocide History is clearly repeating itself with all Indian institutions including the media amp film industry,Negative
NEW VIDEO OUT NOW SO THERE OPPORTUNITIES WE DO NOT MISS OUT By Donation Channels Ramadhan LaylatulQadr rd Night LargestSalafiMasjidinTheWest,Positive
Allahumma Baarik Our brothers are nearly there Ikhwa Lets complete this on the last of the odd nights,Negative
Disgusting to see that tweet from this deobandi scholar who actually tried in his own strange way to be impartial regarding the deobandi barelwi dispute This is the filth a softimpartial deobandi came out with publicly We all know what the rest said amp continue to say,Negative
Saying I dont want to argue with laymen on a scholarly issue doesnt mean I claimed to be a scholar or student of knowledge,Negative
Men who continuously talk about women or chase women all the time are weak They allow their urges to overshadow their minds and they arent able to hold their emotions Without a doubt men desire women but to verbally and constantly do it is a weak mans trait,Negative
LESSON RESUMING Madinah Book Today From pm UK Time Abu Kenzah Jamal Live on the DUS Dawah channel Inshaallah,Positive
O you who believe turn to Allah with sincere Repentance Abu Abdirahman Hilal Tunein via,Positive
HADITH OF THE DAY Shawwal Jareer RA narrates that ProphetMuhammad told him during Farewell Hajj to instruct the people to keep quiet amp listen attentively Then Rasulullah said Do not revert to disbelief after me by striking the necks of each other Bukhari,Negative
A very beneficial lecture for those in dawah,Negative
Al Hamdulillh since this video was made last week Wednesday the fitters and the brothers have now brought all the large rolls into the main prayer hall over the weekend so the fitting is soon to be completed will update as and when Inshallah,Negative
Salah is Shaytans battlefield He will try to make you miss your Salah If he fails He will try to make you delay it If he fails He will try to talk you out of performing the Sunnah amp Nafl prayers If he still fails He will try amp make you feel proud amp look down,Positive
Narrated Ibn Umar One of the wives of Umar bin AlKhattb used to offer the Fajr and the Ish Salt prayers in congregation in the mosque She was asked why she had come out for the Salt as she knew that Umar disliked it and he has great Ghaira selfrespect,Negative
I always hear people talk about Khadijah RAH being a businesswoman Its true she was But is that really why she is celebrated is Islam,Negative
Start Seeking LaylatulQadr TONIGHT the th of Ramadhn Must Read Lailatul Qadr Odd or even nights By Shaykh Abu Hakeem,Positive
Just heard the news of the passing of Shaykh Ubayd alJaabiree he used teach us in Madinah when I first arrived May Allah have mercy upon him and enter him into highest of Jannatul Firdaws,Positive
Allhu akbar Part of a great dua,Negative
NEW TRACK ADDED Tafsr ibn Kathr Lesson Tafsr Surah AlAnm Verse gt Abu Hakeem Bill bin Ahmad Davis LISTEN HEREgtgtgt,Positive
HADITH of Imam An Nawawi Lesson Saturday th April Broadcast live,Negative
If the weather doesnt permit open air prayer tomorrow then well pray prayers in the masjid and for both men and women,Negative
Shaykh Salih alFawzaan Not Sure if I Read Surah alFatiha or Not,Positive
When a man dies his deeds come to an end except for three things SadaqahJariyah continuing charity knowledge which is beneficial or a virtuous descendant who prays for him Muslim th Help Build MasjidusSunnah Donate Paypal,Positive
To be so passionate about a Fiqh issue which has valid difference of opinion that it results in insulting belittling using derogatory terms for others is far from what Fiqh demands of a person In this instance it is better for you to remain quiet,Negative
th Night increase tonight May Allh reward everyone for their generosity amp support so far Lets continue to get MarkazBukhari Open Be from the doers of good this Ramadan donate to renovate Markaz Bukhari LaylatulQadr Ramadan,Positive
End quote This is the wisdom behind fasting on Mondays to show gratitude for those two blessings It is NOT a proof for celebrating his birthday every year which turns to Eid as some wrongly assume because it is Haram to fast on Eid,Negative
Jihad is an obligatory duty in Islam On Every Muslim Jihad personal obligation fard al ayn Jihad communal obligation fard al kafiya,Negative
Stop worrying about how others will feel or whether theyll accept it This lifes too short for that Be concerned about how things will be before the Almighty on Judgement Day Thats your goal,Negative
Ive criticised Recep Tayyip Erdogan many times for many things but I prefer him a million times to the secular Turkish fanatics who are trying to oust him And just look at how the West is salivating over the prospect of him losing Hope he wins Erdogan Turkiye Turkey,Negative
May Allh allow Chat GPT amp its cousins to be a source of benefit to humanity amp not a source of destruction,Negative
One of the reasons I am antinationalismampopposed to manmade borders is the fact that sometimes even Muslim countries can act as protectors of d enemies of Islam Just look at Pakistan which IMO serves as a great wall for India protecting Hindutva from being humbled by Afghans,Positive
Alhamdulillah had a chance to visit the new Markaz Imam Muqbil AlWdi in Camden NJ May Allah bless it,Positive
South African society as a whole need Islam because Islam has the solution to their problems whether societalpoliticalfinancial etc looting is not the answer RIOTS is not the answerMuslims have a responsibility to convey this message to allMay Allah the creator guide you,Negative
Why not spend some part of your holidays by taking one of our courses taught by Mufti Muhammad ibn Adam See details here,Negative
Attention to our dear US customers We have an exciting surprise coming your way tomorrow Make sure to stay tuned and dont miss out UScustomers excitingsurprise staytuned Salafi IslamicBooks,Positive
Ramadan Round Date th of April Total Spent Number of baskets donated from wholesaler Price per basket May Allah accept it from you all Please Share so we help more families thank you,Negative
Shaykh Muhammad Ayyub reciting in his unique manner may Allah fill his grave with light and mercy Ameen,Positive
You can donate in the following ways BANK TRANSFER Bank HSBC Name Markaz usSunnah Acc Sort Ref RAMADAN APPEAL PAYPAL donations Ref RAMADAN APPEAL GoFundMe,Positive
Yemen Ramadhan Day Food Appeal We want to provide around food baskets to be distributed for Ramadhan so we can aim to provide people with their essentials for Ramadhan and even some beyond Basket DONATE,Negative
The new online Saturday Tarbiyah class with Abu Khadeejah begins July st inshAllh Places are limited to the first applicants to start with so apply early if you want to join or enrol your boys Here are the course details in full click and follow the relevant,Positive
The Application for Madinah University is open,Positive
Did you Know Reading Fajr Dhuhr Asr Maghrib and Isha equates to prayers Donate your Mussalla today icobritain RamadanMubarak ramadan islam Ummah Muslims Happy sahur iftari donate Islamicreminder reelsviral Quran Charity,Negative
Aameen A fatherly figure to us all,Negative
Your dunya goals should be in line with your ultimate goal Islam must dictate your worldly affairs not the other way around,Negative
People have forgotten that lying is a major sin in Islam Theyve forgotten the consequences that lying bears in Islam,Negative
Advise for regarding Ali Dawahs statement Dont follow Islam Follow the truth,Negative
Did you know After the days of Eid you can fast for days in the month of Shawwal to gain extra rewards Help build the Islamic Centre of Britain in the last days of Ramadan icobritain RamadanMubarak EidMubarak islam Ummah Muslims,Negative
Look forward to the event today Registration is still available for online attendance not sure about inperson Join me and Mashal discuss the politics of mental health Ill be discussing my book what Islamophobia reveals of the politics of the psydisciplines,Negative
The Kerala Story The Hindutva antiMuslim hate film screening in a cinema near you via,Negative
O Allah forgive our sins and grant us the opportunity to visit the Masjid of your beloved soon Ameen A serene clip of the athaan being called recorded from inside al Masjid al Nabawi,Negative
The gatherings of Imam Ahmad were gatherings of the akhirah,Negative
May Allah curse the liars May Allah Expose them May Allah either Guide them or replace them,Negative
Sharh as sunnah is a serious serious kitaab that clarifies the aqidah of ahlus sunnah wal jamaah However its not a beginners book and should be studied under a teacher,Positive
Its easy to become immersed in the dunya amp lose our true sense of purpose thats why we need to check our relationship with Allah amp turn to Him Allah is the One who guides our path for us This is why we pray Guide us to the straight path in every salah,Positive
With Ramadan fast approaching now is a great opportunity to refocus on our salat so we can really connect with our Creator on a deeper level Fiqh of Salat Join our subscription to gain access to not only this course but all of our selfpaced courses,Negative
And then taraweeh at pm at Bedford Islamic centre MkHS,Negative
The fitna continued through Ramadan and after seeing these internet talibul ilm argue online makes me not want to argue with anyone at all even in reality just say Allah knows best and walk off Classes to do Quran to memorise with all due respect sod off brother,Negative
Muhammad owned Black African Slaves This is Sunnah,Negative
Due to unforeseen circumstances the lesson today with our brother Abu Ukkashah in Tower Hamlets is cancelled May Allh grant him good health We look forward to continuing this lesson next week in sh Allh,Negative
Look at this amazing creation of Allah SubhanAllah,Negative
The Believers Joy and Sadness allah islamic muslim hadith Help DuSunnah move to a bigger location Donate now via,Negative
Nothing bugs me out more than a sufi with a lax pacifistic attitude Tasawuff is the total antithesis to pacifism in every sense No surprise half of these fake American sufis had a problem with shaykh Salek rh,Negative
Looking for a good cause to support this Ramadan Donate towards a Mussalla in the days of forgiveness Donate yours today icobritain RamadanMubarak ramadan islam Ummah Muslims Happy sahur iftari donate Islamicreminder masjid,Negative
Personal inclination towards one firqa hizb friend circle,Negative
UMRAH Get those deposits in soon is due per traveler by the first week of August This is non refundable Feel free to contact us here or our number via the flyer to send your deposits over Barakallahu feekum,Negative
AYAH OF THE DAY Shawwal They people of Musa said We were oppressed before you came to us and after you have come to us He Musa said Your Lord will soon hopefully destroy your enemy and make you rulers in the land and then see how you will act,Negative
LIVE NOW Abu Khadeejah Talha AsSenegalee Forty Hadith by Imam anNawawi w Explanation of Sheikh Fowzan,Positive
There will be a reminder minutes before Iftar Abu Abdillah Zubair Stifford Centre E JG Brothers amp Sisters Welcome,Negative
Today is the first day of the National Winter Conference The bookstore will be open am pm Come by the bookstore for the largest authentic collection of English Arabic and Urdu publications,Negative
Cologne Central Mosque Germany The mosque is designed in neoOttoman architectural style with glass walls two minarets and a dome Help build a unique Mosque in the heart of the UK Birmingham City icobritain Islam mosquesofworld germany,Negative
Ibn Kathr said The first obligation upon the servants is to know that there is none worthy of worship but Allh alone without any partners Tafsr alQurn alAm,Negative
NEW VIDEO The Ruling on NonAlcoholic Beverages Shaykh alUthaymeen,Positive
New series of lessons with Shaykh Abdulilah Lahmami inshAllh beginning tonight Tuesday th April after Maghrib Prayer approx pm BST,Positive
liberalism and secularism Afghanistan would still be under occupation,Negative
Session Panel features Kutaiba Kaidouha Mehmet Ali Basak Enrico Maria la Forgia,Negative
DOUBLE DONATIONS First today will be doubled by AhlulKhayr Lets continue to push in the last nights of Ramadan to renovate Markaz Bukhari Donate today Help us establish a place of worship Last Sadaqah thNight,Positive
AYAH OF THE DAY Shawwal So We sent upon them Pharaoh and his people the flood and locusts and lice and frogs and blood as distinct signs but they remained arrogant and were a criminal people,Negative
Ronaldo made Sujud yesterday when he scored I think if he become Muslim it would have an incredible impact inshaAllah,Negative
Calling on Welsh folks to take part in this brilliant oral history project on Muslims in Wales Led by Ahmed and,Negative
Shaykh Abd Allh AlDhufayr the Call to Liberalism Atheism and Disbelief in the Gulf Countries There are hands working to snatch you away from Tawd and Islm to disbelief and atheism Read full article,Negative
We have new classes starting hopefully next week In Sha Allah These books are from the curriculum that is being taught in the University of Madinah in Saudi Arabia These classes are for beginners at a slow and steady pace and you are learning from the comfort of your own,Positive
Landed in Toronto Canada Alhamdulillah This is approx my thth visit and after visiting repeatedly and visiting so many other countries in my experience immigrationcustoms at Toronto airport is one of the most straightforward and hasslefree,Negative
MasjidAtTawheed Prayer Timetable Shawaal H April Donate to the upkeep of the Masjid via PayPal,Positive
The high station of the Sahabah in Islam Do not speak ill of my companions for if one of you,Negative
How About You Add Mohammed Hijab To That List Of Flesh Eaters,Negative
gtwill never feel even the smell of Paradise Muslim,Negative
Clarification from the Committee of Major Scholars Concerning the Muslim Brotherhood Full translation by Senior scholars have consistently warned the Muslims against this group Via,Negative
Wallahi this isnt true There is still limitation to how much body parts you could show to the same gender Health reasonings dont include in this fiqh ruling The sunnah pulling off your armpits amp cutting off your pubic hair,Negative
Sh Abdal Hakim Murad Existential Threats of Progress the Modern Financial System the Metaverse via,Negative
Sorry my wording may be slightly misleading Sheikh Muhammad Tim Humble will be in Canada NOT ME,Positive
Round Date th of September Total Spent Number of Families May Allah accept it from us all Please share so we can help more families thank you,Negative
O you who have believed be persistently standing firm in justice witnesses for Allh even if it be against yourselves or parents and relatives Whether one is rich or poor Allh is more worthy of both So follow not personal inclination lest you not be just,Negative
Highly recommend taking this course Mufti Zubair carries with him wealth of experience in the subject and the course delivery and content reflects this,Negative
North American scholars defend normative Islamic position on LGBTQ,Negative
Tonight in masjid Al Humera East London,Negative
Earlier today the learned scholar Shaykh Saeed alKamali of Morocco travelled from Birmingham to Blackburn to meet my respected father He also delivered a short lesson at Darul Uloom Blackburn He has some lectures this weekend in Birmingham and London Allah Almighty bless him,Negative
Was saying things that made no sense What she also didnt know was that women can have a marriage annulled Faskh and are not locked into marriages they dont want to be in The annulment has far fewer legal requirements than Talaq divorce but she didnt know this,Negative
Also this was followed by joining brothers for a great day giving dawah in Leeds City Centre along with Brothers Shamsi and Anwar,Negative
My father in laws sister return to Allah If you could ever so kind to remember her in your Dua JazakumAllah khayra,Negative
The best deterrent and punishment for adultery is known in the sharia All of these options are not needed,Negative
NEW VIDEO I Forgot to Say Bismillah Before Eating Shaykh alUthaymeen Shorts,Positive
You Could Be Donation Away From Jannah DUS Dawah Campaign,Negative
The narration regarding fasting on th Shaban is unreliable there is no specific virtue for fasting on this day Accordingly the fast cannot be deemed as Sunnah or recommended It is best to fast on the th th amp th of each month as was the general habit of our Nabi,Negative
NEW TRACK ADDED Tafsr ibn Kathr Lesson Tafsr Surah AlAnm Verse Abu Hakeem Bill bin Ahmad Davis LISTEN HEREgtgtgt,Positive
Hiding from knowledge of the people of innovation is not a smart solution like hiding from a bully makes you coward makes you lose self respect and you cant hide forever sooner or later that bully is gonna see you and then hes gonna punch you Rather tackle it head on,Negative
WaterForAfrica Donorbox PayPal UK amp INTERNATIONAL BANK TRANSFERS UK Santander Sc Acc No Acc Name City Centre Dawah International Bank Account Number IBAN GBABBY,Negative
The love that we all receive from this beautiful and magnificent man elevates the heart into euphoria Thank God and Alhamdolillah for the blessing of khilafat This is one of my most cherished moments with beautiful man of God ahmadiyyat islam,Negative
Being tired isnt an excuse for looking around in Salah Im baffled by talibul ilm who should no better and reciters who look around the room during Salah Its like a total disrespect to Allah,Negative
NONE has the right to be worshipped EXCEPT Allaah,Positive
All information should be verified before being posted on social media This applies to stories narrations and Islamic rulings It is difficult at times to remove fabricated stories and incorrect rulings from the minds of people,Negative
All praise is due to Allh Weve managed to raise last night at We would like thank our brothers and the community in Sheffield for the hospitality and helping us to collect for Markz Al Bukhar May Allah aide them and reward for their generosity,Positive
A Date for Your Weekend Diaries An Exciting and Beneficial Event for all of us to look forward to inshAllh We strongly encourage Ahlus Sunnah from South of the Pond to attend and benefit from our respected elders and teachers hafidhahumullh Sunnah Knowledge,Positive
min reminder before Iftar Abu Ukkashah Stifford Centre E JG Brothers amp Sisters Welcome,Positive
My favourite recitation of Surah Tawbah is by Shaykh Muhammad Khalil I had the honour of praying in Al Masjid Al Nabawi on this night and listening to this unforgettable recitation May Allah raise his ranks in Jannah amp enter him in Jannah without reckoning,Positive
Sins are bad for everyone However for some they are worse than others May Allah protect us all,Negative
Help us help the children of Yemen with basic school needs backpack per child for roughly This Appeal is sponsored by amp The Youth Hands Foundation,Negative
NEW TRACK ADDED Tafsr ibn Kathr Lesson Tafsr Surah AlAnm Verse Abu Hakeem Bill bin Ahmad Davis LISTEN HEREgtgtgt,Positive
LIVE NOW Shaykh Slih alFawzns Explanation of Hfidh AnNawaws Hadth Hadth The Five Pillars of Islm Ustdh Abu AbdurRahmn Hill TUNE IN The Hadth can be found here,Positive
than the obligation of his investigation of the rulings of prayer and fasting and the unlawfulness of shirk and believing in the ght is greater than the unlawfulness of marrying mothers and aunties AlDurar alSaniyyah,Positive
This is the mind of a Jahil The Prophet was the leader and he had Companions as agents,Negative
HADITH OF THE DAY Shawwal Anas RA narrates Whenever ProphetMuhammad spoke a sentence he would repeat it thrice so that the people could understand it properly from him And whenever he asked permission to enter he did so thrice with greeting Bukhari,Negative
One great blessing we hardly ever acknowledge is that despite all our faults Allh keeps those faults concealed,Negative
The sisters reference point on Islam was skewed and therefore she harboured negative feelings towards Islam simply because she did not study her religion and take it from its correct sources and not thinking critically when given these false statements on Islam,Negative
which killed nearly mil people Mike Davis Late Victorian Holocausts explores several other examples of how British colonial policy perpetuated the effects of natural disasters With this in mind what is more relevant for us to analyse as Muslims today is the way in which,Negative
Satan makes the Kafirs false promises with empty hopes they are deluded,Positive
Help us help the children of Yemen with basic school needs backpack per child for roughly This Appeal is sponsored by amp The Youth Hands Foundation,Negative
The Palestinian freedom struggle is mainly hijacked by liberals amp seculars and thats why not even an inch of Palestine is free yet Now if you compare it with the NATO occupation of Afghanistan and how it defeated NATO then you can clearly find the answer If it were about,Negative
Donorbox PayPal UK amp INTERNATIONAL BANK TRANSFERS UK Santander Sc Acc No Acc Name City Centre Dawah International Bank Account Number IBAN GBABBY SWIFTBIC ABBYGBLXXX,Negative
The actual Hanabilah when they hear the nonsense you attribute to them,Negative
Beautiful definition of Taqwa by Ali Ibn Abi Taalib may Allah be pleased with him which loosely translates to God Fearing,Negative
always declare war on you whenever they please Remember the Iraq Libya Yemen Syria AfghanistanPalestine etc So be prepared instead of acting as weak and soy boys,Negative
Coming Soon to Righteous and Virtuous Deeds to Perform throughout the Year as Connected to the Months and seasons of the Islmic Year Being a summary of the classical book Latif alMarif of AlHfidh Ibn Rajab Stay Tuned,Negative
FEED THE NEEDY IN RAMADN Current Total Its the th day of Ramadn amp we have nearly reached of the total required to feed the needy in Bangladesh Gambia Uganda Alhamdulilah Remember if you give a fasting person something with,Negative
MasjidAtTawheed Prayer Timetable March Shabn Ramadan H Donate to the upkeep of the Masjid via PayPal Cardiffdawah,Positive
Practicing Sufism Spirituality Rituals and Resistance in Modern Sufism Room Ramisha Rafique,Negative
Uthmaan radiyallahau anhu said No one concealed his innermost thought except that Allaah the Mighty and Majestic will bring it out through the expressions of his face and the slips of his tongue,Negative
I am looking for new and interesting discussions on Islamic economics not Islamic finance Link me to anything you may have come across Jzk,Negative
This has to be the most confusing dawah conversation I have had in a long time Filmed earlier today,Negative
Eid AlFir Birmingham By Abu Hakeem Bill Davis,Positive
Youre always only ONE breath away from the hereafter,Negative
Taraweeh prayer schedule in the upcoming days of Ramadan,Negative
May Allah bless you all Please continue to help us further Help DuSunnah move to a bigger location Donate now via,Positive
We need just of you to give Donate Imagine the reward you will share from the next batch of individuals we will train amp the numerous organisations we will empower to preserve Islams number one priority InshaAllh,Negative
Weak research the condition of the majority of orientalists and those who revere their writings They Dont read the Arabic text in its original form They rely on second or thirdhand English sources They went through a few Arabic sources,Negative
We bid farewell to the Shaykh in tears Our beloved Shaykh gave lectures finished two matans travelled to the south and the north of Maldives and almost everyday we had private sittings with him He taught us Aqeedah Fiqh Hadith these days and will be surely missed,Negative
GiveAQuranInRamadn Were nearly there dont miss the opportunitySadaqahJariyah Only needed to reach the target with a maximum of nights to go Donate towards printing Qurn amp distributing them worldwide from our dawah stalls amp newly updated website,Negative
adth Four Affairs of Jhiliyyah That People Will Not Leave Wailing over the dead reviling ancestors tying rain to the rising or setting of stars and transmission or Contagion Read full article,Positive
In Sha Allah Ill be in Edmonton Canada between the th th of December at Masjid Sahabah More details to follow In Sha Allah,Positive
We have certainly set forth every kind of lesson for people in this Quran so perhaps they will be mindful AzZumar Reciter Shaykh Muhammad AbdiKareem,Negative
New Track Added Night Raman Short Reminders By Abu Hakeem Bill Davis,Positive
Considering everything Ive heard being casually said about Shias in Sunni circles it does not surprise me that something like this would happen May the victims recover soon iA,Negative
NEW VIDEO Romanian Lady Says Shes Between Christianity And Islam Shamsi Speakers Corner,Negative
DOUBLE YOUR DONATIONS OPPORTUNITY th Night Ramadan We are asking brothers and sisters to donate each today Any donations made tonight will be DOUBLED BANK TRANSFER Bank HSBC Name Markaz usSunnah Acc Sort Ref RAMADAN APPEAL,Positive
Today is the th anniversary of the Nakba when the Palestinian people were murdered ethnically cleansed and had their land stolen by Zionist terror gangs Today we renew our commitment to support the Palestinians until Apartheid Israel is no more and the land returns to its,Negative
LIVE NOW Advice to The Women from Selected Ahadith Topics chosen from the Ahadeeth with explanation taken from various Mashayikh Taught by Ustdh Abdul Hakeem Mitchell Sunday pm Live at Masjid Broadcast on,Positive
We either choose a strong sovereign United nation or a weak divided multi nations that is open to be exploitedampabused in all areas I chose the former Somalia,Negative
So all the Ansaris across Pakistan and India are probably related if you go way way back Its weird because Id sometimes meet an Ansari from Pakistan or South Africa and feel we were similar in some way,Negative
Erm brother theres way are more Salafis in countries like Pakistan than there are in some Arab countries,Negative
Yusuf b Asbat l Antioch d did not laugh for years AlFudayl b Iya d Mecca said In you are two traits that come of ignorance laughter without wonder and getting up in the morning without having stayed up late into the night,Negative
NEW VIDEO WHAT IS MONEY By Sh Abu Hakeem Ramadan th Night LaylatulQadr SadaqahJaariyah MasjidusSunnahAston Lets Open Masjidus Sunnah,Positive
Today in Leicester for the Friday Khutbah,Negative
Also confirming the importance of dates Allahs Messenger salallhu alaihi wasallam said to our Mother ishah O ishah A family which has no dates in their house its members will be hungry He said this twice or thrice Muslim,Negative
Lesson This Friday FRIDAY th of May at PM UK Selected Hadith of the Prophet concerning Matters of Belief amp Creed By Sheikh Rabee Usdaath Abdulhakeem Mitchell,Positive
Shaykh passed away last night and has returned to Allah May Allah raise him with the people of Quran amp grant him the highest ranks of Jannah,Negative
his grave LITERALLY based on his batil jahil understanding of waseela and tawassul The prophets are alive in the life of the barzakh and in the sense that their bodies do not decompose pray in their graves and return salam by the will of Allah,Negative
Shawwl May Prayer Timetable for the SalafiMasjid,Positive
Ramadan is a month of sympathetic gestures muwasat This refers to every act of courtesy their rewards are intensified such as buying someone their grocery providing iftar helping someone with household chores alleviating work load from an employee serving the elderly,Negative
Uncle Is requesting duaa his in prison due to things he did in his youth before he became Muslim he was speaking to his lawyer and has court next Wednesday he thinks there gonna send him back to the Czech Republic His a Czech revert please keep him in your dua,Negative
MasjidAtTawheed Prayer Timetable January Jumda Ath thani Rajab H Donate to the upkeep of the Masjid via PayPal Cardiffdawah,Positive
We are in times where everything is about fast mass production like food Even religious institutions aim to churn out as many graduates out as possible and success is often measured by numbers There is a growing focus on ceremonies and building stats,Negative
My review of the anti Muslim hate film The Kerala Story This is the only review worth reading TheKeralaStory,Negative
not significantly different than his rejecting reports from Aisha Ibn Umar Wail b Hujr amp others for none of these cases involve a suggestion of the untrustworthiness of a particular Companion nor do alShaybanis words ever express the rejection in such language,Negative
Aaaarrrriiite MBS stepping in amp saying Islam shd be Qurancentric amp not Hadith Bukhari etc centred Note Imam Malik amp Abu Hanifa embrace Sunnah but not Hadith necessarily A milestone in the abolition of apostasy laws Perhaps BukhariGate,Negative
Getting sandwiched by nonmahram repeatedly hence the name Imam Sandwich Yaqeen institute has crossed its limit to promote gender mixing and tabarruj,Negative
New Audio Ustdh Abdul Hakeem Mitchell Beware Of Following The Footsteps Of Shaytn,Positive
Lesson Foundations of The Sunnah by Imaam Ahmed Read by Abu Aaisha Shamsudeen Today at pm Live on Channel All Welcome,Negative
Should public cultural and heritage institutions museums art galleries archives and libraries have dedicated prayer spaces multifaith quiet rooms,Negative
Shaykh Abd Allh AlDhufayr on Abrahamic Faiths There is a verse in the Qurn which completely eradicates the claim of the kufr doctrine that is called the Abrahamic House of Worship Read more,Positive
Brief Advice nasiha to the Jamaah Tabligh by Shaykh alIslam Mufti Muhammad Taqi Usmani hafizahullah delivered in October Read here,Negative
Worth noting Moret is still detained because of his refusal to give full access to his phone etc as per Schedule arrests This mirrors the experience of Muhammad Rabbani of whose prosecution for the same refusal is well documented,Negative
NEW A Reminder to the Youth Delivered by Our Brother Shamsi Time pm after Isha Title Benefits Derived From The Story Of Moses and Khidr We welcome our parents and children and advise them to take benefit,Negative
Falling in love with the opposite sex is strictly forbidden in Sharia Law,Negative
CAMPAIGN UPDATE raised May Allh reward you all for your generosity Together we can do this Be from the doers of good this Ramadan donate to renovate Markaz Bukhari,Positive
Cristiano Ronaldo doing sujood after scoring today May Allah guide him CR Sujood CristianoRonaldo ameen,Negative
If the heart has Allh in it the mind will think about Allh and when the mind thinks about Allh the tongue will speak about Allh,Negative
Two issues appear when people start to place less value on those with true knowledge Charismatic unqualified people who pose as scholars attract more attention People believe it is acceptable to argue with knowledgeable people,Negative
Day Session Panel includes Alina Alak Kassim Alsraiha Jaan Islam Hussain Muhammed,Negative
Lesson Today Intensive Madinah Book Course Aimed To Finish in Three Weeks After Maghrib pm approx All Welcome,Negative
Located in the of the country Birmingham Aston Less than two hours from most of the major cities From a place of Shirk to a place of Tawheed From a Church to a Masjid Ramadan H There is still time to benefit Donate,Negative
Taliban Deobandi Scholar The School of Hanafi Jurisprudence allows Kafirs in your possession to be legally Raped You can own a of them no problem of all UK Mosques follow identical Laws to the Taliban Hanafi Fiqh video,Negative
The Methodology of the Prophets in Calling to Allaah Not to mention the numerous articles and PDFs he Translated Some of these works mentioned was also involved in May Allah have mercy of our Brother Abu Talha and preserve our teacher Abu Iyyad,Negative
Lesson Tonight Friday th February AlFiqhul Muyassar Book of Fasting Taught by Ustdh Abu Rayhaana Yahya in person pm pm inshaAllaah All welcome Balham Community Centre Bedford Hill SW HE amp,Positive
Sisters Evening Tonight pmpm Telelink reminder by Shaykh pm Bring family and friends along,Negative
Allah is the creatorsustainerampprovider of everyone and everything that exist Those who believeampworship him alone and try their best to live according to his commandsampprohibitions will be admitted into jannah and will be saved from jahanam This is our purpose in life,Negative
Allahumma Baarik Our brothers are well on the way to completion before the end of Ramadhn and Allah knows best if you havent contributed yetdont let the opportunity pass you When its doneits done,Negative
Some of you guys thought it was a joke or an exaggeration when I mentioned this some even try mock this on TIKTOK see they thread below of how someone nearly lost his life on Eid in Birmingham I hope it wakes you up long weekend ahead for those who want to mess around,Negative
Its hard to disagree with this viewpoint The declining fertility rate in the Western world and countries like Japan is proof that when women prioritize serving corporations over families infertility increases Statistics are cruel when it comes to fertility in nations,Negative
Interestingly the design of these flags was attributed to Mark Sykes a British diplomat who sought to foster a sense of Arabness and ignite rebellion against the Ottoman caliphate,Negative
The Last Ten Nights of Raman amp Laylatul Qadr By Abu Hakeem Bill Davis,Positive
Before this guy became the first minister of Scotland you didnt even know his name and after becoming the leader you should forget his name When did anyone ever take a Muslim politician seriously People must be really bored to display this fake outrage Blame YouTubers,Negative
LIVE LECTURE TOMORROW BANK HOLIDAY MONDAY Shaykh Abdulilah Lahmami Islam is the Sunnah and the Sunnah is Islam After Dhuhr pm All Welcome,Positive
A beautiful email from a brother who is currently taking the Discussions in the Beliefs of Ahl AlSunna course with us Full description of courses here,Positive
Salafi Salafirecording Salaf Muslim Islam Quran Sunnah Salafiyyah,Positive
Moon has been officially sighted in Saudi Arabia Eid is tomorrow May Allh accept all of our good deeds from us We would like to thank everyone who donated so far There is only a few hours of Ramadan that remains use the link below to donate,Negative
Just to make it clear I wont be attending in person for the aim conference in San Diego I was only ever scheduled to attend via zoom May Allah give the participants success Ive been back in the uk since days now,Negative
Has Yahyah AlHajuri AlHaddaadi Openly Repented from One These Excesses,Negative
Is he really your friend islam,Negative
The Kitaab AtTawheed class today is cancelled and will resume next Sunday after Maghrib inshallah Please use this time to review your notes,Positive
Laylat AlQadr The Night of Decree is in the last nights of Ramadn Some Companions such as Ibn Abbs Ubayy Ibn Kab and Muwiyah radiyallhu anhum regarded it to be on the th nightbut the correct saying among them is that the actual night is not known and is,Negative
One who has no fear of punishment in the hereafter has either a weak connection or no connection with Allh,Negative
Starting Soon A Glimpse At The Story of Yusuf Part from the works of AlImm AbdurRahman AsSadi Shaykh Uways Taweel Listen at,Positive
There is No Comfort for The Believer Until islam islamic muslim Allah Help DuSunnah move to a bigger location Donate now via,Positive
From time to time its good to remind yourself of the great favour Allah bestowed upon you by removing you from layers of darkness to light of guidance Whether you was involved in Music Zina Gangs or even disbelief,Negative
AbudDard said The Prophet said There is nothing which weighs heavier in the balance than good character AlAdab AlMufrad Chapter Page By Imm Bukhri,Negative
Dont be phased by fame many of the Messengers of Allah were people who were unknown Allah says in the Quran And Messengers that we did not relate their stories unto you Fame is not the yardstick to measure closeness to Allah God consciousness and good deeds are,Negative
A student of knowledge when going abroad especially those in the Jamiaat have to study with the intention of following the truth from what they study Many go with the intention of reinforcing their positions they had before studying and therefore struggle to benefit,Negative
The borders within a Caliphate are for administrative purposes For example they can be divided into regions such as Syria Iraq Iran Afghanistan Pakistan and India with appointed governors overseeing each area However the Caliphate maintains a unified military economic,Positive
Lasering other parts beside women privates parts are allowed but Wardahs concern is the getting laser for the pubic hair which grows concern among the scholars If theres no big maslaha such as the reasons mentioned above then they say dont for the private part,Negative
THE TIME IS NOW HELP US BUILD YOUR MASJID A Beacon of Tawheed amp Sunnah MasjidusSunnahAston Donation Channels,Positive
Donate to the establishment of a place of worship where prayers Islamic lessons Quran classes community events conferences amp more will be taught Help spread the Sunnah Help renovate Markaz Bukhari Ways To Donate,Positive
NEW VIDEO How to Enter Paradise with No Punishment Shaykh alUthaymeen,Positive
Common Shahadah Error Shamsi Islam muslim Allah shahadah Help DuSunnah move to a bigger location Donate now via,Positive
Looking forward to presenting my paper at the rd Annual Hanafi workshop in Istanbul in June Hope to see friends there,Negative
Thursday th Ilford AlBayaan Hadiths on Good manners Monday th Hajj seminar in Masjid Assunnah then lecture by Sheikh Abdulrahman Hasan,Positive
Alhamdulilah We have just received a donation from our brothers amp sisters at to aid us in finding a new masjid for our community May Allah bless them for their generous donation You can also donate now via,Negative
Was great to present my paper entitled Islam and Capitalism Towards Developing an Islamic Liberation Theology to Tackle Economic Inequality at today as part of a brilliant panel on Islam and the economy,Negative
What now after Ramadan Abu Maymunah Said Ali st May Stifford Centre E JG Brothers amp Sisters Welcome,Negative
Allah is the best of planners Rodtang IronMan NewMuslim Shahadah,Negative
Alamdulillh we were blessed to have Shaykh alHadith Fazlur Rahman Azmi Allah preserve him in Leicester recently He advised of adherence to the Sunnah particularly the supplications in Qawmah and Jalsa We were given the attached card Kindly practice and share,Negative
Explaining the Muslim link to Abraham to Tammy Peterson and how Makkah came to exist To watch the full podcast episode Why Society is Suffering from Changing Gender Roles Sheikha Fatima Barkatulla with Tammy Peterson Watch Like Share,Negative
The Interpretation of Things Seen in Dreams by Imm AlBaghaw d H A Page Handwritten Translation by Shaikh Abu Talhah Dawood Burbank may Allahs mercy be upon him PDF,Positive
Ibn alQayyim This affair of Tawd its rights obligations is worthy of the little fingers being tied around it bitten onto with the molars and held onto despite hot coals It is not to be held by the ends of the fingertips arq alHijratayn p,Negative
Is what youre saying coming from verified sources of Islamic law Have you sincerely read and researched what Muslim scholars past and present have said on this issue Are you simply repeating statements from closet Islamophobes who want to taint your view of Islam,Negative
Lesson today at pm Kitaab at Tawheed Shaikh ulIslaam Muhammad bin AbdulWahhaab With Explanation of Shaykh Saaleh Al Fawzaan Ustaadh Live at Masjid Broadcast on Link to the previous lessons,Positive
Almighty Grant us the strength amp clarity of mind to walk the path You have laid out for us We do get overwhelmed We stumble We are worried constantly We know that Youve worked out every detail of our lives Keep us firm in faith with the courage to fight off all doubts,Negative
It does not matter if some of the sky still seems to be bright because the darkness spreads in the east and the sun sets in the West and the fast is broken for the one who clings to the Sunnah,Negative
Let Us Make A Change Year Old Boy Killed Near Roxborough High School by Shaykh Hassan Somali by Germantown Masjid on SoundCloud,Positive
To perfect alh always contemplate murqabah death and meeting Allah Mawln Ashraf Al Thnaw,Negative
If tomorrow people stopped wearing your cultural clothes You cry babies will run laps just to promote it Be pleased amp say Alhamdulillah that muslims are appreciating loving your culture Cultures are there for us to learn about amp enjoy as long as they dont go against Islam,Negative
Tonight Friday th November Kitaab AtTawheed Ustdh Abdul Hakeem Mitchell PM All welcome Balham Community Centre Bedford Hill SW HE amp,Positive
TurkiyeEarthquake EARTHQUAKE RESPONSE PHASE CCDworkforce has arrived in Gaziantep Turkiye for another round of food distribution for those affected by the earthquake in February Many have been moved out of tents amp relocated to prefabricated houses but still require food aid,Negative
Use these last moments of Raman to end it on a positive note Dont waste it by engaging in arguments or futile actions The Prophet peace be upon him said Verily deeds are only judged by their endings a alBukhr a Muslim,Negative
The Durood after mentioning or hearing the name of Rasoolullah should never be a burden It should be said with pleasure and every word should be clearly pronounced Abbreviating the Durood should be avoided at all times The Salaf highly discouraged abbreviating the Durood,Positive
Arabic An investment youll always be pleased with Learn it if you can folks Much love,Negative
vol collection featuring Urdu speeches of Hadrat Mawlana Ibrahim Desai father of Shaykh Shuaib Desai who passed away in a car accident in whilst travelling to our Darul Uloom Bury to teach Allah reward Mawlana Farooq Desai and Dr Mahmood Chandia for publishing this,Negative
Well maybe its time close the doors that enabled parents to abuse their authority by torturing defenceless children both mentally and physically guilttripping them with their local imams illiterate representation of the Qurans teachings on parenthood,Negative
Tomorrow Explanation of the Six Principles by Shaikh Ubaid AlJabiri Sunday th May PM BST By Abu Maymnah Sad Ali All Welcome Masjid Bin Bz East Road London E QR,Positive
Lesson Today Every Monday amp Wednesday After Maghrib pm Madinah Book Taught by Abdurrahman Mawsili All Welcome,Positive
Shaykh Mahmood Khalil al Qari imam of Masjid al Qiblatain in Madinah amp former guest imam of Al Masjid Al Nabawi is critically unwell in hospital We ask Allah to grant him full shifa amp return him home swiftly Ameen ya rab,Positive
Muslims have a year architectural history in Britain QampA via,Negative
The moon has been sighted in multiple places Eid will be on Friday May Allah accept from you all Eid Mubarak,Negative
The Ambiguities of Being Muslim and Modern by for,Negative
Ibn Masud narrated in a Marfu Hadith tradition traced to the Prophet himself The most evil men are those upon whom the signs of Hour of Resurrection comes while they are still alive and those who take graves as places of worship Masjid,Negative
NO BABY CLUB TODAY There will be no mother amp baby club today Sessions will resume from next Tuesday InshaAllah BaarakAllahu Feekum,Negative
By supporting us you will share in the reward of all of the good work these people will do Imagine each just gets shahadahs each That is a million shahadahs Imagine if they train other people too The numbers become mindboggling Immense reward,Negative
Give in charity on behalf of your deceased as a SadaqahJaariyyah amp allow them to benefit in the Aakhirah rd Ramadan LaylatulQadr A single nights worship equivalent to years Donate tonight PayPal,Negative
Alhamdulillah significant progress but we still have a k to raise Complete the Expansion project Paypal Metro Bank Markaz At Tawheed Maintanance Account Number Sort Code,Positive
Our purpose in this life as humans is to knowbelieveampworship our creator Allah alone without associating any partners with him Theres no God except Allah and prophet Muhammad pampbuh is the last and final prophetampmessenger of Allah the all mightythe all knowingthe all wise,Positive
Every woman should have this book of our beloved Shaykh AlImam Muhammad Nasir adDeen AlAlbani Titled The Jilbab of the Muslim woman in accordance to Quran and Sunnah ONLY copies remaining Even if you do not read Arabic grab this jewel for when you finally,Positive
During these blessed moments of Friday pray to Allah Almighty to shower His mercy on our brothers and sisters in Sudan and bless them with peace prosperity and patience Reports suggest that more than people have been killed and thousands are displaced,Negative
Live Now Shaykh Abdulilaah Lahmaami Listen,Positive
Imam Ibn alQayyim You will not reach the state of humbleness until you accept the truth from those whom you love and those you hate and accept it from your enemy just like you accept it from your closest ally Madaarij AsSaalikeen,Negative
Conceptualising Urbanity Reinterpreting Coexistence A isba Manuscript of the Late Ottoman Era in Tunis,Negative
The last few nights of Ramadan are upon us Allahu Akbar Dont miss out on this great opportunity Help establish Masjidus Sunnah Aston SadaqahJaariyah Lets put something forward,Positive
TODAY in one hour Prof John Holmwood amp Dr Layla Aitlhadj Date st March pm Webinar Registration Here Register Share Duas,Negative
Alhamdulilah please continue to donate towards the completion of the rd floor expansion Over donated from one of our noble brothers May Allah accept it from him Paypal Bank Markaz At Tawheed Maintanance Ac Sort,Positive
This is a voice recording of our Shaikh alImm Ubaid alJbir may Allhs mercy be upon him from over years ago One his foremost students Shaikh Araft said that he played it back to Shaikh Ubaid who recalled it stating that it was a Jumuah,Positive
Learn Arabic from the comfort of your own home Contact today,Negative
Our Lord We have heard the caller to true belief proclaiming Believe in your Lord alone so we believed Our Lord Forgive our sins absolve us of our misdeeds and allow us each to die as one of the virtuous Reciter Shaykh Hassan Saleh,Negative
Starting Soon Selected Hadith of the Prophet concerning Matters of Belief amp Creed By Sheikh Rabee Hadith number The dangers of supplicating to others besides Allah Usdaath Abdulhakeem Mitchell,Positive
Some people have taken this the wrong way I think its worth watching the entire interview I conducted with him S Yasir Qadhis point was about his own experience of traditional seminaries in Muslim countries Skip to the last question,Negative
Looking for some postRamadan motivation Journey through the lives of world leaders from the annals of Islamic history specifically characterised by a profound love for the faith adherence to Islamic principles amp a deep sense of sincerity amp connection to Allah Most High,Negative
Sisters Lesson Ex Of Important Lessons Read by Abu Aaisha Shamsudeen Live on Today at am,Negative
Day Session Panel includes Nia Deliana Nikole Pantie Ahmed Arfouai Hafsa Kanjwal,Negative
AlAllamah Ubayd AlJabiri on Photographing Animate Beings,Positive
Live Now at the SalafiMasjid Jumuah Khutbah Abu Fudayl,Positive
New class at Masjid Nawawi every Tuesday starting this week InshaAllah th May,Negative
Every season has its Good deeds for Ramadan some of the best deeds are Fasting Praying at night Quran Charity Dont forget to donate to help build a masjid of Allah Donate below and share,Negative
Some pictures of when Shaykh Albani visited Spain Granada Ishbiliyyah and Madrid in May Allah have mercy upon this great scholar of Islam Courtesy of,Positive
Israels brutality is not a sign of its strength but rather a sign of its weakness and desperation This week Dr Azzam Tamimi talks to about Palestine and liberation Out soon IASubscribe here,Negative
Allahumma Baarik May Allah bless all who contributed A beautiful night and noble cause May Allah complete this campaign for our brothers quickly The event was filled with brothers and sisters who came out to give By Allah there is so much khair with Ahlus Sunnah,Negative
The tongue if not controlled is very dangerous It leads people towards calamity in this world and also in the hereafter,Negative
An easy way to be written among those who regularly spend from their wealth and implement the likes of the statement of Allah Those who believe in the Unseen and perform AsSalat and spend out of what we have provided for them Suratul Baqarah Vs,Negative
Excited about the book launch next week Was told tickets are selling quickly but some are available If youre in London and interested in Islamophobia and the politics of mental health and psychology register here,Negative
TARGET REACHED Alhamdulillah we have surpassed the required amount to complete the expansion project target reached during Ramadan Lets us come together purchase extend amp aid other salafi centres that need our support May Allah reward all who made Duaa amp Donated Ameen,Negative
A brief summary of AlAqidah AtTahawiyyah Abu Abdillah Zubair Tunein via,Positive
NEW LESSON STARTING TOMORROW A Summary of the Prophets Prayer Described By Shaykh Muhammad Nasir alAlbani Read by Abdurrahman Mawsili pm All Welcome,Positive
NEW TRACK ADDED Tafsr ibn Kathr Lesson Tafsr Surah AlAnm Verse Abu Hakeem Bill bin Ahmad Davis LISTEN HEREgtgtgt,Positive
The Kitab Project uses a diverse digital toolbox merging technology with history and Arabic Machine learning tools like Optical Character Recognition and Handwritten Text Recognition help to unearth Arabic written heritage Find out more BRAIS,Negative
The Messenger said Whoever forgets while he is fasting and eats or drinks then let him complete his fast for indeed it was Allah who fed him or gave him drink Collected By Muslim No Translated By Abu Hakeem Bilal Davis,Positive
We try our best to act upon and advise others about every Sunnah eating healthy and moderately is also part of the Sunnah We should not put ourselves in a position which deprives us of advising others about this Sunnah,Negative
Shaykh AlAllmah Salih alLuhaydaan has passed away May Allah have mercy upon him forgive him of his sins and enter him into the highest level of Paradise,Positive
Koran Allah Permits Muslims to Pimp out any Kafir females who they control into Prostitution without any fear of penalty,Negative
Eid Mubarak Help Build the Islamic Centre of Britain this Eid Donate Today icobritain islam Ummah Muslims Happy donate Islamicreminder reelsviral Quran Charity fasting forgiveness mosque masjid sponsor Jummah Eid EidulFitr,Negative
I formatted this book with incarcerated brothers in mind because many take advantage of their sentences to learn to read amp converse in Arabic So all of the ayt Hadth amp statements of the Salaf and scholars include fully vowelled Arabic sentence by sentence,Negative
Ep An introduction Change of Heart Series Ali Hammuda,Negative
Some points covered by during this khutbah,Negative
LIVE NOW A Glimpse At The Story of Yusuf Part from the works of AlImm AbdurRahman AsSadi Shaykh Uways Taweel Listen at,Positive
LESSON RESUMES Gateway To Arabic Book Sunday pm Markaz Daaruttawheed Unit Plumstead High Street SE SL Brothers only Limited number of books available for purchase,Positive
Any man whom Allah has given the authority of ruling some people and he does not look after them in an honest manner gt,Negative
Suleymaniye Mosque Istanbul Turkey Located on the Third Hill of Istanbul the mosque was commissioned by Suleiman the Magnificent This Friday help build a unique Mosque in the heart of the UK Birmingham City icobritain Mosque JummahMubarak,Negative
Whoever wants to follow a path let him follow the path of one who has died for the living are not safe from fitnah Abdullh ibn Masood May Allh be pleased with him,Negative
I spent around years with deobandis fairly intimately They werent even that hardcore The biggest problem is what they dont teach and the drips of poison they add in over the years Very chameleon like attitude as well,Negative
Khalafi Social Media Claim Salafiyyah Align yourself with no one Keep you dawwa ambiguous Fall into a mistake Justify it Make a public apology without apologising Accuse the Salafiyeen of being harsh Attack the Salafiyoon New faces but the same errors,Negative
Do not underestimate an affair which causes the break up of marriages families friendships communities and also destroys nations and brings dire consequences in this life and the hereafter,Negative
The Most important books in Islam dedicated to Jihad,Negative
Qualities of ALLAH AlMuakhkhir The Delayer O Allah delay what is not right for us Ameen Donate your Sadaqah Jariyah to the Islamic Centre of Britain icobritain islam Quran Allah mosquesofworld mosque Muslim Give Hope Help TuesdayTip,Negative
New Track Added Night Raman Short Reminders By Abu Hakeem Bill Davis,Positive
One of the pious said if Jannah was made from mud and this word was made from gold and silver then what would one choose An intellectual person would still choose Jannah because this world is temporary youre going one day,Negative
Come to the Prayer Come to the Prayer And then Come to the SUCCESS Come to the SUCCESS Subhaan Allaah Alhamdulillh for Islm May Allaah take our souls upon Islm TAWHEED and Sunnah,Positive
NEW VIDEO COMPLETE A HOUSE OF ALLH By A Beacon of Tawheed amp Sunnah Spend in the way of Allh in times of ease amp hardship giving for the sake of Allh Ramadhan LaylatulQadr th Night,Negative
New video lecture uploaded really insightful discussion by Mufti Muhammad ibn Adam on the Root Causes amp Solutions of Marital Conflict Watch here and dont forget to subscribe to our channel,Negative
Food being prepared to serve in Uganda along with the orphans amp poor that received it May Allh reward with good everyone that contributes,Negative
Respect to my sisters who didnt fall into the temptation of shaytaan You are all winners and ambassadors of the religion Protect your honour and dont allow the perverts and the hyenas of the society to prey and perv on your beauty Your beauty is for your husbands,Positive
Children are always told to never say uff to their parents but no one ever tells us that the verse is about grown up adult children looking after their elderly parents who lose control over their utterances This verse does not tell children to feed their parents narcissism,Negative
Qualities of ALLAH AlMuqtadir The Omnipotent O Allah Indeed you are the Powerful Help us by donating towards the Islamic Centre of Britain icobritain islam Quran Allah mosquesofworld mosque bricks Lord donatenow needs Muslim Life,Negative
There is no point in just sharing ayat blindly by the way You should memorise and learn their meaning Here is Tafsr Ibn Kathr read the meanings behind what you and others share This type of knowledge benefits for a lifetime rather than a few secs,Negative
When people have to lie about you in order to discredit you thank the Almighty that He has elevated you and granted you great success People do that out of jealousy hatred ignorance or simply to gain views and likes Smile and keep moving,Negative
Any Muslim women students get in touch with Amena,Negative
Eid ulFitr Prayer Join AhlusSunnah in East London amp pray the Eid Salah outdoors in accordance to the Sunnah Men women amp children should attend to witness the Eid Salah Fri OR Sat April am Plashet Park Light refreshments Sweets for children,Positive
Have good thoughts concerning Allah in these times of hardship because your Lord laughs at your despair and He quickly removes it for you Abu Khadeejah,Positive
Allaah said And when mankind are gathered on the Day of Resurrection they false deities will become their enemies and will deny their worshipping Srah AlAhqf,Negative
FRIDAY th of May at UK Selected Hadith of the Prophet concerning Matters of Belief amp Creed By Sheikh Rabee Hadith number The dangers of supplicating to others besides Allah Usdaath Abdulhakeem Mitchell,Positive
News reached that uztaz Thaufeeq father has passed away today will inform the time of salathul janaza soon May forgive the shortcomings and enter him to Jannah and give the family members strength to bear the loss,Negative
Always found it strange how some ulema dance around these type of issues amp think its too much for the average person to understand amp comes across inflammatory But theres no problem talking against the shia qadianis or certain mullas whos fatawa they dont like,Negative
This weekend th th Coventry Birmingham Derby London,Negative
Though small in number our brothers represent strong building blocks upon which the dawah there may be nurtured May Allah reward our noble brothers Islamabad for a well organised conference amp also our brothers in Talagang for initially inviting me to the country,Negative
Help DuSunnah move to a bigger location Donate now via,Positive
Alhamdulillah delivered a talk at Masjid Abu Bakr AlSiddiq Toronto on the topic of shukr amp connecting to Allah with the heart and mind Video recording is available at this link starts from,Positive
Great motto to have especially during Ramadan to save ourselves from the grave sin of ghiba backbiting,Negative
Say I believe in Allh and remain upright Shaykh Hasan As Somali Whitechapel Tower Hamlets,Positive
NEW BUNDLE ALERT This one is for our sisters starting out in the Arabic language Books ranging from The jilbab of the woman Prophets prayer described Hadeeth Islamic jurisprudence Kitab at tawheed the removal of doubts Advice and verdicts specifically for the,Positive
L Beneficial Answers On Methodology By Abu Khadeejah by Salafi Publications on SoundCloud,Positive
Today we launched the Index of Islamophobia report in We had a full house which made for a lively discussion Thanking Baroness for support amp for foreword,Negative
Duration Every week until finished approx year Time Sundays pm NOTE All previous Aqeedah recordings will be provided So everyone can catch up before the start date Sign up in the link below,Negative
Were getting closer In just a few days the will be transformed into a hub of intellectual exchange for Annual Conference Are you ready to be part of the conversation countdowntoBRAIS,Negative
The Swiss judges said that it wasnt up to the court to judge the sexual practises of Mr Ramadan or his morals or ideology but to simply judge the merits of the case They found that the accusers testimony had contradictions and wasnt corroborated by any material evidence such,Negative
Brilliant I havent laughed so hard in my life I am about to break my Fast InshaAllah I agree with all you say,Negative
What is our new LIVE course The Contemporary Muslimah about To sign up visit Please share with all sisters so they can also take advantage of this unique opportunity muslimah rayyancourses,Negative
min reminder before Iftar Rectifying that which remains of Ramadan Abu Inaaya Seif Saturday th Apr PM Stifford Centre E JG Brothers amp Sisters Welcome,Negative
Woe to those whose hearts are hardened against the remembrance of Allah Quran,Negative
Fasting and praying Salah are two independent acts of worship One who prays but doesnt fast his prayer is technically valid One who fasts but doesnt pray his fasts are technically valid However the Lord of both is One amp asks us to do both May Allah grant all the ability,Negative
For anyone who didnt have a chance to read through the atrocious Prevent review and I summarised a few of the issues which mattered the most in terms Islamophobia racism and the govs management of Muslim civil society,Negative
It was a wonderful weekend for our community in Camden NJ On Friday we witnessed a great outpouring of support for Markaz Imam Muqbil Haddon Ave Camden NJ after the Jumuah prayer Several brothers visited the center purchased books,Positive
Listen to Day Sittings in Ramadan The Description of Jannah By Sh Uways atTaweel Masjid bin Baz Radio,Positive
Abu Hurairah narrated that the Prophet said Whoever invites to guidance will be rewarded like those who follow him in the guidance are rewarded and that will not decrease the reward of those who have followed him Collected by Imm Muslim,Negative
Which daee has a fan base that looks like this,Negative
Keep yourself busy in remembering your faults so that you have no time left to remember the fault of others Sufyan alThawri,Negative
Alhamdulillah visiting Jamiah Dar alUlum Karachi amp Shaykh Mufti Muhammad Taqi Usmani once again Here for around one week In Sha Allah,Negative
Back in the day it was taboo for a daee to speak about dunya and women Now a lot of them have become conartists,Negative
The Islamic Law doctrine of Ma Malakat Aymanukam allows Muslims to legally Rape Kafirs who their right hand possess Ref Koran verses,Negative
Salafi Salafirecording Salaf Muslim Islam Quran Sunnah Salafiyyah,Positive
Lesson Today Weekly Quran Memorisation Circle Every Tuesday at pm Brothers Only Personal Mushaf Required,Negative
Ibn Masud You must seek knowledge for one of you do not know when the people will need your knowledge Short clip by Shaykh,Negative
There are now loads of people who are making duaa for Shaykh Falah and making duaa against the slanderous Daniel Allahs wisdom,Negative
You guys can decide but remember you have to answer Allah on the Day of Judgement Those who speak up can at least say we tried,Negative
Lesson Foundations of The Sunnah by Imaam Ahmed Read by Abu Aaisha Shamsudeen Today at pm Live on Channel All Welcome,Positive
ORDER THEM TODAY AlIbanah AsSughra The Concise Manual of Marriage,Negative
New Track Added Night Raman Short Reminders By Abu Hakeem Bill Davis,Positive
Alhamdu lillh in the UK weve been blessed with Mashyikh who for years have been connecting us to the Scholars translating their works spreading their dawah amp teaching us the status of the Scholars Many were children or had no idea who the Scholars were prior to this,Negative
With the insightful on Palestine and the Arab nations responsibilities,Negative
Fearing Accepting Salafiyyah due to ones Sins amp Lifestyle By Abu Khad via,Positive
Three Fundamental Principles Ust Abu Ukkashah AbdulHakeem Brothers amp Sisters Welcome Stifford Centre E JG Tunein via,Positive
One of the many virtues of Seeking knowledge Join our weekly study circle going through Aqeedah and Fiqh Aqeedah Fiqh,Negative
Alhmdulilaah arrived at to collect for Markz Imam Al Bukhar May Allah reward our brothers for inviting us Join us and help us to establish Markz Imam Al Bukhar this Ramadan Dont lose out on this great opportunity in what is remaining of Ramadan,Positive
False memories amp their impact keep Hadith development in mind,Negative
Masjidus Sunnah is nearing completion there are final touches that require attention With prices increasing for everything including building materials this is the final opportunity to contribute to this wonderful project,Positive
Rectifying that which remains of Ramadan Abu Inaaya Seif Tunein via,Negative
Always Ask Allah Mohamed Somali Islam Allah Muslim Help DuSunnah move to a bigger location Donate now via,Positive
LIVE LESSON This Saturday at pm The Importance of Safeguarding the Tongue With Ustadh Abdul Hakeem Mitchell Live at the masjid all welcome And broadcast on Dudley Street Manchester M DA ALL WELCOME,Positive
On the Death of the Noble Shaykh Salih alLuhaydan may Allah grant him Mercy Via Ustadh,Positive
Dont miss out on this exciting project and great reward Invest in your Hereafter BuildMasjidusSunnahAston Donate generously brothers and sisters Paypal,Positive